ISO-10303-21;
HEADER;
FILE_DESCRIPTION(('FreeCAD Model'),'2;1');
FILE_NAME('Open CASCADE Shape Model','2026-08-29T16:11:18',(''),(''),
  'Open CASCADE STEP processor 7.8','FreeCAD','Unknown');
FILE_SCHEMA(('AUTOMOTIVE_DESIGN { 1 0 10303 214 1 1 1 1 }'));
ENDSEC;
DATA;
#1 = APPLICATION_PROTOCOL_DEFINITION('international standard',
  'automotive_design',2000,#2);
#2 = APPLICATION_CONTEXT(
  'core data for automotive mechanical design processes');
#3 = SHAPE_DEFINITION_REPRESENTATION(#4,#10);
#4 = PRODUCT_DEFINITION_SHAPE('','',#5);
#5 = PRODUCT_DEFINITION('design','',#6,#9);
#6 = PRODUCT_DEFINITION_FORMATION('','',#7);
#7 = PRODUCT('Pocket042','Pocket042','',(#8));
#8 = PRODUCT_CONTEXT('',#2,'mechanical');
#9 = PRODUCT_DEFINITION_CONTEXT('part definition',#2,'design');
#10 = ADVANCED_BREP_SHAPE_REPRESENTATION('',(#11,#15),#9184);
#11 = AXIS2_PLACEMENT_3D('',#12,#13,#14);
#12 = CARTESIAN_POINT('',(0.,0.,0.));
#13 = DIRECTION('',(0.,0.,1.));
#14 = DIRECTION('',(1.,0.,-0.));
#15 = MANIFOLD_SOLID_BREP('',#16);
#16 = CLOSED_SHELL('',(#17,#57,#96,#252,#284,#317,#341,#374,#399,#423,
    #455,#472,#497,#522,#547,#572,#603,#627,#651,#668,#693,#718,#744,
    #2627,#2641,#2658,#2675,#2692,#2709,#2848,#2865,#2882,#2907,#2932,
    #2963,#2987,#3011,#3035,#3059,#3083,#3107,#3131,#3155,#3179,#3203,
    #3227,#3251,#3275,#3299,#3323,#3347,#3371,#3395,#3419,#3443,#3467,
    #3491,#3515,#3539,#3563,#3587,#3611,#3635,#3659,#3683,#3707,#3731,
    #3755,#3779,#3803,#3827,#3851,#3875,#3899,#3923,#3947,#3971,#3995,
    #4019,#4043,#4067,#4091,#4115,#4139,#4163,#4180,#4211,#4235,#4259,
    #4283,#4307,#4331,#4355,#4379,#4403,#4427,#4451,#4475,#4499,#4523,
    #4547,#4571,#4595,#4619,#4643,#4667,#4691,#4715,#4739,#4763,#4787,
    #4811,#4835,#4859,#4883,#4907,#4931,#4955,#4972,#5003,#5027,#5051,
    #5075,#5099,#5123,#5147,#5171,#5195,#5219,#5243,#5267,#5291,#5315,
    #5339,#5363,#5387,#5411,#5435,#5459,#5483,#5507,#5531,#5555,#5579,
    #5603,#5627,#5651,#5675,#5699,#5723,#5747,#5771,#5795,#5819,#5843,
    #5867,#5891,#5915,#5939,#5963,#5987,#6011,#6028,#6045,#6067,#6084,
    #6101,#6118,#6135,#6152,#6169,#6181,#6206,#6237,#6261,#6285,#6309,
    #6333,#6357,#6381,#6405,#6429,#6453,#6477,#6501,#6525,#6549,#6573,
    #6597,#6621,#6645,#6669,#6693,#6717,#6741,#6765,#6789,#6813,#6837,
    #6861,#6885,#6909,#6933,#6957,#6981,#7005,#7029,#7046,#7077,#7101,
    #7125,#7149,#7173,#7197,#7221,#7245,#7269,#7293,#7317,#7341,#7365,
    #7389,#7413,#7437,#7461,#7485,#7509,#7533,#7557,#7581,#7605,#7629,
    #7653,#7677,#7701,#7725,#7749,#7773,#7797,#7821,#7845,#7869,#7893,
    #7917,#7941,#7965,#7989,#8013,#8037,#8061,#8085,#8109,#8133,#8157,
    #8181,#8205,#8229,#8253,#8277,#8301,#8325,#8349,#8373,#8390,#8421,
    #8445,#8469,#8493,#8517,#8541,#8558,#8589,#8613,#8637,#8661,#8685,
    #8709,#8733,#8757,#8781,#8798,#8823,#8840,#8857,#8874,#8891,#8951,
    #8992,#9044,#9087,#9151,#9166));
#17 = ADVANCED_FACE('',(#18),#52,.F.);
#18 = FACE_BOUND('',#19,.F.);
#19 = EDGE_LOOP('',(#20,#30,#38,#46));
#20 = ORIENTED_EDGE('',*,*,#21,.T.);
#21 = EDGE_CURVE('',#22,#24,#26,.T.);
#22 = VERTEX_POINT('',#23);
#23 = CARTESIAN_POINT('',(-61.000179,65.499664,2.));
#24 = VERTEX_POINT('',#25);
#25 = CARTESIAN_POINT('',(-61.000179,65.499664,4.5));
#26 = LINE('',#27,#28);
#27 = CARTESIAN_POINT('',(-61.000179,65.499664,0.));
#28 = VECTOR('',#29,1.);
#29 = DIRECTION('',(0.,0.,1.));
#30 = ORIENTED_EDGE('',*,*,#31,.T.);
#31 = EDGE_CURVE('',#24,#32,#34,.T.);
#32 = VERTEX_POINT('',#33);
#33 = CARTESIAN_POINT('',(-61.000179,-60.50005,4.5));
#34 = LINE('',#35,#36);
#35 = CARTESIAN_POINT('',(-61.000179,65.999664,4.5));
#36 = VECTOR('',#37,1.);
#37 = DIRECTION('',(0.,-1.,0.));
#38 = ORIENTED_EDGE('',*,*,#39,.F.);
#39 = EDGE_CURVE('',#40,#32,#42,.T.);
#40 = VERTEX_POINT('',#41);
#41 = CARTESIAN_POINT('',(-61.000179,-60.50005,2.));
#42 = LINE('',#43,#44);
#43 = CARTESIAN_POINT('',(-61.000179,-60.50005,0.));
#44 = VECTOR('',#45,1.);
#45 = DIRECTION('',(0.,0.,1.));
#46 = ORIENTED_EDGE('',*,*,#47,.F.);
#47 = EDGE_CURVE('',#22,#40,#48,.T.);
#48 = LINE('',#49,#50);
#49 = CARTESIAN_POINT('',(-61.000179,33.887155886946,2.));
#50 = VECTOR('',#51,1.);
#51 = DIRECTION('',(0.,-1.,0.));
#52 = PLANE('',#53);
#53 = AXIS2_PLACEMENT_3D('',#54,#55,#56);
#54 = CARTESIAN_POINT('',(-61.000179,65.999664,0.));
#55 = DIRECTION('',(1.,0.,0.));
#56 = DIRECTION('',(0.,-1.,0.));
#57 = ADVANCED_FACE('',(#58),#91,.T.);
#58 = FACE_BOUND('',#59,.T.);
#59 = EDGE_LOOP('',(#60,#61,#69,#77,#85));
#60 = ORIENTED_EDGE('',*,*,#21,.T.);
#61 = ORIENTED_EDGE('',*,*,#62,.T.);
#62 = EDGE_CURVE('',#24,#63,#65,.T.);
#63 = VERTEX_POINT('',#64);
#64 = CARTESIAN_POINT('',(-60.750179,65.749664,4.75));
#65 = LINE('',#66,#67);
#66 = CARTESIAN_POINT('',(-61.500179,64.999664,4.));
#67 = VECTOR('',#68,1.);
#68 = DIRECTION('',(0.57735026919,0.57735026919,0.57735026919));
#69 = ORIENTED_EDGE('',*,*,#70,.T.);
#70 = EDGE_CURVE('',#63,#71,#73,.T.);
#71 = VERTEX_POINT('',#72);
#72 = CARTESIAN_POINT('',(-60.500179,65.999664,4.5));
#73 = LINE('',#74,#75);
#74 = CARTESIAN_POINT('',(-39.666887,86.832956,-16.333292));
#75 = VECTOR('',#76,1.);
#76 = DIRECTION('',(0.57735026919,0.57735026919,-0.57735026919));
#77 = ORIENTED_EDGE('',*,*,#78,.F.);
#78 = EDGE_CURVE('',#79,#71,#81,.T.);
#79 = VERTEX_POINT('',#80);
#80 = CARTESIAN_POINT('',(-60.500179,65.999664,2.));
#81 = LINE('',#82,#83);
#82 = CARTESIAN_POINT('',(-60.500179,65.999664,0.));
#83 = VECTOR('',#84,1.);
#84 = DIRECTION('',(0.,0.,1.));
#85 = ORIENTED_EDGE('',*,*,#86,.F.);
#86 = EDGE_CURVE('',#22,#79,#87,.T.);
#87 = LINE('',#88,#89);
#88 = CARTESIAN_POINT('',(-61.52608145969,64.973761540308,2.));
#89 = VECTOR('',#90,1.);
#90 = DIRECTION('',(0.707106781187,0.707106781187,0.));
#91 = PLANE('',#92);
#92 = AXIS2_PLACEMENT_3D('',#93,#94,#95);
#93 = CARTESIAN_POINT('',(-60.750179,65.749664,0.));
#94 = DIRECTION('',(-0.707106781187,0.707106781187,0.));
#95 = DIRECTION('',(0.,0.,1.));
#96 = ADVANCED_FACE('',(#97,#147,#158,#169,#180,#191,#225,#236),#247,.F.
  );
#97 = FACE_BOUND('',#98,.F.);
#98 = EDGE_LOOP('',(#99,#100,#101,#109,#117,#125,#133,#141));
#99 = ORIENTED_EDGE('',*,*,#86,.F.);
#100 = ORIENTED_EDGE('',*,*,#47,.T.);
#101 = ORIENTED_EDGE('',*,*,#102,.T.);
#102 = EDGE_CURVE('',#40,#103,#105,.T.);
#103 = VERTEX_POINT('',#104);
#104 = CARTESIAN_POINT('',(-60.500179,-61.00005,2.));
#105 = LINE('',#106,#107);
#106 = CARTESIAN_POINT('',(-61.16350184663,-60.33672715336,2.));
#107 = VECTOR('',#108,1.);
#108 = DIRECTION('',(0.707106781187,-0.707106781187,0.));
#109 = ORIENTED_EDGE('',*,*,#110,.T.);
#110 = EDGE_CURVE('',#103,#111,#113,.T.);
#111 = VERTEX_POINT('',#112);
#112 = CARTESIAN_POINT('',(60.499573,-61.00005,2.));
#113 = LINE('',#114,#115);
#114 = CARTESIAN_POINT('',(-30.43947580632,-61.00005,2.));
#115 = VECTOR('',#116,1.);
#116 = DIRECTION('',(1.,0.,0.));
#117 = ORIENTED_EDGE('',*,*,#118,.T.);
#118 = EDGE_CURVE('',#111,#119,#121,.T.);
#119 = VERTEX_POINT('',#120);
#120 = CARTESIAN_POINT('',(60.999573,-60.50005,2.));
#121 = LINE('',#122,#123);
#122 = CARTESIAN_POINT('',(61.223661040308,-60.27596195969,2.));
#123 = VECTOR('',#124,1.);
#124 = DIRECTION('',(0.707106781187,0.707106781187,0.));
#125 = ORIENTED_EDGE('',*,*,#126,.T.);
#126 = EDGE_CURVE('',#119,#127,#129,.T.);
#127 = VERTEX_POINT('',#128);
#128 = CARTESIAN_POINT('',(60.999573,65.499664,2.));
#129 = LINE('',#130,#131);
#130 = CARTESIAN_POINT('',(60.999573,-29.61270111305,2.));
#131 = VECTOR('',#132,1.);
#132 = DIRECTION('',(0.,1.,0.));
#133 = ORIENTED_EDGE('',*,*,#134,.F.);
#134 = EDGE_CURVE('',#135,#127,#137,.T.);
#135 = VERTEX_POINT('',#136);
#136 = CARTESIAN_POINT('',(60.499573,65.999664,2.));
#137 = LINE('',#138,#139);
#138 = CARTESIAN_POINT('',(61.586240653362,64.912996346638,2.));
#139 = VECTOR('',#140,1.);
#140 = DIRECTION('',(0.707106781187,-0.707106781187,0.));
#141 = ORIENTED_EDGE('',*,*,#142,.T.);
#142 = EDGE_CURVE('',#135,#79,#143,.T.);
#143 = LINE('',#144,#145);
#144 = CARTESIAN_POINT('',(30.560400193671,65.999664,2.));
#145 = VECTOR('',#146,1.);
#146 = DIRECTION('',(-1.,0.,0.));
#147 = FACE_BOUND('',#148,.F.);
#148 = EDGE_LOOP('',(#149));
#149 = ORIENTED_EDGE('',*,*,#150,.T.);
#150 = EDGE_CURVE('',#151,#151,#153,.T.);
#151 = VERTEX_POINT('',#152);
#152 = CARTESIAN_POINT('',(-27.750004,-55.999973,2.));
#153 = CIRCLE('',#154,2.25);
#154 = AXIS2_PLACEMENT_3D('',#155,#156,#157);
#155 = CARTESIAN_POINT('',(-30.000004,-55.999973,2.));
#156 = DIRECTION('',(0.,0.,-1.));
#157 = DIRECTION('',(1.,0.,0.));
#158 = FACE_BOUND('',#159,.F.);
#159 = EDGE_LOOP('',(#160));
#160 = ORIENTED_EDGE('',*,*,#161,.T.);
#161 = EDGE_CURVE('',#162,#162,#164,.T.);
#162 = VERTEX_POINT('',#163);
#163 = CARTESIAN_POINT('',(2.25,-56.000069,2.));
#164 = CIRCLE('',#165,2.25);
#165 = AXIS2_PLACEMENT_3D('',#166,#167,#168);
#166 = CARTESIAN_POINT('',(0.,-56.000069,2.));
#167 = DIRECTION('',(0.,0.,-1.));
#168 = DIRECTION('',(1.,0.,0.));
#169 = FACE_BOUND('',#170,.F.);
#170 = EDGE_LOOP('',(#171));
#171 = ORIENTED_EDGE('',*,*,#172,.T.);
#172 = EDGE_CURVE('',#173,#173,#175,.T.);
#173 = VERTEX_POINT('',#174);
#174 = CARTESIAN_POINT('',(32.249954,-56.000145,2.));
#175 = CIRCLE('',#176,2.25);
#176 = AXIS2_PLACEMENT_3D('',#177,#178,#179);
#177 = CARTESIAN_POINT('',(29.999954,-56.000145,2.));
#178 = DIRECTION('',(0.,0.,-1.));
#179 = DIRECTION('',(1.,0.,0.));
#180 = FACE_BOUND('',#181,.F.);
#181 = EDGE_LOOP('',(#182));
#182 = ORIENTED_EDGE('',*,*,#183,.T.);
#183 = EDGE_CURVE('',#184,#184,#186,.T.);
#184 = VERTEX_POINT('',#185);
#185 = CARTESIAN_POINT('',(-27.749344,61.000214,2.));
#186 = CIRCLE('',#187,2.25);
#187 = AXIS2_PLACEMENT_3D('',#188,#189,#190);
#188 = CARTESIAN_POINT('',(-29.999344,61.000214,2.));
#189 = DIRECTION('',(0.,0.,-1.));
#190 = DIRECTION('',(1.,0.,0.));
#191 = FACE_BOUND('',#192,.F.);
#192 = EDGE_LOOP('',(#193,#203,#211,#219));
#193 = ORIENTED_EDGE('',*,*,#194,.T.);
#194 = EDGE_CURVE('',#195,#197,#199,.T.);
#195 = VERTEX_POINT('',#196);
#196 = CARTESIAN_POINT('',(-55.900215,-50.899746,2.));
#197 = VERTEX_POINT('',#198);
#198 = CARTESIAN_POINT('',(-55.900215,55.900009,2.));
#199 = LINE('',#200,#201);
#200 = CARTESIAN_POINT('',(-55.900215,-50.899746,2.));
#201 = VECTOR('',#202,1.);
#202 = DIRECTION('',(0.,1.,0.));
#203 = ORIENTED_EDGE('',*,*,#204,.T.);
#204 = EDGE_CURVE('',#197,#205,#207,.T.);
#205 = VERTEX_POINT('',#206);
#206 = CARTESIAN_POINT('',(55.90012,55.900009,2.));
#207 = LINE('',#208,#209);
#208 = CARTESIAN_POINT('',(-55.900215,55.900009,2.));
#209 = VECTOR('',#210,1.);
#210 = DIRECTION('',(1.,0.,0.));
#211 = ORIENTED_EDGE('',*,*,#212,.T.);
#212 = EDGE_CURVE('',#205,#213,#215,.T.);
#213 = VERTEX_POINT('',#214);
#214 = CARTESIAN_POINT('',(55.90012,-50.899746,2.));
#215 = LINE('',#216,#217);
#216 = CARTESIAN_POINT('',(55.90012,55.900009,2.));
#217 = VECTOR('',#218,1.);
#218 = DIRECTION('',(0.,-1.,0.));
#219 = ORIENTED_EDGE('',*,*,#220,.T.);
#220 = EDGE_CURVE('',#213,#195,#221,.T.);
#221 = LINE('',#222,#223);
#222 = CARTESIAN_POINT('',(55.90012,-50.899746,2.));
#223 = VECTOR('',#224,1.);
#224 = DIRECTION('',(-1.,0.,0.));
#225 = FACE_BOUND('',#226,.F.);
#226 = EDGE_LOOP('',(#227));
#227 = ORIENTED_EDGE('',*,*,#228,.T.);
#228 = EDGE_CURVE('',#229,#229,#231,.T.);
#229 = VERTEX_POINT('',#230);
#230 = CARTESIAN_POINT('',(2.25,60.999756,2.));
#231 = CIRCLE('',#232,2.25);
#232 = AXIS2_PLACEMENT_3D('',#233,#234,#235);
#233 = CARTESIAN_POINT('',(0.,60.999756,2.));
#234 = DIRECTION('',(0.,0.,-1.));
#235 = DIRECTION('',(1.,0.,0.));
#236 = FACE_BOUND('',#237,.F.);
#237 = EDGE_LOOP('',(#238));
#238 = ORIENTED_EDGE('',*,*,#239,.T.);
#239 = EDGE_CURVE('',#240,#240,#242,.T.);
#240 = VERTEX_POINT('',#241);
#241 = CARTESIAN_POINT('',(32.24992,60.999481,2.));
#242 = CIRCLE('',#243,2.25);
#243 = AXIS2_PLACEMENT_3D('',#244,#245,#246);
#244 = CARTESIAN_POINT('',(29.99992,60.999481,2.));
#245 = DIRECTION('',(0.,0.,-1.));
#246 = DIRECTION('',(1.,0.,0.));
#247 = PLANE('',#248);
#248 = AXIS2_PLACEMENT_3D('',#249,#250,#251);
#249 = CARTESIAN_POINT('',(0.121227387341,1.774647773892,2.));
#250 = DIRECTION('',(0.,0.,1.));
#251 = DIRECTION('',(1.,0.,0.));
#252 = ADVANCED_FACE('',(#253),#279,.T.);
#253 = FACE_BOUND('',#254,.F.);
#254 = EDGE_LOOP('',(#255,#256,#264,#272,#278));
#255 = ORIENTED_EDGE('',*,*,#39,.T.);
#256 = ORIENTED_EDGE('',*,*,#257,.T.);
#257 = EDGE_CURVE('',#32,#258,#260,.T.);
#258 = VERTEX_POINT('',#259);
#259 = CARTESIAN_POINT('',(-60.750179,-60.75005,4.75));
#260 = LINE('',#261,#262);
#261 = CARTESIAN_POINT('',(-82.666798,-38.833431,-17.166619));
#262 = VECTOR('',#263,1.);
#263 = DIRECTION('',(0.57735026919,-0.57735026919,0.57735026919));
#264 = ORIENTED_EDGE('',*,*,#265,.T.);
#265 = EDGE_CURVE('',#258,#266,#268,.T.);
#266 = VERTEX_POINT('',#267);
#267 = CARTESIAN_POINT('',(-60.500179,-61.00005,4.5));
#268 = LINE('',#269,#270);
#269 = CARTESIAN_POINT('',(-60.000179,-61.50005,4.));
#270 = VECTOR('',#271,1.);
#271 = DIRECTION('',(0.57735026919,-0.57735026919,-0.57735026919));
#272 = ORIENTED_EDGE('',*,*,#273,.F.);
#273 = EDGE_CURVE('',#103,#266,#274,.T.);
#274 = LINE('',#275,#276);
#275 = CARTESIAN_POINT('',(-60.500179,-61.00005,0.));
#276 = VECTOR('',#277,1.);
#277 = DIRECTION('',(0.,0.,1.));
#278 = ORIENTED_EDGE('',*,*,#102,.F.);
#279 = PLANE('',#280);
#280 = AXIS2_PLACEMENT_3D('',#281,#282,#283);
#281 = CARTESIAN_POINT('',(-60.750179,-60.75005,0.));
#282 = DIRECTION('',(-0.707106781187,-0.707106781187,0.));
#283 = DIRECTION('',(-0.,-0.,-1.));
#284 = ADVANCED_FACE('',(#285),#312,.F.);
#285 = FACE_BOUND('',#286,.T.);
#286 = EDGE_LOOP('',(#287,#295,#296,#297,#298,#306));
#287 = ORIENTED_EDGE('',*,*,#288,.F.);
#288 = EDGE_CURVE('',#63,#289,#291,.T.);
#289 = VERTEX_POINT('',#290);
#290 = CARTESIAN_POINT('',(-60.500179,65.499664,5.));
#291 = LINE('',#292,#293);
#292 = CARTESIAN_POINT('',(-40.50022033333,45.499705333333,
    24.999958666667));
#293 = VECTOR('',#294,1.);
#294 = DIRECTION('',(0.57735026919,-0.57735026919,0.57735026919));
#295 = ORIENTED_EDGE('',*,*,#62,.F.);
#296 = ORIENTED_EDGE('',*,*,#31,.T.);
#297 = ORIENTED_EDGE('',*,*,#257,.T.);
#298 = ORIENTED_EDGE('',*,*,#299,.T.);
#299 = EDGE_CURVE('',#258,#300,#302,.T.);
#300 = VERTEX_POINT('',#301);
#301 = CARTESIAN_POINT('',(-60.500179,-60.50005,5.));
#302 = LINE('',#303,#304);
#303 = CARTESIAN_POINT('',(-39.66689333333,-39.66676433333,
    25.833285666667));
#304 = VECTOR('',#305,1.);
#305 = DIRECTION('',(0.57735026919,0.57735026919,0.57735026919));
#306 = ORIENTED_EDGE('',*,*,#307,.F.);
#307 = EDGE_CURVE('',#289,#300,#308,.T.);
#308 = LINE('',#309,#310);
#309 = CARTESIAN_POINT('',(-60.500179,65.999664,5.));
#310 = VECTOR('',#311,1.);
#311 = DIRECTION('',(0.,-1.,0.));
#312 = PLANE('',#313);
#313 = AXIS2_PLACEMENT_3D('',#314,#315,#316);
#314 = CARTESIAN_POINT('',(-60.750179,65.999664,4.75));
#315 = DIRECTION('',(0.707106781187,0.,-0.707106781187));
#316 = DIRECTION('',(0.,1.,0.));
#317 = ADVANCED_FACE('',(#318),#336,.F.);
#318 = FACE_BOUND('',#319,.F.);
#319 = EDGE_LOOP('',(#320,#328,#334,#335));
#320 = ORIENTED_EDGE('',*,*,#321,.T.);
#321 = EDGE_CURVE('',#135,#322,#324,.T.);
#322 = VERTEX_POINT('',#323);
#323 = CARTESIAN_POINT('',(60.499573,65.999664,4.5));
#324 = LINE('',#325,#326);
#325 = CARTESIAN_POINT('',(60.499573,65.999664,0.));
#326 = VECTOR('',#327,1.);
#327 = DIRECTION('',(0.,0.,1.));
#328 = ORIENTED_EDGE('',*,*,#329,.T.);
#329 = EDGE_CURVE('',#322,#71,#330,.T.);
#330 = LINE('',#331,#332);
#331 = CARTESIAN_POINT('',(60.999573,65.999664,4.5));
#332 = VECTOR('',#333,1.);
#333 = DIRECTION('',(-1.,0.,0.));
#334 = ORIENTED_EDGE('',*,*,#78,.F.);
#335 = ORIENTED_EDGE('',*,*,#142,.F.);
#336 = PLANE('',#337);
#337 = AXIS2_PLACEMENT_3D('',#338,#339,#340);
#338 = CARTESIAN_POINT('',(60.999573,65.999664,0.));
#339 = DIRECTION('',(0.,-1.,0.));
#340 = DIRECTION('',(-1.,0.,0.));
#341 = ADVANCED_FACE('',(#342),#369,.F.);
#342 = FACE_BOUND('',#343,.T.);
#343 = EDGE_LOOP('',(#344,#354,#360,#361,#362,#363));
#344 = ORIENTED_EDGE('',*,*,#345,.T.);
#345 = EDGE_CURVE('',#346,#348,#350,.T.);
#346 = VERTEX_POINT('',#347);
#347 = CARTESIAN_POINT('',(60.499573,65.499664,5.));
#348 = VERTEX_POINT('',#349);
#349 = CARTESIAN_POINT('',(60.749573,65.749664,4.75));
#350 = LINE('',#351,#352);
#351 = CARTESIAN_POINT('',(39.666287333333,44.666378333333,
    25.833285666667));
#352 = VECTOR('',#353,1.);
#353 = DIRECTION('',(0.57735026919,0.57735026919,-0.57735026919));
#354 = ORIENTED_EDGE('',*,*,#355,.F.);
#355 = EDGE_CURVE('',#322,#348,#356,.T.);
#356 = LINE('',#357,#358);
#357 = CARTESIAN_POINT('',(59.999573,66.499664,4.));
#358 = VECTOR('',#359,1.);
#359 = DIRECTION('',(0.57735026919,-0.57735026919,0.57735026919));
#360 = ORIENTED_EDGE('',*,*,#329,.T.);
#361 = ORIENTED_EDGE('',*,*,#70,.F.);
#362 = ORIENTED_EDGE('',*,*,#288,.T.);
#363 = ORIENTED_EDGE('',*,*,#364,.F.);
#364 = EDGE_CURVE('',#346,#289,#365,.T.);
#365 = LINE('',#366,#367);
#366 = CARTESIAN_POINT('',(60.999573,65.499664,5.));
#367 = VECTOR('',#368,1.);
#368 = DIRECTION('',(-1.,0.,0.));
#369 = PLANE('',#370);
#370 = AXIS2_PLACEMENT_3D('',#371,#372,#373);
#371 = CARTESIAN_POINT('',(60.999573,65.749664,4.75));
#372 = DIRECTION('',(0.,-0.707106781187,-0.707106781187));
#373 = DIRECTION('',(1.,0.,0.));
#374 = ADVANCED_FACE('',(#375),#394,.T.);
#375 = FACE_BOUND('',#376,.T.);
#376 = EDGE_LOOP('',(#377,#378,#379,#387,#393));
#377 = ORIENTED_EDGE('',*,*,#321,.T.);
#378 = ORIENTED_EDGE('',*,*,#355,.T.);
#379 = ORIENTED_EDGE('',*,*,#380,.T.);
#380 = EDGE_CURVE('',#348,#381,#383,.T.);
#381 = VERTEX_POINT('',#382);
#382 = CARTESIAN_POINT('',(60.999573,65.499664,4.5));
#383 = LINE('',#384,#385);
#384 = CARTESIAN_POINT('',(82.666192,43.833045,-17.166619));
#385 = VECTOR('',#386,1.);
#386 = DIRECTION('',(0.57735026919,-0.57735026919,-0.57735026919));
#387 = ORIENTED_EDGE('',*,*,#388,.F.);
#388 = EDGE_CURVE('',#127,#381,#389,.T.);
#389 = LINE('',#390,#391);
#390 = CARTESIAN_POINT('',(60.999573,65.499664,0.));
#391 = VECTOR('',#392,1.);
#392 = DIRECTION('',(0.,0.,1.));
#393 = ORIENTED_EDGE('',*,*,#134,.F.);
#394 = PLANE('',#395);
#395 = AXIS2_PLACEMENT_3D('',#396,#397,#398);
#396 = CARTESIAN_POINT('',(60.749573,65.749664,0.));
#397 = DIRECTION('',(0.707106781187,0.707106781187,0.));
#398 = DIRECTION('',(0.,0.,1.));
#399 = ADVANCED_FACE('',(#400),#418,.F.);
#400 = FACE_BOUND('',#401,.F.);
#401 = EDGE_LOOP('',(#402,#410,#416,#417));
#402 = ORIENTED_EDGE('',*,*,#403,.T.);
#403 = EDGE_CURVE('',#119,#404,#406,.T.);
#404 = VERTEX_POINT('',#405);
#405 = CARTESIAN_POINT('',(60.999573,-60.50005,4.5));
#406 = LINE('',#407,#408);
#407 = CARTESIAN_POINT('',(60.999573,-60.50005,0.));
#408 = VECTOR('',#409,1.);
#409 = DIRECTION('',(0.,0.,1.));
#410 = ORIENTED_EDGE('',*,*,#411,.T.);
#411 = EDGE_CURVE('',#404,#381,#412,.T.);
#412 = LINE('',#413,#414);
#413 = CARTESIAN_POINT('',(60.999573,-61.00005,4.5));
#414 = VECTOR('',#415,1.);
#415 = DIRECTION('',(0.,1.,0.));
#416 = ORIENTED_EDGE('',*,*,#388,.F.);
#417 = ORIENTED_EDGE('',*,*,#126,.F.);
#418 = PLANE('',#419);
#419 = AXIS2_PLACEMENT_3D('',#420,#421,#422);
#420 = CARTESIAN_POINT('',(60.999573,-61.00005,0.));
#421 = DIRECTION('',(-1.,0.,0.));
#422 = DIRECTION('',(0.,1.,0.));
#423 = ADVANCED_FACE('',(#424),#450,.T.);
#424 = FACE_BOUND('',#425,.F.);
#425 = EDGE_LOOP('',(#426,#434,#442,#448,#449));
#426 = ORIENTED_EDGE('',*,*,#427,.T.);
#427 = EDGE_CURVE('',#111,#428,#430,.T.);
#428 = VERTEX_POINT('',#429);
#429 = CARTESIAN_POINT('',(60.499573,-61.00005,4.5));
#430 = LINE('',#431,#432);
#431 = CARTESIAN_POINT('',(60.499573,-61.00005,0.));
#432 = VECTOR('',#433,1.);
#433 = DIRECTION('',(0.,0.,1.));
#434 = ORIENTED_EDGE('',*,*,#435,.T.);
#435 = EDGE_CURVE('',#428,#436,#438,.T.);
#436 = VERTEX_POINT('',#437);
#437 = CARTESIAN_POINT('',(60.749573,-60.75005,4.75));
#438 = LINE('',#439,#440);
#439 = CARTESIAN_POINT('',(39.666281,-81.833342,-16.333292));
#440 = VECTOR('',#441,1.);
#441 = DIRECTION('',(0.57735026919,0.57735026919,0.57735026919));
#442 = ORIENTED_EDGE('',*,*,#443,.T.);
#443 = EDGE_CURVE('',#436,#404,#444,.T.);
#444 = LINE('',#445,#446);
#445 = CARTESIAN_POINT('',(61.499573,-60.00005,4.));
#446 = VECTOR('',#447,1.);
#447 = DIRECTION('',(0.57735026919,0.57735026919,-0.57735026919));
#448 = ORIENTED_EDGE('',*,*,#403,.F.);
#449 = ORIENTED_EDGE('',*,*,#118,.F.);
#450 = PLANE('',#451);
#451 = AXIS2_PLACEMENT_3D('',#452,#453,#454);
#452 = CARTESIAN_POINT('',(60.749573,-60.75005,0.));
#453 = DIRECTION('',(0.707106781187,-0.707106781187,0.));
#454 = DIRECTION('',(-0.,-0.,-1.));
#455 = ADVANCED_FACE('',(#456),#467,.F.);
#456 = FACE_BOUND('',#457,.F.);
#457 = EDGE_LOOP('',(#458,#459,#465,#466));
#458 = ORIENTED_EDGE('',*,*,#273,.T.);
#459 = ORIENTED_EDGE('',*,*,#460,.T.);
#460 = EDGE_CURVE('',#266,#428,#461,.T.);
#461 = LINE('',#462,#463);
#462 = CARTESIAN_POINT('',(-61.000179,-61.00005,4.5));
#463 = VECTOR('',#464,1.);
#464 = DIRECTION('',(1.,0.,0.));
#465 = ORIENTED_EDGE('',*,*,#427,.F.);
#466 = ORIENTED_EDGE('',*,*,#110,.F.);
#467 = PLANE('',#468);
#468 = AXIS2_PLACEMENT_3D('',#469,#470,#471);
#469 = CARTESIAN_POINT('',(-61.000179,-61.00005,0.));
#470 = DIRECTION('',(0.,1.,0.));
#471 = DIRECTION('',(1.,0.,0.));
#472 = ADVANCED_FACE('',(#473),#492,.F.);
#473 = FACE_BOUND('',#474,.T.);
#474 = EDGE_LOOP('',(#475,#484,#490,#491));
#475 = ORIENTED_EDGE('',*,*,#476,.T.);
#476 = EDGE_CURVE('',#477,#477,#479,.T.);
#477 = VERTEX_POINT('',#478);
#478 = CARTESIAN_POINT('',(-27.750004,-55.999973,3.25));
#479 = CIRCLE('',#480,2.25);
#480 = AXIS2_PLACEMENT_3D('',#481,#482,#483);
#481 = CARTESIAN_POINT('',(-30.000004,-55.999973,3.25));
#482 = DIRECTION('',(0.,0.,1.));
#483 = DIRECTION('',(1.,0.,0.));
#484 = ORIENTED_EDGE('',*,*,#485,.T.);
#485 = EDGE_CURVE('',#477,#151,#486,.T.);
#486 = LINE('',#487,#488);
#487 = CARTESIAN_POINT('',(-27.750004,-55.999973,3.25));
#488 = VECTOR('',#489,1.);
#489 = DIRECTION('',(-6.E-17,0.,-1.));
#490 = ORIENTED_EDGE('',*,*,#150,.T.);
#491 = ORIENTED_EDGE('',*,*,#485,.F.);
#492 = CYLINDRICAL_SURFACE('',#493,2.25);
#493 = AXIS2_PLACEMENT_3D('',#494,#495,#496);
#494 = CARTESIAN_POINT('',(-30.000004,-55.999973,3.25));
#495 = DIRECTION('',(-0.,-0.,-1.));
#496 = DIRECTION('',(1.,0.,0.));
#497 = ADVANCED_FACE('',(#498),#517,.F.);
#498 = FACE_BOUND('',#499,.T.);
#499 = EDGE_LOOP('',(#500,#509,#515,#516));
#500 = ORIENTED_EDGE('',*,*,#501,.T.);
#501 = EDGE_CURVE('',#502,#502,#504,.T.);
#502 = VERTEX_POINT('',#503);
#503 = CARTESIAN_POINT('',(2.25,-56.000069,3.25));
#504 = CIRCLE('',#505,2.25);
#505 = AXIS2_PLACEMENT_3D('',#506,#507,#508);
#506 = CARTESIAN_POINT('',(0.,-56.000069,3.25));
#507 = DIRECTION('',(0.,0.,1.));
#508 = DIRECTION('',(1.,0.,0.));
#509 = ORIENTED_EDGE('',*,*,#510,.T.);
#510 = EDGE_CURVE('',#502,#162,#511,.T.);
#511 = LINE('',#512,#513);
#512 = CARTESIAN_POINT('',(2.25,-56.000069,3.25));
#513 = VECTOR('',#514,1.);
#514 = DIRECTION('',(-6.E-17,0.,-1.));
#515 = ORIENTED_EDGE('',*,*,#161,.T.);
#516 = ORIENTED_EDGE('',*,*,#510,.F.);
#517 = CYLINDRICAL_SURFACE('',#518,2.25);
#518 = AXIS2_PLACEMENT_3D('',#519,#520,#521);
#519 = CARTESIAN_POINT('',(0.,-56.000069,3.25));
#520 = DIRECTION('',(-0.,-0.,-1.));
#521 = DIRECTION('',(1.,0.,0.));
#522 = ADVANCED_FACE('',(#523),#542,.F.);
#523 = FACE_BOUND('',#524,.T.);
#524 = EDGE_LOOP('',(#525,#534,#540,#541));
#525 = ORIENTED_EDGE('',*,*,#526,.T.);
#526 = EDGE_CURVE('',#527,#527,#529,.T.);
#527 = VERTEX_POINT('',#528);
#528 = CARTESIAN_POINT('',(32.249954,-56.000145,3.25));
#529 = CIRCLE('',#530,2.25);
#530 = AXIS2_PLACEMENT_3D('',#531,#532,#533);
#531 = CARTESIAN_POINT('',(29.999954,-56.000145,3.25));
#532 = DIRECTION('',(0.,0.,1.));
#533 = DIRECTION('',(1.,0.,0.));
#534 = ORIENTED_EDGE('',*,*,#535,.T.);
#535 = EDGE_CURVE('',#527,#173,#536,.T.);
#536 = LINE('',#537,#538);
#537 = CARTESIAN_POINT('',(32.249954,-56.000145,3.25));
#538 = VECTOR('',#539,1.);
#539 = DIRECTION('',(-6.E-17,0.,-1.));
#540 = ORIENTED_EDGE('',*,*,#172,.T.);
#541 = ORIENTED_EDGE('',*,*,#535,.F.);
#542 = CYLINDRICAL_SURFACE('',#543,2.25);
#543 = AXIS2_PLACEMENT_3D('',#544,#545,#546);
#544 = CARTESIAN_POINT('',(29.999954,-56.000145,3.25));
#545 = DIRECTION('',(-0.,-0.,-1.));
#546 = DIRECTION('',(1.,0.,0.));
#547 = ADVANCED_FACE('',(#548),#567,.F.);
#548 = FACE_BOUND('',#549,.T.);
#549 = EDGE_LOOP('',(#550,#559,#565,#566));
#550 = ORIENTED_EDGE('',*,*,#551,.T.);
#551 = EDGE_CURVE('',#552,#552,#554,.T.);
#552 = VERTEX_POINT('',#553);
#553 = CARTESIAN_POINT('',(-27.749344,61.000214,3.25));
#554 = CIRCLE('',#555,2.25);
#555 = AXIS2_PLACEMENT_3D('',#556,#557,#558);
#556 = CARTESIAN_POINT('',(-29.999344,61.000214,3.25));
#557 = DIRECTION('',(0.,0.,1.));
#558 = DIRECTION('',(1.,0.,0.));
#559 = ORIENTED_EDGE('',*,*,#560,.T.);
#560 = EDGE_CURVE('',#552,#184,#561,.T.);
#561 = LINE('',#562,#563);
#562 = CARTESIAN_POINT('',(-27.749344,61.000214,3.25));
#563 = VECTOR('',#564,1.);
#564 = DIRECTION('',(-6.E-17,0.,-1.));
#565 = ORIENTED_EDGE('',*,*,#183,.T.);
#566 = ORIENTED_EDGE('',*,*,#560,.F.);
#567 = CYLINDRICAL_SURFACE('',#568,2.25);
#568 = AXIS2_PLACEMENT_3D('',#569,#570,#571);
#569 = CARTESIAN_POINT('',(-29.999344,61.000214,3.25));
#570 = DIRECTION('',(-0.,-0.,-1.));
#571 = DIRECTION('',(1.,0.,0.));
#572 = ADVANCED_FACE('',(#573),#598,.T.);
#573 = FACE_BOUND('',#574,.T.);
#574 = EDGE_LOOP('',(#575,#583,#584,#592));
#575 = ORIENTED_EDGE('',*,*,#576,.T.);
#576 = EDGE_CURVE('',#577,#195,#579,.T.);
#577 = VERTEX_POINT('',#578);
#578 = CARTESIAN_POINT('',(-55.900215,-50.899746,0.));
#579 = LINE('',#580,#581);
#580 = CARTESIAN_POINT('',(-55.900215,-50.899746,0.));
#581 = VECTOR('',#582,1.);
#582 = DIRECTION('',(0.,0.,1.));
#583 = ORIENTED_EDGE('',*,*,#194,.T.);
#584 = ORIENTED_EDGE('',*,*,#585,.F.);
#585 = EDGE_CURVE('',#586,#197,#588,.T.);
#586 = VERTEX_POINT('',#587);
#587 = CARTESIAN_POINT('',(-55.900215,55.900009,0.));
#588 = LINE('',#589,#590);
#589 = CARTESIAN_POINT('',(-55.900215,55.900009,0.));
#590 = VECTOR('',#591,1.);
#591 = DIRECTION('',(0.,0.,1.));
#592 = ORIENTED_EDGE('',*,*,#593,.F.);
#593 = EDGE_CURVE('',#577,#586,#594,.T.);
#594 = LINE('',#595,#596);
#595 = CARTESIAN_POINT('',(-55.900215,-50.899746,0.));
#596 = VECTOR('',#597,1.);
#597 = DIRECTION('',(0.,1.,0.));
#598 = PLANE('',#599);
#599 = AXIS2_PLACEMENT_3D('',#600,#601,#602);
#600 = CARTESIAN_POINT('',(-55.900215,-50.899746,0.));
#601 = DIRECTION('',(-1.,0.,0.));
#602 = DIRECTION('',(0.,1.,0.));
#603 = ADVANCED_FACE('',(#604),#622,.T.);
#604 = FACE_BOUND('',#605,.T.);
#605 = EDGE_LOOP('',(#606,#614,#615,#616));
#606 = ORIENTED_EDGE('',*,*,#607,.T.);
#607 = EDGE_CURVE('',#608,#213,#610,.T.);
#608 = VERTEX_POINT('',#609);
#609 = CARTESIAN_POINT('',(55.90012,-50.899746,0.));
#610 = LINE('',#611,#612);
#611 = CARTESIAN_POINT('',(55.90012,-50.899746,0.));
#612 = VECTOR('',#613,1.);
#613 = DIRECTION('',(0.,0.,1.));
#614 = ORIENTED_EDGE('',*,*,#220,.T.);
#615 = ORIENTED_EDGE('',*,*,#576,.F.);
#616 = ORIENTED_EDGE('',*,*,#617,.F.);
#617 = EDGE_CURVE('',#608,#577,#618,.T.);
#618 = LINE('',#619,#620);
#619 = CARTESIAN_POINT('',(55.90012,-50.899746,0.));
#620 = VECTOR('',#621,1.);
#621 = DIRECTION('',(-1.,0.,0.));
#622 = PLANE('',#623);
#623 = AXIS2_PLACEMENT_3D('',#624,#625,#626);
#624 = CARTESIAN_POINT('',(55.90012,-50.899746,0.));
#625 = DIRECTION('',(0.,-1.,0.));
#626 = DIRECTION('',(-1.,0.,0.));
#627 = ADVANCED_FACE('',(#628),#646,.T.);
#628 = FACE_BOUND('',#629,.T.);
#629 = EDGE_LOOP('',(#630,#631,#632,#640));
#630 = ORIENTED_EDGE('',*,*,#585,.T.);
#631 = ORIENTED_EDGE('',*,*,#204,.T.);
#632 = ORIENTED_EDGE('',*,*,#633,.F.);
#633 = EDGE_CURVE('',#634,#205,#636,.T.);
#634 = VERTEX_POINT('',#635);
#635 = CARTESIAN_POINT('',(55.90012,55.900009,0.));
#636 = LINE('',#637,#638);
#637 = CARTESIAN_POINT('',(55.90012,55.900009,0.));
#638 = VECTOR('',#639,1.);
#639 = DIRECTION('',(0.,0.,1.));
#640 = ORIENTED_EDGE('',*,*,#641,.F.);
#641 = EDGE_CURVE('',#586,#634,#642,.T.);
#642 = LINE('',#643,#644);
#643 = CARTESIAN_POINT('',(-55.900215,55.900009,0.));
#644 = VECTOR('',#645,1.);
#645 = DIRECTION('',(1.,0.,0.));
#646 = PLANE('',#647);
#647 = AXIS2_PLACEMENT_3D('',#648,#649,#650);
#648 = CARTESIAN_POINT('',(-55.900215,55.900009,0.));
#649 = DIRECTION('',(0.,1.,0.));
#650 = DIRECTION('',(1.,0.,0.));
#651 = ADVANCED_FACE('',(#652),#663,.T.);
#652 = FACE_BOUND('',#653,.T.);
#653 = EDGE_LOOP('',(#654,#655,#656,#657));
#654 = ORIENTED_EDGE('',*,*,#633,.T.);
#655 = ORIENTED_EDGE('',*,*,#212,.T.);
#656 = ORIENTED_EDGE('',*,*,#607,.F.);
#657 = ORIENTED_EDGE('',*,*,#658,.F.);
#658 = EDGE_CURVE('',#634,#608,#659,.T.);
#659 = LINE('',#660,#661);
#660 = CARTESIAN_POINT('',(55.90012,55.900009,0.));
#661 = VECTOR('',#662,1.);
#662 = DIRECTION('',(0.,-1.,0.));
#663 = PLANE('',#664);
#664 = AXIS2_PLACEMENT_3D('',#665,#666,#667);
#665 = CARTESIAN_POINT('',(55.90012,55.900009,0.));
#666 = DIRECTION('',(1.,0.,0.));
#667 = DIRECTION('',(0.,-1.,0.));
#668 = ADVANCED_FACE('',(#669),#688,.F.);
#669 = FACE_BOUND('',#670,.T.);
#670 = EDGE_LOOP('',(#671,#680,#686,#687));
#671 = ORIENTED_EDGE('',*,*,#672,.T.);
#672 = EDGE_CURVE('',#673,#673,#675,.T.);
#673 = VERTEX_POINT('',#674);
#674 = CARTESIAN_POINT('',(2.25,60.999756,3.25));
#675 = CIRCLE('',#676,2.25);
#676 = AXIS2_PLACEMENT_3D('',#677,#678,#679);
#677 = CARTESIAN_POINT('',(0.,60.999756,3.25));
#678 = DIRECTION('',(0.,0.,1.));
#679 = DIRECTION('',(1.,0.,0.));
#680 = ORIENTED_EDGE('',*,*,#681,.T.);
#681 = EDGE_CURVE('',#673,#229,#682,.T.);
#682 = LINE('',#683,#684);
#683 = CARTESIAN_POINT('',(2.25,60.999756,3.25));
#684 = VECTOR('',#685,1.);
#685 = DIRECTION('',(-6.E-17,0.,-1.));
#686 = ORIENTED_EDGE('',*,*,#228,.T.);
#687 = ORIENTED_EDGE('',*,*,#681,.F.);
#688 = CYLINDRICAL_SURFACE('',#689,2.25);
#689 = AXIS2_PLACEMENT_3D('',#690,#691,#692);
#690 = CARTESIAN_POINT('',(0.,60.999756,3.25));
#691 = DIRECTION('',(-0.,-0.,-1.));
#692 = DIRECTION('',(1.,0.,0.));
#693 = ADVANCED_FACE('',(#694),#713,.F.);
#694 = FACE_BOUND('',#695,.T.);
#695 = EDGE_LOOP('',(#696,#705,#711,#712));
#696 = ORIENTED_EDGE('',*,*,#697,.T.);
#697 = EDGE_CURVE('',#698,#698,#700,.T.);
#698 = VERTEX_POINT('',#699);
#699 = CARTESIAN_POINT('',(32.24992,60.999481,3.25));
#700 = CIRCLE('',#701,2.25);
#701 = AXIS2_PLACEMENT_3D('',#702,#703,#704);
#702 = CARTESIAN_POINT('',(29.99992,60.999481,3.25));
#703 = DIRECTION('',(0.,0.,1.));
#704 = DIRECTION('',(1.,0.,0.));
#705 = ORIENTED_EDGE('',*,*,#706,.T.);
#706 = EDGE_CURVE('',#698,#240,#707,.T.);
#707 = LINE('',#708,#709);
#708 = CARTESIAN_POINT('',(32.24992,60.999481,3.25));
#709 = VECTOR('',#710,1.);
#710 = DIRECTION('',(-6.E-17,0.,-1.));
#711 = ORIENTED_EDGE('',*,*,#239,.T.);
#712 = ORIENTED_EDGE('',*,*,#706,.F.);
#713 = CYLINDRICAL_SURFACE('',#714,2.25);
#714 = AXIS2_PLACEMENT_3D('',#715,#716,#717);
#715 = CARTESIAN_POINT('',(29.99992,60.999481,3.25));
#716 = DIRECTION('',(-0.,-0.,-1.));
#717 = DIRECTION('',(1.,0.,0.));
#718 = ADVANCED_FACE('',(#719),#739,.F.);
#719 = FACE_BOUND('',#720,.T.);
#720 = EDGE_LOOP('',(#721,#722,#723,#724,#725,#733));
#721 = ORIENTED_EDGE('',*,*,#299,.F.);
#722 = ORIENTED_EDGE('',*,*,#265,.T.);
#723 = ORIENTED_EDGE('',*,*,#460,.T.);
#724 = ORIENTED_EDGE('',*,*,#435,.T.);
#725 = ORIENTED_EDGE('',*,*,#726,.F.);
#726 = EDGE_CURVE('',#727,#436,#729,.T.);
#727 = VERTEX_POINT('',#728);
#728 = CARTESIAN_POINT('',(60.499573,-60.50005,5.));
#729 = LINE('',#730,#731);
#730 = CARTESIAN_POINT('',(40.499614333333,-40.50009133333,
    24.999958666667));
#731 = VECTOR('',#732,1.);
#732 = DIRECTION('',(0.57735026919,-0.57735026919,-0.57735026919));
#733 = ORIENTED_EDGE('',*,*,#734,.F.);
#734 = EDGE_CURVE('',#300,#727,#735,.T.);
#735 = LINE('',#736,#737);
#736 = CARTESIAN_POINT('',(-61.000179,-60.50005,5.));
#737 = VECTOR('',#738,1.);
#738 = DIRECTION('',(1.,0.,0.));
#739 = PLANE('',#740);
#740 = AXIS2_PLACEMENT_3D('',#741,#742,#743);
#741 = CARTESIAN_POINT('',(-61.000179,-60.75005,4.75));
#742 = DIRECTION('',(0.,0.707106781187,-0.707106781187));
#743 = DIRECTION('',(-1.,-0.,-0.));
#744 = ADVANCED_FACE('',(#745,#756,#767,#778,#789,#800,#811,#1177,#1410,
    #1720,#1731,#1803,#1814,#1825,#1836,#2083,#2477,#2528,#2600,#2611),
  #2622,.T.);
#745 = FACE_BOUND('',#746,.T.);
#746 = EDGE_LOOP('',(#747,#753,#754,#755));
#747 = ORIENTED_EDGE('',*,*,#748,.T.);
#748 = EDGE_CURVE('',#727,#346,#749,.T.);
#749 = LINE('',#750,#751);
#750 = CARTESIAN_POINT('',(60.499573,-61.00005,5.));
#751 = VECTOR('',#752,1.);
#752 = DIRECTION('',(0.,1.,0.));
#753 = ORIENTED_EDGE('',*,*,#364,.T.);
#754 = ORIENTED_EDGE('',*,*,#307,.T.);
#755 = ORIENTED_EDGE('',*,*,#734,.T.);
#756 = FACE_BOUND('',#757,.T.);
#757 = EDGE_LOOP('',(#758));
#758 = ORIENTED_EDGE('',*,*,#759,.F.);
#759 = EDGE_CURVE('',#760,#760,#762,.T.);
#760 = VERTEX_POINT('',#761);
#761 = CARTESIAN_POINT('',(-26.000004,-55.999973,5.));
#762 = CIRCLE('',#763,4.);
#763 = AXIS2_PLACEMENT_3D('',#764,#765,#766);
#764 = CARTESIAN_POINT('',(-30.000004,-55.999973,5.));
#765 = DIRECTION('',(0.,0.,1.));
#766 = DIRECTION('',(1.,0.,0.));
#767 = FACE_BOUND('',#768,.T.);
#768 = EDGE_LOOP('',(#769));
#769 = ORIENTED_EDGE('',*,*,#770,.F.);
#770 = EDGE_CURVE('',#771,#771,#773,.T.);
#771 = VERTEX_POINT('',#772);
#772 = CARTESIAN_POINT('',(4.,-56.000069,5.));
#773 = CIRCLE('',#774,4.);
#774 = AXIS2_PLACEMENT_3D('',#775,#776,#777);
#775 = CARTESIAN_POINT('',(0.,-56.000069,5.));
#776 = DIRECTION('',(0.,0.,1.));
#777 = DIRECTION('',(1.,0.,0.));
#778 = FACE_BOUND('',#779,.T.);
#779 = EDGE_LOOP('',(#780));
#780 = ORIENTED_EDGE('',*,*,#781,.F.);
#781 = EDGE_CURVE('',#782,#782,#784,.T.);
#782 = VERTEX_POINT('',#783);
#783 = CARTESIAN_POINT('',(-0.500255,-11.000834,5.));
#784 = CIRCLE('',#785,3.5);
#785 = AXIS2_PLACEMENT_3D('',#786,#787,#788);
#786 = CARTESIAN_POINT('',(-4.000255,-11.000834,5.));
#787 = DIRECTION('',(0.,0.,1.));
#788 = DIRECTION('',(1.,0.,0.));
#789 = FACE_BOUND('',#790,.T.);
#790 = EDGE_LOOP('',(#791));
#791 = ORIENTED_EDGE('',*,*,#792,.F.);
#792 = EDGE_CURVE('',#793,#793,#795,.T.);
#793 = VERTEX_POINT('',#794);
#794 = CARTESIAN_POINT('',(33.999954,-56.000145,5.));
#795 = CIRCLE('',#796,4.);
#796 = AXIS2_PLACEMENT_3D('',#797,#798,#799);
#797 = CARTESIAN_POINT('',(29.999954,-56.000145,5.));
#798 = DIRECTION('',(0.,0.,1.));
#799 = DIRECTION('',(1.,0.,0.));
#800 = FACE_BOUND('',#801,.T.);
#801 = EDGE_LOOP('',(#802));
#802 = ORIENTED_EDGE('',*,*,#803,.F.);
#803 = EDGE_CURVE('',#804,#804,#806,.T.);
#804 = VERTEX_POINT('',#805);
#805 = CARTESIAN_POINT('',(49.50008,-11.000163,5.));
#806 = CIRCLE('',#807,3.5);
#807 = AXIS2_PLACEMENT_3D('',#808,#809,#810);
#808 = CARTESIAN_POINT('',(46.00008,-11.000163,5.));
#809 = DIRECTION('',(0.,0.,1.));
#810 = DIRECTION('',(1.,0.,0.));
#811 = FACE_BOUND('',#812,.T.);
#812 = EDGE_LOOP('',(#813,#822,#829,#836,#843,#850,#857,#864,#871,#878,
    #885,#892,#899,#906,#913,#920,#927,#934,#941,#948,#955,#962,#969,
    #976,#983,#990,#997,#1004,#1011,#1018,#1025,#1032,#1039,#1046,#1053,
    #1060,#1067,#1074,#1081,#1088,#1095,#1102,#1109,#1116,#1123,#1130,
    #1137,#1144,#1151,#1158,#1165,#1172));
#813 = ORIENTED_EDGE('',*,*,#814,.F.);
#814 = EDGE_CURVE('',#815,#817,#819,.T.);
#815 = VERTEX_POINT('',#816);
#816 = CARTESIAN_POINT('',(-21.12,17.51,5.));
#817 = VERTEX_POINT('',#818);
#818 = CARTESIAN_POINT('',(-20.76,17.64,5.));
#819 = B_SPLINE_CURVE_WITH_KNOTS('',1,(#820,#821),.UNSPECIFIED.,.F.,.F.,
  (2,2),(0.,0.38275318418),.PIECEWISE_BEZIER_KNOTS.);
#820 = CARTESIAN_POINT('',(-21.12,17.51,5.));
#821 = CARTESIAN_POINT('',(-20.76,17.64,5.));
#822 = ORIENTED_EDGE('',*,*,#823,.F.);
#823 = EDGE_CURVE('',#824,#815,#826,.T.);
#824 = VERTEX_POINT('',#825);
#825 = CARTESIAN_POINT('',(-21.61,17.41,5.));
#826 = B_SPLINE_CURVE_WITH_KNOTS('',1,(#827,#828),.UNSPECIFIED.,.F.,.F.,
  (2,2),(0.,0.500099990002),.PIECEWISE_BEZIER_KNOTS.);
#827 = CARTESIAN_POINT('',(-21.61,17.41,5.));
#828 = CARTESIAN_POINT('',(-21.12,17.51,5.));
#829 = ORIENTED_EDGE('',*,*,#830,.F.);
#830 = EDGE_CURVE('',#831,#824,#833,.T.);
#831 = VERTEX_POINT('',#832);
#832 = CARTESIAN_POINT('',(-28.64,17.41,5.));
#833 = B_SPLINE_CURVE_WITH_KNOTS('',1,(#834,#835),.UNSPECIFIED.,.F.,.F.,
  (2,2),(0.,7.03),.PIECEWISE_BEZIER_KNOTS.);
#834 = CARTESIAN_POINT('',(-28.64,17.41,5.));
#835 = CARTESIAN_POINT('',(-21.61,17.41,5.));
#836 = ORIENTED_EDGE('',*,*,#837,.F.);
#837 = EDGE_CURVE('',#838,#831,#840,.T.);
#838 = VERTEX_POINT('',#839);
#839 = CARTESIAN_POINT('',(-29.04,17.48,5.));
#840 = B_SPLINE_CURVE_WITH_KNOTS('',1,(#841,#842),.UNSPECIFIED.,.F.,.F.,
  (2,2),(0.,0.406078810085),.PIECEWISE_BEZIER_KNOTS.);
#841 = CARTESIAN_POINT('',(-29.04,17.48,5.));
#842 = CARTESIAN_POINT('',(-28.64,17.41,5.));
#843 = ORIENTED_EDGE('',*,*,#844,.F.);
#844 = EDGE_CURVE('',#845,#838,#847,.T.);
#845 = VERTEX_POINT('',#846);
#846 = CARTESIAN_POINT('',(-29.43,17.6,5.));
#847 = B_SPLINE_CURVE_WITH_KNOTS('',1,(#848,#849),.UNSPECIFIED.,.F.,.F.,
  (2,2),(0.,0.408044115262),.PIECEWISE_BEZIER_KNOTS.);
#848 = CARTESIAN_POINT('',(-29.43,17.6,5.));
#849 = CARTESIAN_POINT('',(-29.04,17.48,5.));
#850 = ORIENTED_EDGE('',*,*,#851,.F.);
#851 = EDGE_CURVE('',#852,#845,#854,.T.);
#852 = VERTEX_POINT('',#853);
#853 = CARTESIAN_POINT('',(-29.82,17.8,5.));
#854 = B_SPLINE_CURVE_WITH_KNOTS('',1,(#855,#856),.UNSPECIFIED.,.F.,.F.,
  (2,2),(0.,0.438292140016),.PIECEWISE_BEZIER_KNOTS.);
#855 = CARTESIAN_POINT('',(-29.82,17.8,5.));
#856 = CARTESIAN_POINT('',(-29.43,17.6,5.));
#857 = ORIENTED_EDGE('',*,*,#858,.F.);
#858 = EDGE_CURVE('',#859,#852,#861,.T.);
#859 = VERTEX_POINT('',#860);
#860 = CARTESIAN_POINT('',(-30.02,17.93,5.));
#861 = B_SPLINE_CURVE_WITH_KNOTS('',1,(#862,#863),.UNSPECIFIED.,.F.,.F.,
  (2,2),(0.,0.238537208838),.PIECEWISE_BEZIER_KNOTS.);
#862 = CARTESIAN_POINT('',(-30.02,17.93,5.));
#863 = CARTESIAN_POINT('',(-29.82,17.8,5.));
#864 = ORIENTED_EDGE('',*,*,#865,.F.);
#865 = EDGE_CURVE('',#866,#859,#868,.T.);
#866 = VERTEX_POINT('',#867);
#867 = CARTESIAN_POINT('',(-30.41,18.29,5.));
#868 = B_SPLINE_CURVE_WITH_KNOTS('',1,(#869,#870),.UNSPECIFIED.,.F.,.F.,
  (2,2),(0.,0.530754180389),.PIECEWISE_BEZIER_KNOTS.);
#869 = CARTESIAN_POINT('',(-30.41,18.29,5.));
#870 = CARTESIAN_POINT('',(-30.02,17.93,5.));
#871 = ORIENTED_EDGE('',*,*,#872,.F.);
#872 = EDGE_CURVE('',#873,#866,#875,.T.);
#873 = VERTEX_POINT('',#874);
#874 = CARTESIAN_POINT('',(-30.61,18.55,5.));
#875 = B_SPLINE_CURVE_WITH_KNOTS('',1,(#876,#877),.UNSPECIFIED.,.F.,.F.,
  (2,2),(0.,0.328024389337),.PIECEWISE_BEZIER_KNOTS.);
#876 = CARTESIAN_POINT('',(-30.61,18.55,5.));
#877 = CARTESIAN_POINT('',(-30.41,18.29,5.));
#878 = ORIENTED_EDGE('',*,*,#879,.F.);
#879 = EDGE_CURVE('',#880,#873,#882,.T.);
#880 = VERTEX_POINT('',#881);
#881 = CARTESIAN_POINT('',(-30.77,18.85,5.));
#882 = B_SPLINE_CURVE_WITH_KNOTS('',1,(#883,#884),.UNSPECIFIED.,.F.,.F.,
  (2,2),(0.,0.34),.PIECEWISE_BEZIER_KNOTS.);
#883 = CARTESIAN_POINT('',(-30.77,18.85,5.));
#884 = CARTESIAN_POINT('',(-30.61,18.55,5.));
#885 = ORIENTED_EDGE('',*,*,#886,.F.);
#886 = EDGE_CURVE('',#887,#880,#889,.T.);
#887 = VERTEX_POINT('',#888);
#888 = CARTESIAN_POINT('',(-30.94,19.31,5.));
#889 = B_SPLINE_CURVE_WITH_KNOTS('',1,(#890,#891),.UNSPECIFIED.,.F.,.F.,
  (2,2),(0.,0.49040799341),.PIECEWISE_BEZIER_KNOTS.);
#890 = CARTESIAN_POINT('',(-30.94,19.31,5.));
#891 = CARTESIAN_POINT('',(-30.77,18.85,5.));
#892 = ORIENTED_EDGE('',*,*,#893,.F.);
#893 = EDGE_CURVE('',#894,#887,#896,.T.);
#894 = VERTEX_POINT('',#895);
#895 = CARTESIAN_POINT('',(-31.,19.73,5.));
#896 = B_SPLINE_CURVE_WITH_KNOTS('',1,(#897,#898),.UNSPECIFIED.,.F.,.F.,
  (2,2),(0.,0.424264068712),.PIECEWISE_BEZIER_KNOTS.);
#897 = CARTESIAN_POINT('',(-31.,19.73,5.));
#898 = CARTESIAN_POINT('',(-30.94,19.31,5.));
#899 = ORIENTED_EDGE('',*,*,#900,.F.);
#900 = EDGE_CURVE('',#901,#894,#903,.T.);
#901 = VERTEX_POINT('',#902);
#902 = CARTESIAN_POINT('',(-31.,22.18,5.));
#903 = B_SPLINE_CURVE_WITH_KNOTS('',1,(#904,#905),.UNSPECIFIED.,.F.,.F.,
  (2,2),(0.,2.45),.PIECEWISE_BEZIER_KNOTS.);
#904 = CARTESIAN_POINT('',(-31.,22.18,5.));
#905 = CARTESIAN_POINT('',(-31.,19.73,5.));
#906 = ORIENTED_EDGE('',*,*,#907,.F.);
#907 = EDGE_CURVE('',#908,#901,#910,.T.);
#908 = VERTEX_POINT('',#909);
#909 = CARTESIAN_POINT('',(-22.18,22.21,5.));
#910 = B_SPLINE_CURVE_WITH_KNOTS('',1,(#911,#912),.UNSPECIFIED.,.F.,.F.,
  (2,2),(0.,8.820051020261),.PIECEWISE_BEZIER_KNOTS.);
#911 = CARTESIAN_POINT('',(-22.18,22.21,5.));
#912 = CARTESIAN_POINT('',(-31.,22.18,5.));
#913 = ORIENTED_EDGE('',*,*,#914,.F.);
#914 = EDGE_CURVE('',#915,#908,#917,.T.);
#915 = VERTEX_POINT('',#916);
#916 = CARTESIAN_POINT('',(-22.18,21.02,5.));
#917 = B_SPLINE_CURVE_WITH_KNOTS('',1,(#918,#919),.UNSPECIFIED.,.F.,.F.,
  (2,2),(0.,1.19),.PIECEWISE_BEZIER_KNOTS.);
#918 = CARTESIAN_POINT('',(-22.18,21.02,5.));
#919 = CARTESIAN_POINT('',(-22.18,22.21,5.));
#920 = ORIENTED_EDGE('',*,*,#921,.F.);
#921 = EDGE_CURVE('',#922,#915,#924,.T.);
#922 = VERTEX_POINT('',#923);
#923 = CARTESIAN_POINT('',(-28.75,21.02,5.));
#924 = B_SPLINE_CURVE_WITH_KNOTS('',1,(#925,#926),.UNSPECIFIED.,.F.,.F.,
  (2,2),(0.,6.57),.PIECEWISE_BEZIER_KNOTS.);
#925 = CARTESIAN_POINT('',(-28.75,21.02,5.));
#926 = CARTESIAN_POINT('',(-22.18,21.02,5.));
#927 = ORIENTED_EDGE('',*,*,#928,.F.);
#928 = EDGE_CURVE('',#929,#922,#931,.T.);
#929 = VERTEX_POINT('',#930);
#930 = CARTESIAN_POINT('',(-28.79,19.78,5.));
#931 = B_SPLINE_CURVE_WITH_KNOTS('',1,(#932,#933),.UNSPECIFIED.,.F.,.F.,
  (2,2),(0.,1.240644993542),.PIECEWISE_BEZIER_KNOTS.);
#932 = CARTESIAN_POINT('',(-28.79,19.78,5.));
#933 = CARTESIAN_POINT('',(-28.75,21.02,5.));
#934 = ORIENTED_EDGE('',*,*,#935,.F.);
#935 = EDGE_CURVE('',#936,#929,#938,.T.);
#936 = VERTEX_POINT('',#937);
#937 = CARTESIAN_POINT('',(-28.74,19.62,5.));
#938 = B_SPLINE_CURVE_WITH_KNOTS('',1,(#939,#940),.UNSPECIFIED.,.F.,.F.,
  (2,2),(0.,0.167630546142),.PIECEWISE_BEZIER_KNOTS.);
#939 = CARTESIAN_POINT('',(-28.74,19.62,5.));
#940 = CARTESIAN_POINT('',(-28.79,19.78,5.));
#941 = ORIENTED_EDGE('',*,*,#942,.F.);
#942 = EDGE_CURVE('',#943,#936,#945,.T.);
#943 = VERTEX_POINT('',#944);
#944 = CARTESIAN_POINT('',(-28.63,19.39,5.));
#945 = B_SPLINE_CURVE_WITH_KNOTS('',1,(#946,#947),.UNSPECIFIED.,.F.,.F.,
  (2,2),(0.,0.25495097568),.PIECEWISE_BEZIER_KNOTS.);
#946 = CARTESIAN_POINT('',(-28.63,19.39,5.));
#947 = CARTESIAN_POINT('',(-28.74,19.62,5.));
#948 = ORIENTED_EDGE('',*,*,#949,.F.);
#949 = EDGE_CURVE('',#950,#943,#952,.T.);
#950 = VERTEX_POINT('',#951);
#951 = CARTESIAN_POINT('',(-28.37,19.13,5.));
#952 = B_SPLINE_CURVE_WITH_KNOTS('',1,(#953,#954),.UNSPECIFIED.,.F.,.F.,
  (2,2),(0.,0.367695526217),.PIECEWISE_BEZIER_KNOTS.);
#953 = CARTESIAN_POINT('',(-28.37,19.13,5.));
#954 = CARTESIAN_POINT('',(-28.63,19.39,5.));
#955 = ORIENTED_EDGE('',*,*,#956,.F.);
#956 = EDGE_CURVE('',#957,#950,#959,.T.);
#957 = VERTEX_POINT('',#958);
#958 = CARTESIAN_POINT('',(-28.09,19.01,5.));
#959 = B_SPLINE_CURVE_WITH_KNOTS('',1,(#960,#961),.UNSPECIFIED.,.F.,.F.,
  (2,2),(0.,0.304630924235),.PIECEWISE_BEZIER_KNOTS.);
#960 = CARTESIAN_POINT('',(-28.09,19.01,5.));
#961 = CARTESIAN_POINT('',(-28.37,19.13,5.));
#962 = ORIENTED_EDGE('',*,*,#963,.F.);
#963 = EDGE_CURVE('',#964,#957,#966,.T.);
#964 = VERTEX_POINT('',#965);
#965 = CARTESIAN_POINT('',(-22.17,19.01,5.));
#966 = B_SPLINE_CURVE_WITH_KNOTS('',1,(#967,#968),.UNSPECIFIED.,.F.,.F.,
  (2,2),(0.,5.92),.PIECEWISE_BEZIER_KNOTS.);
#967 = CARTESIAN_POINT('',(-22.17,19.01,5.));
#968 = CARTESIAN_POINT('',(-28.09,19.01,5.));
#969 = ORIENTED_EDGE('',*,*,#970,.F.);
#970 = EDGE_CURVE('',#971,#964,#973,.T.);
#971 = VERTEX_POINT('',#972);
#972 = CARTESIAN_POINT('',(-22.04,19.05,5.));
#973 = B_SPLINE_CURVE_WITH_KNOTS('',1,(#974,#975),.UNSPECIFIED.,.F.,.F.,
  (2,2),(0.,0.136014705087),.PIECEWISE_BEZIER_KNOTS.);
#974 = CARTESIAN_POINT('',(-22.04,19.05,5.));
#975 = CARTESIAN_POINT('',(-22.17,19.01,5.));
#976 = ORIENTED_EDGE('',*,*,#977,.F.);
#977 = EDGE_CURVE('',#978,#971,#980,.T.);
#978 = VERTEX_POINT('',#979);
#979 = CARTESIAN_POINT('',(-21.89,19.13,5.));
#980 = B_SPLINE_CURVE_WITH_KNOTS('',1,(#981,#982),.UNSPECIFIED.,.F.,.F.,
  (2,2),(0.,0.17),.PIECEWISE_BEZIER_KNOTS.);
#981 = CARTESIAN_POINT('',(-21.89,19.13,5.));
#982 = CARTESIAN_POINT('',(-22.04,19.05,5.));
#983 = ORIENTED_EDGE('',*,*,#984,.F.);
#984 = EDGE_CURVE('',#985,#978,#987,.T.);
#985 = VERTEX_POINT('',#986);
#986 = CARTESIAN_POINT('',(-21.59,19.43,5.));
#987 = B_SPLINE_CURVE_WITH_KNOTS('',1,(#988,#989),.UNSPECIFIED.,.F.,.F.,
  (2,2),(0.,0.424264068712),.PIECEWISE_BEZIER_KNOTS.);
#988 = CARTESIAN_POINT('',(-21.59,19.43,5.));
#989 = CARTESIAN_POINT('',(-21.89,19.13,5.));
#990 = ORIENTED_EDGE('',*,*,#991,.F.);
#991 = EDGE_CURVE('',#992,#985,#994,.T.);
#992 = VERTEX_POINT('',#993);
#993 = CARTESIAN_POINT('',(-21.47,19.66,5.));
#994 = B_SPLINE_CURVE_WITH_KNOTS('',1,(#995,#996),.UNSPECIFIED.,.F.,.F.,
  (2,2),(0.,0.259422435421),.PIECEWISE_BEZIER_KNOTS.);
#995 = CARTESIAN_POINT('',(-21.47,19.66,5.));
#996 = CARTESIAN_POINT('',(-21.59,19.43,5.));
#997 = ORIENTED_EDGE('',*,*,#998,.F.);
#998 = EDGE_CURVE('',#999,#992,#1001,.T.);
#999 = VERTEX_POINT('',#1000);
#1000 = CARTESIAN_POINT('',(-21.44,19.85,5.));
#1001 = B_SPLINE_CURVE_WITH_KNOTS('',1,(#1002,#1003),.UNSPECIFIED.,.F.,
  .F.,(2,2),(0.,0.192353840617),.PIECEWISE_BEZIER_KNOTS.);
#1002 = CARTESIAN_POINT('',(-21.44,19.85,5.));
#1003 = CARTESIAN_POINT('',(-21.47,19.66,5.));
#1004 = ORIENTED_EDGE('',*,*,#1005,.F.);
#1005 = EDGE_CURVE('',#1006,#999,#1008,.T.);
#1006 = VERTEX_POINT('',#1007);
#1007 = CARTESIAN_POINT('',(-21.44,23.38,5.));
#1008 = B_SPLINE_CURVE_WITH_KNOTS('',1,(#1009,#1010),.UNSPECIFIED.,.F.,
  .F.,(2,2),(0.,3.53),.PIECEWISE_BEZIER_KNOTS.);
#1009 = CARTESIAN_POINT('',(-21.44,23.38,5.));
#1010 = CARTESIAN_POINT('',(-21.44,19.85,5.));
#1011 = ORIENTED_EDGE('',*,*,#1012,.F.);
#1012 = EDGE_CURVE('',#1013,#1006,#1015,.T.);
#1013 = VERTEX_POINT('',#1014);
#1014 = CARTESIAN_POINT('',(-21.59,23.73,5.));
#1015 = B_SPLINE_CURVE_WITH_KNOTS('',1,(#1016,#1017),.UNSPECIFIED.,.F.,
  .F.,(2,2),(0.,0.380788655293),.PIECEWISE_BEZIER_KNOTS.);
#1016 = CARTESIAN_POINT('',(-21.59,23.73,5.));
#1017 = CARTESIAN_POINT('',(-21.44,23.38,5.));
#1018 = ORIENTED_EDGE('',*,*,#1019,.F.);
#1019 = EDGE_CURVE('',#1020,#1013,#1022,.T.);
#1020 = VERTEX_POINT('',#1021);
#1021 = CARTESIAN_POINT('',(-21.81,23.96,5.));
#1022 = B_SPLINE_CURVE_WITH_KNOTS('',1,(#1023,#1024),.UNSPECIFIED.,.F.,
  .F.,(2,2),(0.,0.318276609257),.PIECEWISE_BEZIER_KNOTS.);
#1023 = CARTESIAN_POINT('',(-21.81,23.96,5.));
#1024 = CARTESIAN_POINT('',(-21.59,23.73,5.));
#1025 = ORIENTED_EDGE('',*,*,#1026,.F.);
#1026 = EDGE_CURVE('',#1027,#1020,#1029,.T.);
#1027 = VERTEX_POINT('',#1028);
#1028 = CARTESIAN_POINT('',(-22.08,24.11,5.));
#1029 = B_SPLINE_CURVE_WITH_KNOTS('',1,(#1030,#1031),.UNSPECIFIED.,.F.,
  .F.,(2,2),(0.,0.30886890423),.PIECEWISE_BEZIER_KNOTS.);
#1030 = CARTESIAN_POINT('',(-22.08,24.11,5.));
#1031 = CARTESIAN_POINT('',(-21.81,23.96,5.));
#1032 = ORIENTED_EDGE('',*,*,#1033,.F.);
#1033 = EDGE_CURVE('',#1034,#1027,#1036,.T.);
#1034 = VERTEX_POINT('',#1035);
#1035 = CARTESIAN_POINT('',(-22.24,24.15,5.));
#1036 = B_SPLINE_CURVE_WITH_KNOTS('',1,(#1037,#1038),.UNSPECIFIED.,.F.,
  .F.,(2,2),(0.,0.164924225025),.PIECEWISE_BEZIER_KNOTS.);
#1037 = CARTESIAN_POINT('',(-22.24,24.15,5.));
#1038 = CARTESIAN_POINT('',(-22.08,24.11,5.));
#1039 = ORIENTED_EDGE('',*,*,#1040,.F.);
#1040 = EDGE_CURVE('',#1041,#1034,#1043,.T.);
#1041 = VERTEX_POINT('',#1042);
#1042 = CARTESIAN_POINT('',(-30.83,24.15,5.));
#1043 = B_SPLINE_CURVE_WITH_KNOTS('',1,(#1044,#1045),.UNSPECIFIED.,.F.,
  .F.,(2,2),(0.,8.59),.PIECEWISE_BEZIER_KNOTS.);
#1044 = CARTESIAN_POINT('',(-30.83,24.15,5.));
#1045 = CARTESIAN_POINT('',(-22.24,24.15,5.));
#1046 = ORIENTED_EDGE('',*,*,#1047,.F.);
#1047 = EDGE_CURVE('',#1048,#1041,#1050,.T.);
#1048 = VERTEX_POINT('',#1049);
#1049 = CARTESIAN_POINT('',(-30.28,24.72,5.));
#1050 = B_SPLINE_CURVE_WITH_KNOTS('',1,(#1051,#1052),.UNSPECIFIED.,.F.,
  .F.,(2,2),(0.,0.792085853933),.PIECEWISE_BEZIER_KNOTS.);
#1051 = CARTESIAN_POINT('',(-30.28,24.72,5.));
#1052 = CARTESIAN_POINT('',(-30.83,24.15,5.));
#1053 = ORIENTED_EDGE('',*,*,#1054,.F.);
#1054 = EDGE_CURVE('',#1055,#1048,#1057,.T.);
#1055 = VERTEX_POINT('',#1056);
#1056 = CARTESIAN_POINT('',(-29.32,25.61,5.));
#1057 = B_SPLINE_CURVE_WITH_KNOTS('',1,(#1058,#1059),.UNSPECIFIED.,.F.,
  .F.,(2,2),(0.,1.30908364897),.PIECEWISE_BEZIER_KNOTS.);
#1058 = CARTESIAN_POINT('',(-29.32,25.61,5.));
#1059 = CARTESIAN_POINT('',(-30.28,24.72,5.));
#1060 = ORIENTED_EDGE('',*,*,#1061,.F.);
#1061 = EDGE_CURVE('',#1062,#1055,#1064,.T.);
#1062 = VERTEX_POINT('',#1063);
#1063 = CARTESIAN_POINT('',(-29.21,25.75,5.));
#1064 = B_SPLINE_CURVE_WITH_KNOTS('',1,(#1065,#1066),.UNSPECIFIED.,.F.,
  .F.,(2,2),(0.,0.178044938148),.PIECEWISE_BEZIER_KNOTS.);
#1065 = CARTESIAN_POINT('',(-29.21,25.75,5.));
#1066 = CARTESIAN_POINT('',(-29.32,25.61,5.));
#1067 = ORIENTED_EDGE('',*,*,#1068,.F.);
#1068 = EDGE_CURVE('',#1069,#1062,#1071,.T.);
#1069 = VERTEX_POINT('',#1070);
#1070 = CARTESIAN_POINT('',(-21.58,25.75,5.));
#1071 = B_SPLINE_CURVE_WITH_KNOTS('',1,(#1072,#1073),.UNSPECIFIED.,.F.,
  .F.,(2,2),(0.,7.63),.PIECEWISE_BEZIER_KNOTS.);
#1072 = CARTESIAN_POINT('',(-21.58,25.75,5.));
#1073 = CARTESIAN_POINT('',(-29.21,25.75,5.));
#1074 = ORIENTED_EDGE('',*,*,#1075,.F.);
#1075 = EDGE_CURVE('',#1076,#1069,#1078,.T.);
#1076 = VERTEX_POINT('',#1077);
#1077 = CARTESIAN_POINT('',(-21.12,25.65,5.));
#1078 = B_SPLINE_CURVE_WITH_KNOTS('',1,(#1079,#1080),.UNSPECIFIED.,.F.,
  .F.,(2,2),(0.,0.470744091838),.PIECEWISE_BEZIER_KNOTS.);
#1079 = CARTESIAN_POINT('',(-21.12,25.65,5.));
#1080 = CARTESIAN_POINT('',(-21.58,25.75,5.));
#1081 = ORIENTED_EDGE('',*,*,#1082,.F.);
#1082 = EDGE_CURVE('',#1083,#1076,#1085,.T.);
#1083 = VERTEX_POINT('',#1084);
#1084 = CARTESIAN_POINT('',(-20.76,25.52,5.));
#1085 = B_SPLINE_CURVE_WITH_KNOTS('',1,(#1086,#1087),.UNSPECIFIED.,.F.,
  .F.,(2,2),(0.,0.38275318418),.PIECEWISE_BEZIER_KNOTS.);
#1086 = CARTESIAN_POINT('',(-20.76,25.52,5.));
#1087 = CARTESIAN_POINT('',(-21.12,25.65,5.));
#1088 = ORIENTED_EDGE('',*,*,#1089,.F.);
#1089 = EDGE_CURVE('',#1090,#1083,#1092,.T.);
#1090 = VERTEX_POINT('',#1091);
#1091 = CARTESIAN_POINT('',(-20.27,25.22,5.));
#1092 = B_SPLINE_CURVE_WITH_KNOTS('',1,(#1093,#1094),.UNSPECIFIED.,.F.,
  .F.,(2,2),(0.,0.574543296889),.PIECEWISE_BEZIER_KNOTS.);
#1093 = CARTESIAN_POINT('',(-20.27,25.22,5.));
#1094 = CARTESIAN_POINT('',(-20.76,25.52,5.));
#1095 = ORIENTED_EDGE('',*,*,#1096,.F.);
#1096 = EDGE_CURVE('',#1097,#1090,#1099,.T.);
#1097 = VERTEX_POINT('',#1098);
#1098 = CARTESIAN_POINT('',(-19.78,24.76,5.));
#1099 = B_SPLINE_CURVE_WITH_KNOTS('',1,(#1100,#1101),.UNSPECIFIED.,.F.,
  .F.,(2,2),(0.,0.672086303982),.PIECEWISE_BEZIER_KNOTS.);
#1100 = CARTESIAN_POINT('',(-19.78,24.76,5.));
#1101 = CARTESIAN_POINT('',(-20.27,25.22,5.));
#1102 = ORIENTED_EDGE('',*,*,#1103,.F.);
#1103 = EDGE_CURVE('',#1104,#1097,#1106,.T.);
#1104 = VERTEX_POINT('',#1105);
#1105 = CARTESIAN_POINT('',(-19.61,24.54,5.));
#1106 = B_SPLINE_CURVE_WITH_KNOTS('',1,(#1107,#1108),.UNSPECIFIED.,.F.,
  .F.,(2,2),(0.,0.278028775489),.PIECEWISE_BEZIER_KNOTS.);
#1107 = CARTESIAN_POINT('',(-19.61,24.54,5.));
#1108 = CARTESIAN_POINT('',(-19.78,24.76,5.));
#1109 = ORIENTED_EDGE('',*,*,#1110,.F.);
#1110 = EDGE_CURVE('',#1111,#1104,#1113,.T.);
#1111 = VERTEX_POINT('',#1112);
#1112 = CARTESIAN_POINT('',(-19.42,24.18,5.));
#1113 = B_SPLINE_CURVE_WITH_KNOTS('',1,(#1114,#1115),.UNSPECIFIED.,.F.,
  .F.,(2,2),(0.,0.407062648741),.PIECEWISE_BEZIER_KNOTS.);
#1114 = CARTESIAN_POINT('',(-19.42,24.18,5.));
#1115 = CARTESIAN_POINT('',(-19.61,24.54,5.));
#1116 = ORIENTED_EDGE('',*,*,#1117,.F.);
#1117 = EDGE_CURVE('',#1118,#1111,#1120,.T.);
#1118 = VERTEX_POINT('',#1119);
#1119 = CARTESIAN_POINT('',(-19.25,23.62,5.));
#1120 = B_SPLINE_CURVE_WITH_KNOTS('',1,(#1121,#1122),.UNSPECIFIED.,.F.,
  .F.,(2,2),(0.,0.585234995536),.PIECEWISE_BEZIER_KNOTS.);
#1121 = CARTESIAN_POINT('',(-19.25,23.62,5.));
#1122 = CARTESIAN_POINT('',(-19.42,24.18,5.));
#1123 = ORIENTED_EDGE('',*,*,#1124,.F.);
#1124 = EDGE_CURVE('',#1125,#1118,#1127,.T.);
#1125 = VERTEX_POINT('',#1126);
#1126 = CARTESIAN_POINT('',(-19.22,23.36,5.));
#1127 = B_SPLINE_CURVE_WITH_KNOTS('',1,(#1128,#1129),.UNSPECIFIED.,.F.,
  .F.,(2,2),(0.,0.261725046566),.PIECEWISE_BEZIER_KNOTS.);
#1128 = CARTESIAN_POINT('',(-19.22,23.36,5.));
#1129 = CARTESIAN_POINT('',(-19.25,23.62,5.));
#1130 = ORIENTED_EDGE('',*,*,#1131,.F.);
#1131 = EDGE_CURVE('',#1132,#1125,#1134,.T.);
#1132 = VERTEX_POINT('',#1133);
#1133 = CARTESIAN_POINT('',(-19.22,19.8,5.));
#1134 = B_SPLINE_CURVE_WITH_KNOTS('',1,(#1135,#1136),.UNSPECIFIED.,.F.,
  .F.,(2,2),(0.,3.56),.PIECEWISE_BEZIER_KNOTS.);
#1135 = CARTESIAN_POINT('',(-19.22,19.8,5.));
#1136 = CARTESIAN_POINT('',(-19.22,23.36,5.));
#1137 = ORIENTED_EDGE('',*,*,#1138,.F.);
#1138 = EDGE_CURVE('',#1139,#1132,#1141,.T.);
#1139 = VERTEX_POINT('',#1140);
#1140 = CARTESIAN_POINT('',(-19.29,19.38,5.));
#1141 = B_SPLINE_CURVE_WITH_KNOTS('',1,(#1142,#1143),.UNSPECIFIED.,.F.,
  .F.,(2,2),(0.,0.425793377121),.PIECEWISE_BEZIER_KNOTS.);
#1142 = CARTESIAN_POINT('',(-19.29,19.38,5.));
#1143 = CARTESIAN_POINT('',(-19.22,19.8,5.));
#1144 = ORIENTED_EDGE('',*,*,#1145,.F.);
#1145 = EDGE_CURVE('',#1146,#1139,#1148,.T.);
#1146 = VERTEX_POINT('',#1147);
#1147 = CARTESIAN_POINT('',(-19.39,19.08,5.));
#1148 = B_SPLINE_CURVE_WITH_KNOTS('',1,(#1149,#1150),.UNSPECIFIED.,.F.,
  .F.,(2,2),(0.,0.316227766017),.PIECEWISE_BEZIER_KNOTS.);
#1149 = CARTESIAN_POINT('',(-19.39,19.08,5.));
#1150 = CARTESIAN_POINT('',(-19.29,19.38,5.));
#1151 = ORIENTED_EDGE('',*,*,#1152,.F.);
#1152 = EDGE_CURVE('',#1153,#1146,#1155,.T.);
#1153 = VERTEX_POINT('',#1154);
#1154 = CARTESIAN_POINT('',(-19.55,18.72,5.));
#1155 = B_SPLINE_CURVE_WITH_KNOTS('',1,(#1156,#1157),.UNSPECIFIED.,.F.,
  .F.,(2,2),(0.,0.393954312072),.PIECEWISE_BEZIER_KNOTS.);
#1156 = CARTESIAN_POINT('',(-19.55,18.72,5.));
#1157 = CARTESIAN_POINT('',(-19.39,19.08,5.));
#1158 = ORIENTED_EDGE('',*,*,#1159,.F.);
#1159 = EDGE_CURVE('',#1160,#1153,#1162,.T.);
#1160 = VERTEX_POINT('',#1161);
#1161 = CARTESIAN_POINT('',(-19.78,18.4,5.));
#1162 = B_SPLINE_CURVE_WITH_KNOTS('',1,(#1163,#1164),.UNSPECIFIED.,.F.,
  .F.,(2,2),(0.,0.394081209905),.PIECEWISE_BEZIER_KNOTS.);
#1163 = CARTESIAN_POINT('',(-19.78,18.4,5.));
#1164 = CARTESIAN_POINT('',(-19.55,18.72,5.));
#1165 = ORIENTED_EDGE('',*,*,#1166,.F.);
#1166 = EDGE_CURVE('',#1167,#1160,#1169,.T.);
#1167 = VERTEX_POINT('',#1168);
#1168 = CARTESIAN_POINT('',(-20.3,17.9,5.));
#1169 = B_SPLINE_CURVE_WITH_KNOTS('',1,(#1170,#1171),.UNSPECIFIED.,.F.,
  .F.,(2,2),(0.,0.721387551875),.PIECEWISE_BEZIER_KNOTS.);
#1170 = CARTESIAN_POINT('',(-20.3,17.9,5.));
#1171 = CARTESIAN_POINT('',(-19.78,18.4,5.));
#1172 = ORIENTED_EDGE('',*,*,#1173,.F.);
#1173 = EDGE_CURVE('',#817,#1167,#1174,.T.);
#1174 = B_SPLINE_CURVE_WITH_KNOTS('',1,(#1175,#1176),.UNSPECIFIED.,.F.,
  .F.,(2,2),(0.,0.528393792545),.PIECEWISE_BEZIER_KNOTS.);
#1175 = CARTESIAN_POINT('',(-20.76,17.64,5.));
#1176 = CARTESIAN_POINT('',(-20.3,17.9,5.));
#1177 = FACE_BOUND('',#1178,.T.);
#1178 = EDGE_LOOP('',(#1179,#1188,#1195,#1202,#1209,#1216,#1223,#1230,
    #1237,#1244,#1251,#1258,#1265,#1272,#1279,#1286,#1293,#1300,#1307,
    #1314,#1321,#1328,#1335,#1342,#1349,#1356,#1363,#1370,#1377,#1384,
    #1391,#1398,#1405));
#1179 = ORIENTED_EDGE('',*,*,#1180,.F.);
#1180 = EDGE_CURVE('',#1181,#1183,#1185,.T.);
#1181 = VERTEX_POINT('',#1182);
#1182 = CARTESIAN_POINT('',(-12.89,24.89,5.));
#1183 = VERTEX_POINT('',#1184);
#1184 = CARTESIAN_POINT('',(-13.42,25.32,5.));
#1185 = B_SPLINE_CURVE_WITH_KNOTS('',1,(#1186,#1187),.UNSPECIFIED.,.F.,
  .F.,(2,2),(0.,0.68249542123),.PIECEWISE_BEZIER_KNOTS.);
#1186 = CARTESIAN_POINT('',(-12.89,24.89,5.));
#1187 = CARTESIAN_POINT('',(-13.42,25.32,5.));
#1188 = ORIENTED_EDGE('',*,*,#1189,.F.);
#1189 = EDGE_CURVE('',#1190,#1181,#1192,.T.);
#1190 = VERTEX_POINT('',#1191);
#1191 = CARTESIAN_POINT('',(-12.89,24.86,5.));
#1192 = B_SPLINE_CURVE_WITH_KNOTS('',1,(#1193,#1194),.UNSPECIFIED.,.F.,
  .F.,(2,2),(0.,3.E-02),.PIECEWISE_BEZIER_KNOTS.);
#1193 = CARTESIAN_POINT('',(-12.89,24.86,5.));
#1194 = CARTESIAN_POINT('',(-12.89,24.89,5.));
#1195 = ORIENTED_EDGE('',*,*,#1196,.F.);
#1196 = EDGE_CURVE('',#1197,#1190,#1199,.T.);
#1197 = VERTEX_POINT('',#1198);
#1198 = CARTESIAN_POINT('',(-12.64,24.57,5.));
#1199 = B_SPLINE_CURVE_WITH_KNOTS('',1,(#1200,#1201),.UNSPECIFIED.,.F.,
  .F.,(2,2),(0.,0.382883794382),.PIECEWISE_BEZIER_KNOTS.);
#1200 = CARTESIAN_POINT('',(-12.64,24.57,5.));
#1201 = CARTESIAN_POINT('',(-12.89,24.86,5.));
#1202 = ORIENTED_EDGE('',*,*,#1203,.F.);
#1203 = EDGE_CURVE('',#1204,#1197,#1206,.T.);
#1204 = VERTEX_POINT('',#1205);
#1205 = CARTESIAN_POINT('',(-12.44,24.21,5.));
#1206 = B_SPLINE_CURVE_WITH_KNOTS('',1,(#1207,#1208),.UNSPECIFIED.,.F.,
  .F.,(2,2),(0.,0.411825205639),.PIECEWISE_BEZIER_KNOTS.);
#1207 = CARTESIAN_POINT('',(-12.44,24.21,5.));
#1208 = CARTESIAN_POINT('',(-12.64,24.57,5.));
#1209 = ORIENTED_EDGE('',*,*,#1210,.F.);
#1210 = EDGE_CURVE('',#1211,#1204,#1213,.T.);
#1211 = VERTEX_POINT('',#1212);
#1212 = CARTESIAN_POINT('',(-12.28,23.63,5.));
#1213 = B_SPLINE_CURVE_WITH_KNOTS('',1,(#1214,#1215),.UNSPECIFIED.,.F.,
  .F.,(2,2),(0.,0.60166435826),.PIECEWISE_BEZIER_KNOTS.);
#1214 = CARTESIAN_POINT('',(-12.28,23.63,5.));
#1215 = CARTESIAN_POINT('',(-12.44,24.21,5.));
#1216 = ORIENTED_EDGE('',*,*,#1217,.F.);
#1217 = EDGE_CURVE('',#1218,#1211,#1220,.T.);
#1218 = VERTEX_POINT('',#1219);
#1219 = CARTESIAN_POINT('',(-12.28,19.15,5.));
#1220 = B_SPLINE_CURVE_WITH_KNOTS('',1,(#1221,#1222),.UNSPECIFIED.,.F.,
  .F.,(2,2),(0.,4.48),.PIECEWISE_BEZIER_KNOTS.);
#1221 = CARTESIAN_POINT('',(-12.28,19.15,5.));
#1222 = CARTESIAN_POINT('',(-12.28,23.63,5.));
#1223 = ORIENTED_EDGE('',*,*,#1224,.F.);
#1224 = EDGE_CURVE('',#1225,#1218,#1227,.T.);
#1225 = VERTEX_POINT('',#1226);
#1226 = CARTESIAN_POINT('',(-10.58,19.12,5.));
#1227 = B_SPLINE_CURVE_WITH_KNOTS('',1,(#1228,#1229),.UNSPECIFIED.,.F.,
  .F.,(2,2),(0.,1.700264685277),.PIECEWISE_BEZIER_KNOTS.);
#1228 = CARTESIAN_POINT('',(-10.58,19.12,5.));
#1229 = CARTESIAN_POINT('',(-12.28,19.15,5.));
#1230 = ORIENTED_EDGE('',*,*,#1231,.F.);
#1231 = EDGE_CURVE('',#1232,#1225,#1234,.T.);
#1232 = VERTEX_POINT('',#1233);
#1233 = CARTESIAN_POINT('',(-10.58,17.41,5.));
#1234 = B_SPLINE_CURVE_WITH_KNOTS('',1,(#1235,#1236),.UNSPECIFIED.,.F.,
  .F.,(2,2),(0.,1.71),.PIECEWISE_BEZIER_KNOTS.);
#1235 = CARTESIAN_POINT('',(-10.58,17.41,5.));
#1236 = CARTESIAN_POINT('',(-10.58,19.12,5.));
#1237 = ORIENTED_EDGE('',*,*,#1238,.F.);
#1238 = EDGE_CURVE('',#1239,#1232,#1241,.T.);
#1239 = VERTEX_POINT('',#1240);
#1240 = CARTESIAN_POINT('',(-12.24,17.41,5.));
#1241 = B_SPLINE_CURVE_WITH_KNOTS('',1,(#1242,#1243),.UNSPECIFIED.,.F.,
  .F.,(2,2),(0.,1.66),.PIECEWISE_BEZIER_KNOTS.);
#1242 = CARTESIAN_POINT('',(-12.24,17.41,5.));
#1243 = CARTESIAN_POINT('',(-10.58,17.41,5.));
#1244 = ORIENTED_EDGE('',*,*,#1245,.F.);
#1245 = EDGE_CURVE('',#1246,#1239,#1248,.T.);
#1246 = VERTEX_POINT('',#1247);
#1247 = CARTESIAN_POINT('',(-12.31,16.01,5.));
#1248 = B_SPLINE_CURVE_WITH_KNOTS('',1,(#1249,#1250),.UNSPECIFIED.,.F.,
  .F.,(2,2),(0.,1.401748907615),.PIECEWISE_BEZIER_KNOTS.);
#1249 = CARTESIAN_POINT('',(-12.31,16.01,5.));
#1250 = CARTESIAN_POINT('',(-12.24,17.41,5.));
#1251 = ORIENTED_EDGE('',*,*,#1252,.F.);
#1252 = EDGE_CURVE('',#1253,#1246,#1255,.T.);
#1253 = VERTEX_POINT('',#1254);
#1254 = CARTESIAN_POINT('',(-12.93,15.8,5.));
#1255 = B_SPLINE_CURVE_WITH_KNOTS('',1,(#1256,#1257),.UNSPECIFIED.,.F.,
  .F.,(2,2),(0.,0.654599113962),.PIECEWISE_BEZIER_KNOTS.);
#1256 = CARTESIAN_POINT('',(-12.93,15.8,5.));
#1257 = CARTESIAN_POINT('',(-12.31,16.01,5.));
#1258 = ORIENTED_EDGE('',*,*,#1259,.F.);
#1259 = EDGE_CURVE('',#1260,#1253,#1262,.T.);
#1260 = VERTEX_POINT('',#1261);
#1261 = CARTESIAN_POINT('',(-13.55,15.56,5.));
#1262 = B_SPLINE_CURVE_WITH_KNOTS('',1,(#1263,#1264),.UNSPECIFIED.,.F.,
  .F.,(2,2),(0.,0.664830805544),.PIECEWISE_BEZIER_KNOTS.);
#1263 = CARTESIAN_POINT('',(-13.55,15.56,5.));
#1264 = CARTESIAN_POINT('',(-12.93,15.8,5.));
#1265 = ORIENTED_EDGE('',*,*,#1266,.F.);
#1266 = EDGE_CURVE('',#1267,#1260,#1269,.T.);
#1267 = VERTEX_POINT('',#1268);
#1268 = CARTESIAN_POINT('',(-13.88,15.4,5.));
#1269 = B_SPLINE_CURVE_WITH_KNOTS('',1,(#1270,#1271),.UNSPECIFIED.,.F.,
  .F.,(2,2),(0.,0.366742416418),.PIECEWISE_BEZIER_KNOTS.);
#1270 = CARTESIAN_POINT('',(-13.88,15.4,5.));
#1271 = CARTESIAN_POINT('',(-13.55,15.56,5.));
#1272 = ORIENTED_EDGE('',*,*,#1273,.F.);
#1273 = EDGE_CURVE('',#1274,#1267,#1276,.T.);
#1274 = VERTEX_POINT('',#1275);
#1275 = CARTESIAN_POINT('',(-15.21,14.92,5.));
#1276 = B_SPLINE_CURVE_WITH_KNOTS('',1,(#1277,#1278),.UNSPECIFIED.,.F.,
  .F.,(2,2),(0.,1.413966053341),.PIECEWISE_BEZIER_KNOTS.);
#1277 = CARTESIAN_POINT('',(-15.21,14.92,5.));
#1278 = CARTESIAN_POINT('',(-13.88,15.4,5.));
#1279 = ORIENTED_EDGE('',*,*,#1280,.F.);
#1280 = EDGE_CURVE('',#1281,#1274,#1283,.T.);
#1281 = VERTEX_POINT('',#1282);
#1282 = CARTESIAN_POINT('',(-15.85,14.63,5.));
#1283 = B_SPLINE_CURVE_WITH_KNOTS('',1,(#1284,#1285),.UNSPECIFIED.,.F.,
  .F.,(2,2),(0.,0.702637886824),.PIECEWISE_BEZIER_KNOTS.);
#1284 = CARTESIAN_POINT('',(-15.85,14.63,5.));
#1285 = CARTESIAN_POINT('',(-15.21,14.92,5.));
#1286 = ORIENTED_EDGE('',*,*,#1287,.F.);
#1287 = EDGE_CURVE('',#1288,#1281,#1290,.T.);
#1288 = VERTEX_POINT('',#1289);
#1289 = CARTESIAN_POINT('',(-15.85,15.33,5.));
#1290 = B_SPLINE_CURVE_WITH_KNOTS('',1,(#1291,#1292),.UNSPECIFIED.,.F.,
  .F.,(2,2),(0.,0.7),.PIECEWISE_BEZIER_KNOTS.);
#1291 = CARTESIAN_POINT('',(-15.85,15.33,5.));
#1292 = CARTESIAN_POINT('',(-15.85,14.63,5.));
#1293 = ORIENTED_EDGE('',*,*,#1294,.F.);
#1294 = EDGE_CURVE('',#1295,#1288,#1297,.T.);
#1295 = VERTEX_POINT('',#1296);
#1296 = CARTESIAN_POINT('',(-14.71,16.64,5.));
#1297 = B_SPLINE_CURVE_WITH_KNOTS('',1,(#1298,#1299),.UNSPECIFIED.,.F.,
  .F.,(2,2),(0.,1.736577093019),.PIECEWISE_BEZIER_KNOTS.);
#1298 = CARTESIAN_POINT('',(-14.71,16.64,5.));
#1299 = CARTESIAN_POINT('',(-15.85,15.33,5.));
#1300 = ORIENTED_EDGE('',*,*,#1301,.F.);
#1301 = EDGE_CURVE('',#1302,#1295,#1304,.T.);
#1302 = VERTEX_POINT('',#1303);
#1303 = CARTESIAN_POINT('',(-14.66,16.74,5.));
#1304 = B_SPLINE_CURVE_WITH_KNOTS('',1,(#1305,#1306),.UNSPECIFIED.,.F.,
  .F.,(2,2),(0.,0.111803398875),.PIECEWISE_BEZIER_KNOTS.);
#1305 = CARTESIAN_POINT('',(-14.66,16.74,5.));
#1306 = CARTESIAN_POINT('',(-14.71,16.64,5.));
#1307 = ORIENTED_EDGE('',*,*,#1308,.F.);
#1308 = EDGE_CURVE('',#1309,#1302,#1311,.T.);
#1309 = VERTEX_POINT('',#1310);
#1310 = CARTESIAN_POINT('',(-14.66,17.37,5.));
#1311 = B_SPLINE_CURVE_WITH_KNOTS('',1,(#1312,#1313),.UNSPECIFIED.,.F.,
  .F.,(2,2),(0.,0.63),.PIECEWISE_BEZIER_KNOTS.);
#1312 = CARTESIAN_POINT('',(-14.66,17.37,5.));
#1313 = CARTESIAN_POINT('',(-14.66,16.74,5.));
#1314 = ORIENTED_EDGE('',*,*,#1315,.F.);
#1315 = EDGE_CURVE('',#1316,#1309,#1318,.T.);
#1316 = VERTEX_POINT('',#1317);
#1317 = CARTESIAN_POINT('',(-18.34,17.41,5.));
#1318 = B_SPLINE_CURVE_WITH_KNOTS('',1,(#1319,#1320),.UNSPECIFIED.,.F.,
  .F.,(2,2),(0.,3.680217384884),.PIECEWISE_BEZIER_KNOTS.);
#1319 = CARTESIAN_POINT('',(-18.34,17.41,5.));
#1320 = CARTESIAN_POINT('',(-14.66,17.37,5.));
#1321 = ORIENTED_EDGE('',*,*,#1322,.F.);
#1322 = EDGE_CURVE('',#1323,#1316,#1325,.T.);
#1323 = VERTEX_POINT('',#1324);
#1324 = CARTESIAN_POINT('',(-18.34,19.11,5.));
#1325 = B_SPLINE_CURVE_WITH_KNOTS('',1,(#1326,#1327),.UNSPECIFIED.,.F.,
  .F.,(2,2),(0.,1.7),.PIECEWISE_BEZIER_KNOTS.);
#1326 = CARTESIAN_POINT('',(-18.34,19.11,5.));
#1327 = CARTESIAN_POINT('',(-18.34,17.41,5.));
#1328 = ORIENTED_EDGE('',*,*,#1329,.F.);
#1329 = EDGE_CURVE('',#1330,#1323,#1332,.T.);
#1330 = VERTEX_POINT('',#1331);
#1331 = CARTESIAN_POINT('',(-14.7,19.11,5.));
#1332 = B_SPLINE_CURVE_WITH_KNOTS('',1,(#1333,#1334),.UNSPECIFIED.,.F.,
  .F.,(2,2),(0.,3.64),.PIECEWISE_BEZIER_KNOTS.);
#1333 = CARTESIAN_POINT('',(-14.7,19.11,5.));
#1334 = CARTESIAN_POINT('',(-18.34,19.11,5.));
#1335 = ORIENTED_EDGE('',*,*,#1336,.F.);
#1336 = EDGE_CURVE('',#1337,#1330,#1339,.T.);
#1337 = VERTEX_POINT('',#1338);
#1338 = CARTESIAN_POINT('',(-14.66,23.38,5.));
#1339 = B_SPLINE_CURVE_WITH_KNOTS('',1,(#1340,#1341),.UNSPECIFIED.,.F.,
  .F.,(2,2),(0.,4.27018734952),.PIECEWISE_BEZIER_KNOTS.);
#1340 = CARTESIAN_POINT('',(-14.66,23.38,5.));
#1341 = CARTESIAN_POINT('',(-14.7,19.11,5.));
#1342 = ORIENTED_EDGE('',*,*,#1343,.F.);
#1343 = EDGE_CURVE('',#1344,#1337,#1346,.T.);
#1344 = VERTEX_POINT('',#1345);
#1345 = CARTESIAN_POINT('',(-14.78,23.66,5.));
#1346 = B_SPLINE_CURVE_WITH_KNOTS('',1,(#1347,#1348),.UNSPECIFIED.,.F.,
  .F.,(2,2),(0.,0.304630924235),.PIECEWISE_BEZIER_KNOTS.);
#1347 = CARTESIAN_POINT('',(-14.78,23.66,5.));
#1348 = CARTESIAN_POINT('',(-14.66,23.38,5.));
#1349 = ORIENTED_EDGE('',*,*,#1350,.F.);
#1350 = EDGE_CURVE('',#1351,#1344,#1353,.T.);
#1351 = VERTEX_POINT('',#1352);
#1352 = CARTESIAN_POINT('',(-15.04,23.93,5.));
#1353 = B_SPLINE_CURVE_WITH_KNOTS('',1,(#1354,#1355),.UNSPECIFIED.,.F.,
  .F.,(2,2),(0.,0.37483329628),.PIECEWISE_BEZIER_KNOTS.);
#1354 = CARTESIAN_POINT('',(-15.04,23.93,5.));
#1355 = CARTESIAN_POINT('',(-14.78,23.66,5.));
#1356 = ORIENTED_EDGE('',*,*,#1357,.F.);
#1357 = EDGE_CURVE('',#1358,#1351,#1360,.T.);
#1358 = VERTEX_POINT('',#1359);
#1359 = CARTESIAN_POINT('',(-15.28,24.04,5.));
#1360 = B_SPLINE_CURVE_WITH_KNOTS('',1,(#1361,#1362),.UNSPECIFIED.,.F.,
  .F.,(2,2),(0.,0.264007575649),.PIECEWISE_BEZIER_KNOTS.);
#1361 = CARTESIAN_POINT('',(-15.28,24.04,5.));
#1362 = CARTESIAN_POINT('',(-15.04,23.93,5.));
#1363 = ORIENTED_EDGE('',*,*,#1364,.F.);
#1364 = EDGE_CURVE('',#1365,#1358,#1367,.T.);
#1365 = VERTEX_POINT('',#1366);
#1366 = CARTESIAN_POINT('',(-15.47,24.08,5.));
#1367 = B_SPLINE_CURVE_WITH_KNOTS('',1,(#1368,#1369),.UNSPECIFIED.,.F.,
  .F.,(2,2),(0.,0.194164878389),.PIECEWISE_BEZIER_KNOTS.);
#1368 = CARTESIAN_POINT('',(-15.47,24.08,5.));
#1369 = CARTESIAN_POINT('',(-15.28,24.04,5.));
#1370 = ORIENTED_EDGE('',*,*,#1371,.F.);
#1371 = EDGE_CURVE('',#1372,#1365,#1374,.T.);
#1372 = VERTEX_POINT('',#1373);
#1373 = CARTESIAN_POINT('',(-18.34,24.08,5.));
#1374 = B_SPLINE_CURVE_WITH_KNOTS('',1,(#1375,#1376),.UNSPECIFIED.,.F.,
  .F.,(2,2),(0.,2.87),.PIECEWISE_BEZIER_KNOTS.);
#1375 = CARTESIAN_POINT('',(-18.34,24.08,5.));
#1376 = CARTESIAN_POINT('',(-15.47,24.08,5.));
#1377 = ORIENTED_EDGE('',*,*,#1378,.F.);
#1378 = EDGE_CURVE('',#1379,#1372,#1381,.T.);
#1379 = VERTEX_POINT('',#1380);
#1380 = CARTESIAN_POINT('',(-18.34,25.75,5.));
#1381 = B_SPLINE_CURVE_WITH_KNOTS('',1,(#1382,#1383),.UNSPECIFIED.,.F.,
  .F.,(2,2),(0.,1.67),.PIECEWISE_BEZIER_KNOTS.);
#1382 = CARTESIAN_POINT('',(-18.34,25.75,5.));
#1383 = CARTESIAN_POINT('',(-18.34,24.08,5.));
#1384 = ORIENTED_EDGE('',*,*,#1385,.F.);
#1385 = EDGE_CURVE('',#1386,#1379,#1388,.T.);
#1386 = VERTEX_POINT('',#1387);
#1387 = CARTESIAN_POINT('',(-14.74,25.75,5.));
#1388 = B_SPLINE_CURVE_WITH_KNOTS('',1,(#1389,#1390),.UNSPECIFIED.,.F.,
  .F.,(2,2),(0.,3.6),.PIECEWISE_BEZIER_KNOTS.);
#1389 = CARTESIAN_POINT('',(-14.74,25.75,5.));
#1390 = CARTESIAN_POINT('',(-18.34,25.75,5.));
#1391 = ORIENTED_EDGE('',*,*,#1392,.F.);
#1392 = EDGE_CURVE('',#1393,#1386,#1395,.T.);
#1393 = VERTEX_POINT('',#1394);
#1394 = CARTESIAN_POINT('',(-14.47,25.72,5.));
#1395 = B_SPLINE_CURVE_WITH_KNOTS('',1,(#1396,#1397),.UNSPECIFIED.,.F.,
  .F.,(2,2),(0.,0.271661554144),.PIECEWISE_BEZIER_KNOTS.);
#1396 = CARTESIAN_POINT('',(-14.47,25.72,5.));
#1397 = CARTESIAN_POINT('',(-14.74,25.75,5.));
#1398 = ORIENTED_EDGE('',*,*,#1399,.F.);
#1399 = EDGE_CURVE('',#1400,#1393,#1402,.T.);
#1400 = VERTEX_POINT('',#1401);
#1401 = CARTESIAN_POINT('',(-13.98,25.59,5.));
#1402 = B_SPLINE_CURVE_WITH_KNOTS('',1,(#1403,#1404),.UNSPECIFIED.,.F.,
  .F.,(2,2),(0.,0.506951674225),.PIECEWISE_BEZIER_KNOTS.);
#1403 = CARTESIAN_POINT('',(-13.98,25.59,5.));
#1404 = CARTESIAN_POINT('',(-14.47,25.72,5.));
#1405 = ORIENTED_EDGE('',*,*,#1406,.F.);
#1406 = EDGE_CURVE('',#1183,#1400,#1407,.T.);
#1407 = B_SPLINE_CURVE_WITH_KNOTS('',1,(#1408,#1409),.UNSPECIFIED.,.F.,
  .F.,(2,2),(0.,0.621691241695),.PIECEWISE_BEZIER_KNOTS.);
#1408 = CARTESIAN_POINT('',(-13.42,25.32,5.));
#1409 = CARTESIAN_POINT('',(-13.98,25.59,5.));
#1410 = FACE_BOUND('',#1411,.T.);
#1411 = EDGE_LOOP('',(#1412,#1421,#1428,#1435,#1442,#1449,#1456,#1463,
    #1470,#1477,#1484,#1491,#1498,#1505,#1512,#1519,#1526,#1533,#1540,
    #1547,#1554,#1561,#1568,#1575,#1582,#1589,#1596,#1603,#1610,#1617,
    #1624,#1631,#1638,#1645,#1652,#1659,#1666,#1673,#1680,#1687,#1694,
    #1701,#1708,#1715));
#1412 = ORIENTED_EDGE('',*,*,#1413,.F.);
#1413 = EDGE_CURVE('',#1414,#1416,#1418,.T.);
#1414 = VERTEX_POINT('',#1415);
#1415 = CARTESIAN_POINT('',(1.09,19.08,5.));
#1416 = VERTEX_POINT('',#1417);
#1417 = CARTESIAN_POINT('',(1.16,19.11,5.));
#1418 = B_SPLINE_CURVE_WITH_KNOTS('',1,(#1419,#1420),.UNSPECIFIED.,.F.,
  .F.,(2,2),(0.,7.615773105864E-02),.PIECEWISE_BEZIER_KNOTS.);
#1419 = CARTESIAN_POINT('',(1.09,19.08,5.));
#1420 = CARTESIAN_POINT('',(1.16,19.11,5.));
#1421 = ORIENTED_EDGE('',*,*,#1422,.F.);
#1422 = EDGE_CURVE('',#1423,#1414,#1425,.T.);
#1423 = VERTEX_POINT('',#1424);
#1424 = CARTESIAN_POINT('',(-0.74,17.41,5.));
#1425 = B_SPLINE_CURVE_WITH_KNOTS('',1,(#1426,#1427),.UNSPECIFIED.,.F.,
  .F.,(2,2),(0.,2.477458375029),.PIECEWISE_BEZIER_KNOTS.);
#1426 = CARTESIAN_POINT('',(-0.74,17.41,5.));
#1427 = CARTESIAN_POINT('',(1.09,19.08,5.));
#1428 = ORIENTED_EDGE('',*,*,#1429,.F.);
#1429 = EDGE_CURVE('',#1430,#1423,#1432,.T.);
#1430 = VERTEX_POINT('',#1431);
#1431 = CARTESIAN_POINT('',(-7.44,17.41,5.));
#1432 = B_SPLINE_CURVE_WITH_KNOTS('',1,(#1433,#1434),.UNSPECIFIED.,.F.,
  .F.,(2,2),(0.,6.7),.PIECEWISE_BEZIER_KNOTS.);
#1433 = CARTESIAN_POINT('',(-7.44,17.41,5.));
#1434 = CARTESIAN_POINT('',(-0.74,17.41,5.));
#1435 = ORIENTED_EDGE('',*,*,#1436,.F.);
#1436 = EDGE_CURVE('',#1437,#1430,#1439,.T.);
#1437 = VERTEX_POINT('',#1438);
#1438 = CARTESIAN_POINT('',(-7.96,17.51,5.));
#1439 = B_SPLINE_CURVE_WITH_KNOTS('',1,(#1440,#1441),.UNSPECIFIED.,.F.,
  .F.,(2,2),(0.,0.529528091795),.PIECEWISE_BEZIER_KNOTS.);
#1440 = CARTESIAN_POINT('',(-7.96,17.51,5.));
#1441 = CARTESIAN_POINT('',(-7.44,17.41,5.));
#1442 = ORIENTED_EDGE('',*,*,#1443,.F.);
#1443 = EDGE_CURVE('',#1444,#1437,#1446,.T.);
#1444 = VERTEX_POINT('',#1445);
#1445 = CARTESIAN_POINT('',(-8.52,17.74,5.));
#1446 = B_SPLINE_CURVE_WITH_KNOTS('',1,(#1447,#1448),.UNSPECIFIED.,.F.,
  .F.,(2,2),(0.,0.605392434707),.PIECEWISE_BEZIER_KNOTS.);
#1447 = CARTESIAN_POINT('',(-8.52,17.74,5.));
#1448 = CARTESIAN_POINT('',(-7.96,17.51,5.));
#1449 = ORIENTED_EDGE('',*,*,#1450,.F.);
#1450 = EDGE_CURVE('',#1451,#1444,#1453,.T.);
#1451 = VERTEX_POINT('',#1452);
#1452 = CARTESIAN_POINT('',(-8.98,18.06,5.));
#1453 = B_SPLINE_CURVE_WITH_KNOTS('',1,(#1454,#1455),.UNSPECIFIED.,.F.,
  .F.,(2,2),(0.,0.560357029045),.PIECEWISE_BEZIER_KNOTS.);
#1454 = CARTESIAN_POINT('',(-8.98,18.06,5.));
#1455 = CARTESIAN_POINT('',(-8.52,17.74,5.));
#1456 = ORIENTED_EDGE('',*,*,#1457,.F.);
#1457 = EDGE_CURVE('',#1458,#1451,#1460,.T.);
#1458 = VERTEX_POINT('',#1459);
#1459 = CARTESIAN_POINT('',(-9.27,18.39,5.));
#1460 = B_SPLINE_CURVE_WITH_KNOTS('',1,(#1461,#1462),.UNSPECIFIED.,.F.,
  .F.,(2,2),(0.,0.43931765273),.PIECEWISE_BEZIER_KNOTS.);
#1461 = CARTESIAN_POINT('',(-9.27,18.39,5.));
#1462 = CARTESIAN_POINT('',(-8.98,18.06,5.));
#1463 = ORIENTED_EDGE('',*,*,#1464,.F.);
#1464 = EDGE_CURVE('',#1465,#1458,#1467,.T.);
#1465 = VERTEX_POINT('',#1466);
#1466 = CARTESIAN_POINT('',(-9.53,18.82,5.));
#1467 = B_SPLINE_CURVE_WITH_KNOTS('',1,(#1468,#1469),.UNSPECIFIED.,.F.,
  .F.,(2,2),(0.,0.502493781056),.PIECEWISE_BEZIER_KNOTS.);
#1468 = CARTESIAN_POINT('',(-9.53,18.82,5.));
#1469 = CARTESIAN_POINT('',(-9.27,18.39,5.));
#1470 = ORIENTED_EDGE('',*,*,#1471,.F.);
#1471 = EDGE_CURVE('',#1472,#1465,#1474,.T.);
#1472 = VERTEX_POINT('',#1473);
#1473 = CARTESIAN_POINT('',(-9.73,19.43,5.));
#1474 = B_SPLINE_CURVE_WITH_KNOTS('',1,(#1475,#1476),.UNSPECIFIED.,.F.,
  .F.,(2,2),(0.,0.641950153828),.PIECEWISE_BEZIER_KNOTS.);
#1475 = CARTESIAN_POINT('',(-9.73,19.43,5.));
#1476 = CARTESIAN_POINT('',(-9.53,18.82,5.));
#1477 = ORIENTED_EDGE('',*,*,#1478,.F.);
#1478 = EDGE_CURVE('',#1479,#1472,#1481,.T.);
#1479 = VERTEX_POINT('',#1480);
#1480 = CARTESIAN_POINT('',(-9.76,20.61,5.));
#1481 = B_SPLINE_CURVE_WITH_KNOTS('',1,(#1482,#1483),.UNSPECIFIED.,.F.,
  .F.,(2,2),(0.,1.180381294328),.PIECEWISE_BEZIER_KNOTS.);
#1482 = CARTESIAN_POINT('',(-9.76,20.61,5.));
#1483 = CARTESIAN_POINT('',(-9.73,19.43,5.));
#1484 = ORIENTED_EDGE('',*,*,#1485,.F.);
#1485 = EDGE_CURVE('',#1486,#1479,#1488,.T.);
#1486 = VERTEX_POINT('',#1487);
#1487 = CARTESIAN_POINT('',(-9.73,25.75,5.));
#1488 = B_SPLINE_CURVE_WITH_KNOTS('',1,(#1489,#1490),.UNSPECIFIED.,.F.,
  .F.,(2,2),(0.,5.140087547893),.PIECEWISE_BEZIER_KNOTS.);
#1489 = CARTESIAN_POINT('',(-9.73,25.75,5.));
#1490 = CARTESIAN_POINT('',(-9.76,20.61,5.));
#1491 = ORIENTED_EDGE('',*,*,#1492,.F.);
#1492 = EDGE_CURVE('',#1493,#1486,#1495,.T.);
#1493 = VERTEX_POINT('',#1494);
#1494 = CARTESIAN_POINT('',(-1.E-01,25.75,5.));
#1495 = B_SPLINE_CURVE_WITH_KNOTS('',1,(#1496,#1497),.UNSPECIFIED.,.F.,
  .F.,(2,2),(0.,9.63),.PIECEWISE_BEZIER_KNOTS.);
#1496 = CARTESIAN_POINT('',(-1.E-01,25.75,5.));
#1497 = CARTESIAN_POINT('',(-9.73,25.75,5.));
#1498 = ORIENTED_EDGE('',*,*,#1499,.F.);
#1499 = EDGE_CURVE('',#1500,#1493,#1502,.T.);
#1500 = VERTEX_POINT('',#1501);
#1501 = CARTESIAN_POINT('',(0.39,25.65,5.));
#1502 = B_SPLINE_CURVE_WITH_KNOTS('',1,(#1503,#1504),.UNSPECIFIED.,.F.,
  .F.,(2,2),(0.,0.500099990002),.PIECEWISE_BEZIER_KNOTS.);
#1503 = CARTESIAN_POINT('',(0.39,25.65,5.));
#1504 = CARTESIAN_POINT('',(-1.E-01,25.75,5.));
#1505 = ORIENTED_EDGE('',*,*,#1506,.F.);
#1506 = EDGE_CURVE('',#1507,#1500,#1509,.T.);
#1507 = VERTEX_POINT('',#1508);
#1508 = CARTESIAN_POINT('',(0.91,25.42,5.));
#1509 = B_SPLINE_CURVE_WITH_KNOTS('',1,(#1510,#1511),.UNSPECIFIED.,.F.,
  .F.,(2,2),(0.,0.568594759033),.PIECEWISE_BEZIER_KNOTS.);
#1510 = CARTESIAN_POINT('',(0.91,25.42,5.));
#1511 = CARTESIAN_POINT('',(0.39,25.65,5.));
#1512 = ORIENTED_EDGE('',*,*,#1513,.F.);
#1513 = EDGE_CURVE('',#1514,#1507,#1516,.T.);
#1514 = VERTEX_POINT('',#1515);
#1515 = CARTESIAN_POINT('',(1.27,25.16,5.));
#1516 = B_SPLINE_CURVE_WITH_KNOTS('',1,(#1517,#1518),.UNSPECIFIED.,.F.,
  .F.,(2,2),(0.,0.444072066223),.PIECEWISE_BEZIER_KNOTS.);
#1517 = CARTESIAN_POINT('',(1.27,25.16,5.));
#1518 = CARTESIAN_POINT('',(0.91,25.42,5.));
#1519 = ORIENTED_EDGE('',*,*,#1520,.F.);
#1520 = EDGE_CURVE('',#1521,#1514,#1523,.T.);
#1521 = VERTEX_POINT('',#1522);
#1522 = CARTESIAN_POINT('',(1.43,25.,5.));
#1523 = B_SPLINE_CURVE_WITH_KNOTS('',1,(#1524,#1525),.UNSPECIFIED.,.F.,
  .F.,(2,2),(0.,0.22627416998),.PIECEWISE_BEZIER_KNOTS.);
#1524 = CARTESIAN_POINT('',(1.43,25.,5.));
#1525 = CARTESIAN_POINT('',(1.27,25.16,5.));
#1526 = ORIENTED_EDGE('',*,*,#1527,.F.);
#1527 = EDGE_CURVE('',#1528,#1521,#1530,.T.);
#1528 = VERTEX_POINT('',#1529);
#1529 = CARTESIAN_POINT('',(1.62,24.75,5.));
#1530 = B_SPLINE_CURVE_WITH_KNOTS('',1,(#1531,#1532),.UNSPECIFIED.,.F.,
  .F.,(2,2),(0.,0.314006369362),.PIECEWISE_BEZIER_KNOTS.);
#1531 = CARTESIAN_POINT('',(1.62,24.75,5.));
#1532 = CARTESIAN_POINT('',(1.43,25.,5.));
#1533 = ORIENTED_EDGE('',*,*,#1534,.F.);
#1534 = EDGE_CURVE('',#1535,#1528,#1537,.T.);
#1535 = VERTEX_POINT('',#1536);
#1536 = CARTESIAN_POINT('',(1.82,24.32,5.));
#1537 = B_SPLINE_CURVE_WITH_KNOTS('',1,(#1538,#1539),.UNSPECIFIED.,.F.,
  .F.,(2,2),(0.,0.474236228055),.PIECEWISE_BEZIER_KNOTS.);
#1538 = CARTESIAN_POINT('',(1.82,24.32,5.));
#1539 = CARTESIAN_POINT('',(1.62,24.75,5.));
#1540 = ORIENTED_EDGE('',*,*,#1541,.F.);
#1541 = EDGE_CURVE('',#1542,#1535,#1544,.T.);
#1542 = VERTEX_POINT('',#1543);
#1543 = CARTESIAN_POINT('',(1.88,24.04,5.));
#1544 = B_SPLINE_CURVE_WITH_KNOTS('',1,(#1545,#1546),.UNSPECIFIED.,.F.,
  .F.,(2,2),(0.,0.286356421266),.PIECEWISE_BEZIER_KNOTS.);
#1545 = CARTESIAN_POINT('',(1.88,24.04,5.));
#1546 = CARTESIAN_POINT('',(1.82,24.32,5.));
#1547 = ORIENTED_EDGE('',*,*,#1548,.F.);
#1548 = EDGE_CURVE('',#1549,#1542,#1551,.T.);
#1549 = VERTEX_POINT('',#1550);
#1550 = CARTESIAN_POINT('',(1.88,22.43,5.));
#1551 = B_SPLINE_CURVE_WITH_KNOTS('',1,(#1552,#1553),.UNSPECIFIED.,.F.,
  .F.,(2,2),(0.,1.61),.PIECEWISE_BEZIER_KNOTS.);
#1552 = CARTESIAN_POINT('',(1.88,22.43,5.));
#1553 = CARTESIAN_POINT('',(1.88,24.04,5.));
#1554 = ORIENTED_EDGE('',*,*,#1555,.F.);
#1555 = EDGE_CURVE('',#1556,#1549,#1558,.T.);
#1556 = VERTEX_POINT('',#1557);
#1557 = CARTESIAN_POINT('',(1.75,21.98,5.));
#1558 = B_SPLINE_CURVE_WITH_KNOTS('',1,(#1559,#1560),.UNSPECIFIED.,.F.,
  .F.,(2,2),(0.,0.468401537145),.PIECEWISE_BEZIER_KNOTS.);
#1559 = CARTESIAN_POINT('',(1.75,21.98,5.));
#1560 = CARTESIAN_POINT('',(1.88,22.43,5.));
#1561 = ORIENTED_EDGE('',*,*,#1562,.F.);
#1562 = EDGE_CURVE('',#1563,#1556,#1565,.T.);
#1563 = VERTEX_POINT('',#1564);
#1564 = CARTESIAN_POINT('',(1.49,21.53,5.));
#1565 = B_SPLINE_CURVE_WITH_KNOTS('',1,(#1566,#1567),.UNSPECIFIED.,.F.,
  .F.,(2,2),(0.,0.519711458407),.PIECEWISE_BEZIER_KNOTS.);
#1566 = CARTESIAN_POINT('',(1.49,21.53,5.));
#1567 = CARTESIAN_POINT('',(1.75,21.98,5.));
#1568 = ORIENTED_EDGE('',*,*,#1569,.F.);
#1569 = EDGE_CURVE('',#1570,#1563,#1572,.T.);
#1570 = VERTEX_POINT('',#1571);
#1571 = CARTESIAN_POINT('',(1.13,21.16,5.));
#1572 = B_SPLINE_CURVE_WITH_KNOTS('',1,(#1573,#1574),.UNSPECIFIED.,.F.,
  .F.,(2,2),(0.,0.516236379966),.PIECEWISE_BEZIER_KNOTS.);
#1573 = CARTESIAN_POINT('',(1.13,21.16,5.));
#1574 = CARTESIAN_POINT('',(1.49,21.53,5.));
#1575 = ORIENTED_EDGE('',*,*,#1576,.F.);
#1576 = EDGE_CURVE('',#1577,#1570,#1579,.T.);
#1577 = VERTEX_POINT('',#1578);
#1578 = CARTESIAN_POINT('',(0.91,21.,5.));
#1579 = B_SPLINE_CURVE_WITH_KNOTS('',1,(#1580,#1581),.UNSPECIFIED.,.F.,
  .F.,(2,2),(0.,0.272029410175),.PIECEWISE_BEZIER_KNOTS.);
#1580 = CARTESIAN_POINT('',(0.91,21.,5.));
#1581 = CARTESIAN_POINT('',(1.13,21.16,5.));
#1582 = ORIENTED_EDGE('',*,*,#1583,.F.);
#1583 = EDGE_CURVE('',#1584,#1577,#1586,.T.);
#1584 = VERTEX_POINT('',#1585);
#1585 = CARTESIAN_POINT('',(0.42,20.77,5.));
#1586 = B_SPLINE_CURVE_WITH_KNOTS('',1,(#1587,#1588),.UNSPECIFIED.,.F.,
  .F.,(2,2),(0.,0.541294744109),.PIECEWISE_BEZIER_KNOTS.);
#1587 = CARTESIAN_POINT('',(0.42,20.77,5.));
#1588 = CARTESIAN_POINT('',(0.91,21.,5.));
#1589 = ORIENTED_EDGE('',*,*,#1590,.F.);
#1590 = EDGE_CURVE('',#1591,#1584,#1593,.T.);
#1591 = VERTEX_POINT('',#1592);
#1592 = CARTESIAN_POINT('',(3.552713678801E-15,20.68,5.));
#1593 = B_SPLINE_CURVE_WITH_KNOTS('',1,(#1594,#1595),.UNSPECIFIED.,.F.,
  .F.,(2,2),(0.,0.429534631898),.PIECEWISE_BEZIER_KNOTS.);
#1594 = CARTESIAN_POINT('',(3.552713678801E-15,20.68,5.));
#1595 = CARTESIAN_POINT('',(0.42,20.77,5.));
#1596 = ORIENTED_EDGE('',*,*,#1597,.F.);
#1597 = EDGE_CURVE('',#1598,#1591,#1600,.T.);
#1598 = VERTEX_POINT('',#1599);
#1599 = CARTESIAN_POINT('',(-6.6,20.68,5.));
#1600 = B_SPLINE_CURVE_WITH_KNOTS('',1,(#1601,#1602),.UNSPECIFIED.,.F.,
  .F.,(2,2),(0.,6.6),.PIECEWISE_BEZIER_KNOTS.);
#1601 = CARTESIAN_POINT('',(-6.6,20.68,5.));
#1602 = CARTESIAN_POINT('',(3.552713678801E-15,20.68,5.));
#1603 = ORIENTED_EDGE('',*,*,#1604,.F.);
#1604 = EDGE_CURVE('',#1605,#1598,#1607,.T.);
#1605 = VERTEX_POINT('',#1606);
#1606 = CARTESIAN_POINT('',(-6.6,22.04,5.));
#1607 = B_SPLINE_CURVE_WITH_KNOTS('',1,(#1608,#1609),.UNSPECIFIED.,.F.,
  .F.,(2,2),(0.,1.36),.PIECEWISE_BEZIER_KNOTS.);
#1608 = CARTESIAN_POINT('',(-6.6,22.04,5.));
#1609 = CARTESIAN_POINT('',(-6.6,20.68,5.));
#1610 = ORIENTED_EDGE('',*,*,#1611,.F.);
#1611 = EDGE_CURVE('',#1612,#1605,#1614,.T.);
#1612 = VERTEX_POINT('',#1613);
#1613 = CARTESIAN_POINT('',(-0.75,22.04,5.));
#1614 = B_SPLINE_CURVE_WITH_KNOTS('',1,(#1615,#1616),.UNSPECIFIED.,.F.,
  .F.,(2,2),(0.,5.85),.PIECEWISE_BEZIER_KNOTS.);
#1615 = CARTESIAN_POINT('',(-0.75,22.04,5.));
#1616 = CARTESIAN_POINT('',(-6.6,22.04,5.));
#1617 = ORIENTED_EDGE('',*,*,#1618,.F.);
#1618 = EDGE_CURVE('',#1619,#1612,#1621,.T.);
#1619 = VERTEX_POINT('',#1620);
#1620 = CARTESIAN_POINT('',(-0.51,22.16,5.));
#1621 = B_SPLINE_CURVE_WITH_KNOTS('',1,(#1622,#1623),.UNSPECIFIED.,.F.,
  .F.,(2,2),(0.,0.2683281573),.PIECEWISE_BEZIER_KNOTS.);
#1622 = CARTESIAN_POINT('',(-0.51,22.16,5.));
#1623 = CARTESIAN_POINT('',(-0.75,22.04,5.));
#1624 = ORIENTED_EDGE('',*,*,#1625,.F.);
#1625 = EDGE_CURVE('',#1626,#1619,#1628,.T.);
#1626 = VERTEX_POINT('',#1627);
#1627 = CARTESIAN_POINT('',(-0.25,22.43,5.));
#1628 = B_SPLINE_CURVE_WITH_KNOTS('',1,(#1629,#1630),.UNSPECIFIED.,.F.,
  .F.,(2,2),(0.,0.37483329628),.PIECEWISE_BEZIER_KNOTS.);
#1629 = CARTESIAN_POINT('',(-0.25,22.43,5.));
#1630 = CARTESIAN_POINT('',(-0.51,22.16,5.));
#1631 = ORIENTED_EDGE('',*,*,#1632,.F.);
#1632 = EDGE_CURVE('',#1633,#1626,#1635,.T.);
#1633 = VERTEX_POINT('',#1634);
#1634 = CARTESIAN_POINT('',(-0.16,22.63,5.));
#1635 = B_SPLINE_CURVE_WITH_KNOTS('',1,(#1636,#1637),.UNSPECIFIED.,.F.,
  .F.,(2,2),(0.,0.219317121995),.PIECEWISE_BEZIER_KNOTS.);
#1636 = CARTESIAN_POINT('',(-0.16,22.63,5.));
#1637 = CARTESIAN_POINT('',(-0.25,22.43,5.));
#1638 = ORIENTED_EDGE('',*,*,#1639,.F.);
#1639 = EDGE_CURVE('',#1640,#1633,#1642,.T.);
#1640 = VERTEX_POINT('',#1641);
#1641 = CARTESIAN_POINT('',(-0.16,23.63,5.));
#1642 = B_SPLINE_CURVE_WITH_KNOTS('',1,(#1643,#1644),.UNSPECIFIED.,.F.,
  .F.,(2,2),(0.,1.),.PIECEWISE_BEZIER_KNOTS.);
#1643 = CARTESIAN_POINT('',(-0.16,23.63,5.));
#1644 = CARTESIAN_POINT('',(-0.16,22.63,5.));
#1645 = ORIENTED_EDGE('',*,*,#1646,.F.);
#1646 = EDGE_CURVE('',#1647,#1640,#1649,.T.);
#1647 = VERTEX_POINT('',#1648);
#1648 = CARTESIAN_POINT('',(-0.25,23.79,5.));
#1649 = B_SPLINE_CURVE_WITH_KNOTS('',1,(#1650,#1651),.UNSPECIFIED.,.F.,
  .F.,(2,2),(0.,0.183575597507),.PIECEWISE_BEZIER_KNOTS.);
#1650 = CARTESIAN_POINT('',(-0.25,23.79,5.));
#1651 = CARTESIAN_POINT('',(-0.16,23.63,5.));
#1652 = ORIENTED_EDGE('',*,*,#1653,.F.);
#1653 = EDGE_CURVE('',#1654,#1647,#1656,.T.);
#1654 = VERTEX_POINT('',#1655);
#1655 = CARTESIAN_POINT('',(-0.43,24.01,5.));
#1656 = B_SPLINE_CURVE_WITH_KNOTS('',1,(#1657,#1658),.UNSPECIFIED.,.F.,
  .F.,(2,2),(0.,0.284253408071),.PIECEWISE_BEZIER_KNOTS.);
#1657 = CARTESIAN_POINT('',(-0.43,24.01,5.));
#1658 = CARTESIAN_POINT('',(-0.25,23.79,5.));
#1659 = ORIENTED_EDGE('',*,*,#1660,.F.);
#1660 = EDGE_CURVE('',#1661,#1654,#1663,.T.);
#1661 = VERTEX_POINT('',#1662);
#1662 = CARTESIAN_POINT('',(-0.79,24.18,5.));
#1663 = B_SPLINE_CURVE_WITH_KNOTS('',1,(#1664,#1665),.UNSPECIFIED.,.F.,
  .F.,(2,2),(0.,0.398120584748),.PIECEWISE_BEZIER_KNOTS.);
#1664 = CARTESIAN_POINT('',(-0.79,24.18,5.));
#1665 = CARTESIAN_POINT('',(-0.43,24.01,5.));
#1666 = ORIENTED_EDGE('',*,*,#1667,.F.);
#1667 = EDGE_CURVE('',#1668,#1661,#1670,.T.);
#1668 = VERTEX_POINT('',#1669);
#1669 = CARTESIAN_POINT('',(-7.44,24.15,5.));
#1670 = B_SPLINE_CURVE_WITH_KNOTS('',1,(#1671,#1672),.UNSPECIFIED.,.F.,
  .F.,(2,2),(0.,6.650067668829),.PIECEWISE_BEZIER_KNOTS.);
#1671 = CARTESIAN_POINT('',(-7.44,24.15,5.));
#1672 = CARTESIAN_POINT('',(-0.79,24.18,5.));
#1673 = ORIENTED_EDGE('',*,*,#1674,.F.);
#1674 = EDGE_CURVE('',#1675,#1668,#1677,.T.);
#1675 = VERTEX_POINT('',#1676);
#1676 = CARTESIAN_POINT('',(-7.51,24.,5.));
#1677 = B_SPLINE_CURVE_WITH_KNOTS('',1,(#1678,#1679),.UNSPECIFIED.,.F.,
  .F.,(2,2),(0.,0.165529453572),.PIECEWISE_BEZIER_KNOTS.);
#1678 = CARTESIAN_POINT('',(-7.51,24.,5.));
#1679 = CARTESIAN_POINT('',(-7.44,24.15,5.));
#1680 = ORIENTED_EDGE('',*,*,#1681,.F.);
#1681 = EDGE_CURVE('',#1682,#1675,#1684,.T.);
#1682 = VERTEX_POINT('',#1683);
#1683 = CARTESIAN_POINT('',(-7.51,20.02,5.));
#1684 = B_SPLINE_CURVE_WITH_KNOTS('',1,(#1685,#1686),.UNSPECIFIED.,.F.,
  .F.,(2,2),(0.,3.98),.PIECEWISE_BEZIER_KNOTS.);
#1685 = CARTESIAN_POINT('',(-7.51,20.02,5.));
#1686 = CARTESIAN_POINT('',(-7.51,24.,5.));
#1687 = ORIENTED_EDGE('',*,*,#1688,.F.);
#1688 = EDGE_CURVE('',#1689,#1682,#1691,.T.);
#1689 = VERTEX_POINT('',#1690);
#1690 = CARTESIAN_POINT('',(-7.48,19.8,5.));
#1691 = B_SPLINE_CURVE_WITH_KNOTS('',1,(#1692,#1693),.UNSPECIFIED.,.F.,
  .F.,(2,2),(0.,0.222036033112),.PIECEWISE_BEZIER_KNOTS.);
#1692 = CARTESIAN_POINT('',(-7.48,19.8,5.));
#1693 = CARTESIAN_POINT('',(-7.51,20.02,5.));
#1694 = ORIENTED_EDGE('',*,*,#1695,.F.);
#1695 = EDGE_CURVE('',#1696,#1689,#1698,.T.);
#1696 = VERTEX_POINT('',#1697);
#1697 = CARTESIAN_POINT('',(-7.32,19.53,5.));
#1698 = B_SPLINE_CURVE_WITH_KNOTS('',1,(#1699,#1700),.UNSPECIFIED.,.F.,
  .F.,(2,2),(0.,0.31384709653),.PIECEWISE_BEZIER_KNOTS.);
#1699 = CARTESIAN_POINT('',(-7.32,19.53,5.));
#1700 = CARTESIAN_POINT('',(-7.48,19.8,5.));
#1701 = ORIENTED_EDGE('',*,*,#1702,.F.);
#1702 = EDGE_CURVE('',#1703,#1696,#1705,.T.);
#1703 = VERTEX_POINT('',#1704);
#1704 = CARTESIAN_POINT('',(-6.99,19.23,5.));
#1705 = B_SPLINE_CURVE_WITH_KNOTS('',1,(#1706,#1707),.UNSPECIFIED.,.F.,
  .F.,(2,2),(0.,0.44598206242),.PIECEWISE_BEZIER_KNOTS.);
#1706 = CARTESIAN_POINT('',(-6.99,19.23,5.));
#1707 = CARTESIAN_POINT('',(-7.32,19.53,5.));
#1708 = ORIENTED_EDGE('',*,*,#1709,.F.);
#1709 = EDGE_CURVE('',#1710,#1703,#1712,.T.);
#1710 = VERTEX_POINT('',#1711);
#1711 = CARTESIAN_POINT('',(-6.68,19.11,5.));
#1712 = B_SPLINE_CURVE_WITH_KNOTS('',1,(#1713,#1714),.UNSPECIFIED.,.F.,
  .F.,(2,2),(0.,0.332415402772),.PIECEWISE_BEZIER_KNOTS.);
#1713 = CARTESIAN_POINT('',(-6.68,19.11,5.));
#1714 = CARTESIAN_POINT('',(-6.99,19.23,5.));
#1715 = ORIENTED_EDGE('',*,*,#1716,.F.);
#1716 = EDGE_CURVE('',#1416,#1710,#1717,.T.);
#1717 = B_SPLINE_CURVE_WITH_KNOTS('',1,(#1718,#1719),.UNSPECIFIED.,.F.,
  .F.,(2,2),(0.,7.84),.PIECEWISE_BEZIER_KNOTS.);
#1718 = CARTESIAN_POINT('',(1.16,19.11,5.));
#1719 = CARTESIAN_POINT('',(-6.68,19.11,5.));
#1720 = FACE_BOUND('',#1721,.T.);
#1721 = EDGE_LOOP('',(#1722));
#1722 = ORIENTED_EDGE('',*,*,#1723,.F.);
#1723 = EDGE_CURVE('',#1724,#1724,#1726,.T.);
#1724 = VERTEX_POINT('',#1725);
#1725 = CARTESIAN_POINT('',(-32.500042,45.49963,5.));
#1726 = CIRCLE('',#1727,5.5);
#1727 = AXIS2_PLACEMENT_3D('',#1728,#1729,#1730);
#1728 = CARTESIAN_POINT('',(-38.000042,45.49963,5.));
#1729 = DIRECTION('',(0.,0.,1.));
#1730 = DIRECTION('',(1.,0.,0.));
#1731 = FACE_BOUND('',#1732,.T.);
#1732 = EDGE_LOOP('',(#1733,#1744,#1752,#1761,#1770,#1779,#1787,#1796));
#1733 = ORIENTED_EDGE('',*,*,#1734,.F.);
#1734 = EDGE_CURVE('',#1735,#1737,#1739,.T.);
#1735 = VERTEX_POINT('',#1736);
#1736 = CARTESIAN_POINT('',(-24.15669378717,49.999718244591,5.));
#1737 = VERTEX_POINT('',#1738);
#1738 = CARTESIAN_POINT('',(-24.58393173705,49.878534971128,5.));
#1739 = CIRCLE('',#1740,0.813716472372);
#1740 = AXIS2_PLACEMENT_3D('',#1741,#1742,#1743);
#1741 = CARTESIAN_POINT('',(-24.15669378717,49.186001772219,5.));
#1742 = DIRECTION('',(0.,0.,1.));
#1743 = DIRECTION('',(1.,0.,0.));
#1744 = ORIENTED_EDGE('',*,*,#1745,.T.);
#1745 = EDGE_CURVE('',#1735,#1746,#1748,.T.);
#1746 = VERTEX_POINT('',#1747);
#1747 = CARTESIAN_POINT('',(-18.84386868329,49.999718244591,5.));
#1748 = LINE('',#1749,#1750);
#1749 = CARTESIAN_POINT('',(-24.15669378717,49.999718244591,5.));
#1750 = VECTOR('',#1751,1.);
#1751 = DIRECTION('',(1.,0.,0.));
#1752 = ORIENTED_EDGE('',*,*,#1753,.F.);
#1753 = EDGE_CURVE('',#1754,#1746,#1756,.T.);
#1754 = VERTEX_POINT('',#1755);
#1755 = CARTESIAN_POINT('',(-18.40032501852,49.873046091813,5.));
#1756 = CIRCLE('',#1757,0.839872111524);
#1757 = AXIS2_PLACEMENT_3D('',#1758,#1759,#1760);
#1758 = CARTESIAN_POINT('',(-18.84386868329,49.159846133067,5.));
#1759 = DIRECTION('',(0.,0.,1.));
#1760 = DIRECTION('',(1.,0.,0.));
#1761 = ORIENTED_EDGE('',*,*,#1762,.F.);
#1762 = EDGE_CURVE('',#1763,#1754,#1765,.T.);
#1763 = VERTEX_POINT('',#1764);
#1764 = CARTESIAN_POINT('',(-18.4139881121,40.5236311788,5.));
#1765 = CIRCLE('',#1766,5.5);
#1766 = AXIS2_PLACEMENT_3D('',#1767,#1768,#1769);
#1767 = CARTESIAN_POINT('',(-21.30492218608,45.202573386168,5.));
#1768 = DIRECTION('',(0.,0.,1.));
#1769 = DIRECTION('',(1.,0.,0.));
#1770 = ORIENTED_EDGE('',*,*,#1771,.F.);
#1771 = EDGE_CURVE('',#1772,#1763,#1774,.T.);
#1772 = VERTEX_POINT('',#1773);
#1773 = CARTESIAN_POINT('',(-18.85028532417,40.399717863344,5.));
#1774 = CIRCLE('',#1775,0.830055132692);
#1775 = AXIS2_PLACEMENT_3D('',#1776,#1777,#1778);
#1776 = CARTESIAN_POINT('',(-18.85028532417,41.229772996035,5.));
#1777 = DIRECTION('',(0.,0.,1.));
#1778 = DIRECTION('',(1.,0.,0.));
#1779 = ORIENTED_EDGE('',*,*,#1780,.F.);
#1780 = EDGE_CURVE('',#1781,#1772,#1783,.T.);
#1781 = VERTEX_POINT('',#1782);
#1782 = CARTESIAN_POINT('',(-24.17670789068,40.399717863344,5.));
#1783 = LINE('',#1784,#1785);
#1784 = CARTESIAN_POINT('',(-24.17670789068,40.399717863344,5.));
#1785 = VECTOR('',#1786,1.);
#1786 = DIRECTION('',(1.,0.,0.));
#1787 = ORIENTED_EDGE('',*,*,#1788,.F.);
#1788 = EDGE_CURVE('',#1789,#1781,#1791,.T.);
#1789 = VERTEX_POINT('',#1790);
#1790 = CARTESIAN_POINT('',(-24.57871354397,40.513502178957,5.));
#1791 = CIRCLE('',#1792,0.767045153886);
#1792 = AXIS2_PLACEMENT_3D('',#1793,#1794,#1795);
#1793 = CARTESIAN_POINT('',(-24.17670789068,41.166763017229,5.));
#1794 = DIRECTION('',(0.,0.,1.));
#1795 = DIRECTION('',(1.,0.,0.));
#1796 = ORIENTED_EDGE('',*,*,#1797,.F.);
#1797 = EDGE_CURVE('',#1737,#1789,#1798,.T.);
#1798 = CIRCLE('',#1799,5.5);
#1799 = AXIS2_PLACEMENT_3D('',#1800,#1801,#1802);
#1800 = CARTESIAN_POINT('',(-21.69618298901,45.197626173872,5.));
#1801 = DIRECTION('',(0.,0.,1.));
#1802 = DIRECTION('',(1.,0.,0.));
#1803 = FACE_BOUND('',#1804,.T.);
#1804 = EDGE_LOOP('',(#1805));
#1805 = ORIENTED_EDGE('',*,*,#1806,.F.);
#1806 = EDGE_CURVE('',#1807,#1807,#1809,.T.);
#1807 = VERTEX_POINT('',#1808);
#1808 = CARTESIAN_POINT('',(-25.999344,61.000214,5.));
#1809 = CIRCLE('',#1810,4.);
#1810 = AXIS2_PLACEMENT_3D('',#1811,#1812,#1813);
#1811 = CARTESIAN_POINT('',(-29.999344,61.000214,5.));
#1812 = DIRECTION('',(0.,0.,1.));
#1813 = DIRECTION('',(1.,0.,0.));
#1814 = FACE_BOUND('',#1815,.T.);
#1815 = EDGE_LOOP('',(#1816));
#1816 = ORIENTED_EDGE('',*,*,#1817,.F.);
#1817 = EDGE_CURVE('',#1818,#1818,#1820,.T.);
#1818 = VERTEX_POINT('',#1819);
#1819 = CARTESIAN_POINT('',(-0.500124,49.000004,5.));
#1820 = CIRCLE('',#1821,3.5);
#1821 = AXIS2_PLACEMENT_3D('',#1822,#1823,#1824);
#1822 = CARTESIAN_POINT('',(-4.000124,49.000004,5.));
#1823 = DIRECTION('',(0.,0.,1.));
#1824 = DIRECTION('',(1.,0.,0.));
#1825 = FACE_BOUND('',#1826,.T.);
#1826 = EDGE_LOOP('',(#1827));
#1827 = ORIENTED_EDGE('',*,*,#1828,.F.);
#1828 = EDGE_CURVE('',#1829,#1829,#1831,.T.);
#1829 = VERTEX_POINT('',#1830);
#1830 = CARTESIAN_POINT('',(4.,60.999756,5.));
#1831 = CIRCLE('',#1832,4.);
#1832 = AXIS2_PLACEMENT_3D('',#1833,#1834,#1835);
#1833 = CARTESIAN_POINT('',(0.,60.999756,5.));
#1834 = DIRECTION('',(0.,0.,1.));
#1835 = DIRECTION('',(1.,0.,0.));
#1836 = FACE_BOUND('',#1837,.T.);
#1837 = EDGE_LOOP('',(#1838,#1847,#1854,#1861,#1868,#1875,#1882,#1889,
    #1896,#1903,#1910,#1917,#1924,#1931,#1938,#1945,#1952,#1959,#1966,
    #1973,#1980,#1987,#1994,#2001,#2008,#2015,#2022,#2029,#2036,#2043,
    #2050,#2057,#2064,#2071,#2078));
#1838 = ORIENTED_EDGE('',*,*,#1839,.F.);
#1839 = EDGE_CURVE('',#1840,#1842,#1844,.T.);
#1840 = VERTEX_POINT('',#1841);
#1841 = CARTESIAN_POINT('',(20.,13.68,5.));
#1842 = VERTEX_POINT('',#1843);
#1843 = CARTESIAN_POINT('',(20.31,14.2,5.));
#1844 = B_SPLINE_CURVE_WITH_KNOTS('',1,(#1845,#1846),.UNSPECIFIED.,.F.,
  .F.,(2,2),(0.,0.605392434707),.PIECEWISE_BEZIER_KNOTS.);
#1845 = CARTESIAN_POINT('',(20.,13.68,5.));
#1846 = CARTESIAN_POINT('',(20.31,14.2,5.));
#1847 = ORIENTED_EDGE('',*,*,#1848,.F.);
#1848 = EDGE_CURVE('',#1849,#1840,#1851,.T.);
#1849 = VERTEX_POINT('',#1850);
#1850 = CARTESIAN_POINT('',(19.95,13.53,5.));
#1851 = B_SPLINE_CURVE_WITH_KNOTS('',1,(#1852,#1853),.UNSPECIFIED.,.F.,
  .F.,(2,2),(0.,0.158113883008),.PIECEWISE_BEZIER_KNOTS.);
#1852 = CARTESIAN_POINT('',(19.95,13.53,5.));
#1853 = CARTESIAN_POINT('',(20.,13.68,5.));
#1854 = ORIENTED_EDGE('',*,*,#1855,.F.);
#1855 = EDGE_CURVE('',#1856,#1849,#1858,.T.);
#1856 = VERTEX_POINT('',#1857);
#1857 = CARTESIAN_POINT('',(18.46,13.53,5.));
#1858 = B_SPLINE_CURVE_WITH_KNOTS('',1,(#1859,#1860),.UNSPECIFIED.,.F.,
  .F.,(2,2),(0.,1.49),.PIECEWISE_BEZIER_KNOTS.);
#1859 = CARTESIAN_POINT('',(18.46,13.53,5.));
#1860 = CARTESIAN_POINT('',(19.95,13.53,5.));
#1861 = ORIENTED_EDGE('',*,*,#1862,.F.);
#1862 = EDGE_CURVE('',#1863,#1856,#1865,.T.);
#1863 = VERTEX_POINT('',#1864);
#1864 = CARTESIAN_POINT('',(16.49,15.4,5.));
#1865 = B_SPLINE_CURVE_WITH_KNOTS('',1,(#1866,#1867),.UNSPECIFIED.,.F.,
  .F.,(2,2),(0.,2.716210595664),.PIECEWISE_BEZIER_KNOTS.);
#1866 = CARTESIAN_POINT('',(16.49,15.4,5.));
#1867 = CARTESIAN_POINT('',(18.46,13.53,5.));
#1868 = ORIENTED_EDGE('',*,*,#1869,.F.);
#1869 = EDGE_CURVE('',#1870,#1863,#1872,.T.);
#1870 = VERTEX_POINT('',#1871);
#1871 = CARTESIAN_POINT('',(16.38,15.54,5.));
#1872 = B_SPLINE_CURVE_WITH_KNOTS('',1,(#1873,#1874),.UNSPECIFIED.,.F.,
  .F.,(2,2),(0.,0.178044938148),.PIECEWISE_BEZIER_KNOTS.);
#1873 = CARTESIAN_POINT('',(16.38,15.54,5.));
#1874 = CARTESIAN_POINT('',(16.49,15.4,5.));
#1875 = ORIENTED_EDGE('',*,*,#1876,.F.);
#1876 = EDGE_CURVE('',#1877,#1870,#1879,.T.);
#1877 = VERTEX_POINT('',#1878);
#1878 = CARTESIAN_POINT('',(15.56,16.33,5.));
#1879 = B_SPLINE_CURVE_WITH_KNOTS('',1,(#1880,#1881),.UNSPECIFIED.,.F.,
  .F.,(2,2),(0.,1.138639539099),.PIECEWISE_BEZIER_KNOTS.);
#1880 = CARTESIAN_POINT('',(15.56,16.33,5.));
#1881 = CARTESIAN_POINT('',(16.38,15.54,5.));
#1882 = ORIENTED_EDGE('',*,*,#1883,.F.);
#1883 = EDGE_CURVE('',#1884,#1877,#1886,.T.);
#1884 = VERTEX_POINT('',#1885);
#1885 = CARTESIAN_POINT('',(14.98,16.84,5.));
#1886 = B_SPLINE_CURVE_WITH_KNOTS('',1,(#1887,#1888),.UNSPECIFIED.,.F.,
  .F.,(2,2),(0.,0.772334124586),.PIECEWISE_BEZIER_KNOTS.);
#1887 = CARTESIAN_POINT('',(14.98,16.84,5.));
#1888 = CARTESIAN_POINT('',(15.56,16.33,5.));
#1889 = ORIENTED_EDGE('',*,*,#1890,.F.);
#1890 = EDGE_CURVE('',#1891,#1884,#1893,.T.);
#1891 = VERTEX_POINT('',#1892);
#1892 = CARTESIAN_POINT('',(14.2,17.62,5.));
#1893 = B_SPLINE_CURVE_WITH_KNOTS('',1,(#1894,#1895),.UNSPECIFIED.,.F.,
  .F.,(2,2),(0.,1.103086578651),.PIECEWISE_BEZIER_KNOTS.);
#1894 = CARTESIAN_POINT('',(14.2,17.62,5.));
#1895 = CARTESIAN_POINT('',(14.98,16.84,5.));
#1896 = ORIENTED_EDGE('',*,*,#1897,.F.);
#1897 = EDGE_CURVE('',#1898,#1891,#1900,.T.);
#1898 = VERTEX_POINT('',#1899);
#1899 = CARTESIAN_POINT('',(13.42,18.33,5.));
#1900 = B_SPLINE_CURVE_WITH_KNOTS('',1,(#1901,#1902),.UNSPECIFIED.,.F.,
  .F.,(2,2),(0.,1.054751155486),.PIECEWISE_BEZIER_KNOTS.);
#1901 = CARTESIAN_POINT('',(13.42,18.33,5.));
#1902 = CARTESIAN_POINT('',(14.2,17.62,5.));
#1903 = ORIENTED_EDGE('',*,*,#1904,.F.);
#1904 = EDGE_CURVE('',#1905,#1898,#1907,.T.);
#1905 = VERTEX_POINT('',#1906);
#1906 = CARTESIAN_POINT('',(12.6,19.15,5.));
#1907 = B_SPLINE_CURVE_WITH_KNOTS('',1,(#1908,#1909),.UNSPECIFIED.,.F.,
  .F.,(2,2),(0.,1.159655121146),.PIECEWISE_BEZIER_KNOTS.);
#1908 = CARTESIAN_POINT('',(12.6,19.15,5.));
#1909 = CARTESIAN_POINT('',(13.42,18.33,5.));
#1910 = ORIENTED_EDGE('',*,*,#1911,.F.);
#1911 = EDGE_CURVE('',#1912,#1905,#1914,.T.);
#1912 = VERTEX_POINT('',#1913);
#1913 = CARTESIAN_POINT('',(12.41,19.3,5.));
#1914 = B_SPLINE_CURVE_WITH_KNOTS('',1,(#1915,#1916),.UNSPECIFIED.,.F.,
  .F.,(2,2),(0.,0.242074368738),.PIECEWISE_BEZIER_KNOTS.);
#1915 = CARTESIAN_POINT('',(12.41,19.3,5.));
#1916 = CARTESIAN_POINT('',(12.6,19.15,5.));
#1917 = ORIENTED_EDGE('',*,*,#1918,.F.);
#1918 = EDGE_CURVE('',#1919,#1912,#1921,.T.);
#1919 = VERTEX_POINT('',#1920);
#1920 = CARTESIAN_POINT('',(12.2,19.2,5.));
#1921 = B_SPLINE_CURVE_WITH_KNOTS('',1,(#1922,#1923),.UNSPECIFIED.,.F.,
  .F.,(2,2),(0.,0.232594066992),.PIECEWISE_BEZIER_KNOTS.);
#1922 = CARTESIAN_POINT('',(12.2,19.2,5.));
#1923 = CARTESIAN_POINT('',(12.41,19.3,5.));
#1924 = ORIENTED_EDGE('',*,*,#1925,.F.);
#1925 = EDGE_CURVE('',#1926,#1919,#1928,.T.);
#1926 = VERTEX_POINT('',#1927);
#1927 = CARTESIAN_POINT('',(11.41,18.4,5.));
#1928 = B_SPLINE_CURVE_WITH_KNOTS('',1,(#1929,#1930),.UNSPECIFIED.,.F.,
  .F.,(2,2),(0.,1.124322017929),.PIECEWISE_BEZIER_KNOTS.);
#1929 = CARTESIAN_POINT('',(11.41,18.4,5.));
#1930 = CARTESIAN_POINT('',(12.2,19.2,5.));
#1931 = ORIENTED_EDGE('',*,*,#1932,.F.);
#1932 = EDGE_CURVE('',#1933,#1926,#1935,.T.);
#1933 = VERTEX_POINT('',#1934);
#1934 = CARTESIAN_POINT('',(6.3,13.53,5.));
#1935 = B_SPLINE_CURVE_WITH_KNOTS('',1,(#1936,#1937),.UNSPECIFIED.,.F.,
  .F.,(2,2),(0.,7.058965929936),.PIECEWISE_BEZIER_KNOTS.);
#1936 = CARTESIAN_POINT('',(6.3,13.53,5.));
#1937 = CARTESIAN_POINT('',(11.41,18.4,5.));
#1938 = ORIENTED_EDGE('',*,*,#1939,.F.);
#1939 = EDGE_CURVE('',#1940,#1933,#1942,.T.);
#1940 = VERTEX_POINT('',#1941);
#1941 = CARTESIAN_POINT('',(3.55,13.53,5.));
#1942 = B_SPLINE_CURVE_WITH_KNOTS('',1,(#1943,#1944),.UNSPECIFIED.,.F.,
  .F.,(2,2),(0.,2.75),.PIECEWISE_BEZIER_KNOTS.);
#1943 = CARTESIAN_POINT('',(3.55,13.53,5.));
#1944 = CARTESIAN_POINT('',(6.3,13.53,5.));
#1945 = ORIENTED_EDGE('',*,*,#1946,.F.);
#1946 = EDGE_CURVE('',#1947,#1940,#1949,.T.);
#1947 = VERTEX_POINT('',#1948);
#1948 = CARTESIAN_POINT('',(3.55,14.51,5.));
#1949 = B_SPLINE_CURVE_WITH_KNOTS('',1,(#1950,#1951),.UNSPECIFIED.,.F.,
  .F.,(2,2),(0.,0.98),.PIECEWISE_BEZIER_KNOTS.);
#1950 = CARTESIAN_POINT('',(3.55,14.51,5.));
#1951 = CARTESIAN_POINT('',(3.55,13.53,5.));
#1952 = ORIENTED_EDGE('',*,*,#1953,.F.);
#1953 = EDGE_CURVE('',#1954,#1947,#1956,.T.);
#1954 = VERTEX_POINT('',#1955);
#1955 = CARTESIAN_POINT('',(5.28,16.11,5.));
#1956 = B_SPLINE_CURVE_WITH_KNOTS('',1,(#1957,#1958),.UNSPECIFIED.,.F.,
  .F.,(2,2),(0.,2.356459208219),.PIECEWISE_BEZIER_KNOTS.);
#1957 = CARTESIAN_POINT('',(5.28,16.11,5.));
#1958 = CARTESIAN_POINT('',(3.55,14.51,5.));
#1959 = ORIENTED_EDGE('',*,*,#1960,.F.);
#1960 = EDGE_CURVE('',#1961,#1954,#1963,.T.);
#1961 = VERTEX_POINT('',#1962);
#1962 = CARTESIAN_POINT('',(5.66,16.42,5.));
#1963 = B_SPLINE_CURVE_WITH_KNOTS('',1,(#1964,#1965),.UNSPECIFIED.,.F.,
  .F.,(2,2),(0.,0.49040799341),.PIECEWISE_BEZIER_KNOTS.);
#1964 = CARTESIAN_POINT('',(5.66,16.42,5.));
#1965 = CARTESIAN_POINT('',(5.28,16.11,5.));
#1966 = ORIENTED_EDGE('',*,*,#1967,.F.);
#1967 = EDGE_CURVE('',#1968,#1961,#1970,.T.);
#1968 = VERTEX_POINT('',#1969);
#1969 = CARTESIAN_POINT('',(6.1,16.86,5.));
#1970 = B_SPLINE_CURVE_WITH_KNOTS('',1,(#1971,#1972),.UNSPECIFIED.,.F.,
  .F.,(2,2),(0.,0.622253967444),.PIECEWISE_BEZIER_KNOTS.);
#1971 = CARTESIAN_POINT('',(6.1,16.86,5.));
#1972 = CARTESIAN_POINT('',(5.66,16.42,5.));
#1973 = ORIENTED_EDGE('',*,*,#1974,.F.);
#1974 = EDGE_CURVE('',#1975,#1968,#1977,.T.);
#1975 = VERTEX_POINT('',#1976);
#1976 = CARTESIAN_POINT('',(6.47,17.17,5.));
#1977 = B_SPLINE_CURVE_WITH_KNOTS('',1,(#1978,#1979),.UNSPECIFIED.,.F.,
  .F.,(2,2),(0.,0.482700735446),.PIECEWISE_BEZIER_KNOTS.);
#1978 = CARTESIAN_POINT('',(6.47,17.17,5.));
#1979 = CARTESIAN_POINT('',(6.1,16.86,5.));
#1980 = ORIENTED_EDGE('',*,*,#1981,.F.);
#1981 = EDGE_CURVE('',#1982,#1975,#1984,.T.);
#1982 = VERTEX_POINT('',#1983);
#1983 = CARTESIAN_POINT('',(6.95,17.64,5.));
#1984 = B_SPLINE_CURVE_WITH_KNOTS('',1,(#1985,#1986),.UNSPECIFIED.,.F.,
  .F.,(2,2),(0.,0.671788657243),.PIECEWISE_BEZIER_KNOTS.);
#1985 = CARTESIAN_POINT('',(6.95,17.64,5.));
#1986 = CARTESIAN_POINT('',(6.47,17.17,5.));
#1987 = ORIENTED_EDGE('',*,*,#1988,.F.);
#1988 = EDGE_CURVE('',#1989,#1982,#1991,.T.);
#1989 = VERTEX_POINT('',#1990);
#1990 = CARTESIAN_POINT('',(7.32,17.95,5.));
#1991 = B_SPLINE_CURVE_WITH_KNOTS('',1,(#1992,#1993),.UNSPECIFIED.,.F.,
  .F.,(2,2),(0.,0.482700735446),.PIECEWISE_BEZIER_KNOTS.);
#1992 = CARTESIAN_POINT('',(7.32,17.95,5.));
#1993 = CARTESIAN_POINT('',(6.95,17.64,5.));
#1994 = ORIENTED_EDGE('',*,*,#1995,.F.);
#1995 = EDGE_CURVE('',#1996,#1989,#1998,.T.);
#1996 = VERTEX_POINT('',#1997);
#1997 = CARTESIAN_POINT('',(9.5,19.99,5.));
#1998 = B_SPLINE_CURVE_WITH_KNOTS('',1,(#1999,#2000),.UNSPECIFIED.,.F.,
  .F.,(2,2),(0.,2.985632261348),.PIECEWISE_BEZIER_KNOTS.);
#1999 = CARTESIAN_POINT('',(9.5,19.99,5.));
#2000 = CARTESIAN_POINT('',(7.32,17.95,5.));
#2001 = ORIENTED_EDGE('',*,*,#2002,.F.);
#2002 = EDGE_CURVE('',#2003,#1996,#2005,.T.);
#2003 = VERTEX_POINT('',#2004);
#2004 = CARTESIAN_POINT('',(9.81,20.23,5.));
#2005 = B_SPLINE_CURVE_WITH_KNOTS('',1,(#2006,#2007),.UNSPECIFIED.,.F.,
  .F.,(2,2),(0.,0.392045915678),.PIECEWISE_BEZIER_KNOTS.);
#2006 = CARTESIAN_POINT('',(9.81,20.23,5.));
#2007 = CARTESIAN_POINT('',(9.5,19.99,5.));
#2008 = ORIENTED_EDGE('',*,*,#2009,.F.);
#2009 = EDGE_CURVE('',#2010,#2003,#2012,.T.);
#2010 = VERTEX_POINT('',#2011);
#2011 = CARTESIAN_POINT('',(9.92,20.37,5.));
#2012 = B_SPLINE_CURVE_WITH_KNOTS('',1,(#2013,#2014),.UNSPECIFIED.,.F.,
  .F.,(2,2),(0.,0.178044938148),.PIECEWISE_BEZIER_KNOTS.);
#2013 = CARTESIAN_POINT('',(9.92,20.37,5.));
#2014 = CARTESIAN_POINT('',(9.81,20.23,5.));
#2015 = ORIENTED_EDGE('',*,*,#2016,.F.);
#2016 = EDGE_CURVE('',#2017,#2010,#2019,.T.);
#2017 = VERTEX_POINT('',#2018);
#2018 = CARTESIAN_POINT('',(10.28,20.67,5.));
#2019 = B_SPLINE_CURVE_WITH_KNOTS('',1,(#2020,#2021),.UNSPECIFIED.,.F.,
  .F.,(2,2),(0.,0.468614980554),.PIECEWISE_BEZIER_KNOTS.);
#2020 = CARTESIAN_POINT('',(10.28,20.67,5.));
#2021 = CARTESIAN_POINT('',(9.92,20.37,5.));
#2022 = ORIENTED_EDGE('',*,*,#2023,.F.);
#2023 = EDGE_CURVE('',#2024,#2017,#2026,.T.);
#2024 = VERTEX_POINT('',#2025);
#2025 = CARTESIAN_POINT('',(11.75,22.07,5.));
#2026 = B_SPLINE_CURVE_WITH_KNOTS('',1,(#2027,#2028),.UNSPECIFIED.,.F.,
  .F.,(2,2),(0.,2.03),.PIECEWISE_BEZIER_KNOTS.);
#2027 = CARTESIAN_POINT('',(11.75,22.07,5.));
#2028 = CARTESIAN_POINT('',(10.28,20.67,5.));
#2029 = ORIENTED_EDGE('',*,*,#2030,.F.);
#2030 = EDGE_CURVE('',#2031,#2024,#2033,.T.);
#2031 = VERTEX_POINT('',#2032);
#2032 = CARTESIAN_POINT('',(12.39,22.62,5.));
#2033 = B_SPLINE_CURVE_WITH_KNOTS('',1,(#2034,#2035),.UNSPECIFIED.,.F.,
  .F.,(2,2),(0.,0.843860177992),.PIECEWISE_BEZIER_KNOTS.);
#2034 = CARTESIAN_POINT('',(12.39,22.62,5.));
#2035 = CARTESIAN_POINT('',(11.75,22.07,5.));
#2036 = ORIENTED_EDGE('',*,*,#2037,.F.);
#2037 = EDGE_CURVE('',#2038,#2031,#2040,.T.);
#2038 = VERTEX_POINT('',#2039);
#2039 = CARTESIAN_POINT('',(16.68,18.46,5.));
#2040 = B_SPLINE_CURVE_WITH_KNOTS('',1,(#2041,#2042),.UNSPECIFIED.,.F.,
  .F.,(2,2),(0.,5.975759365972),.PIECEWISE_BEZIER_KNOTS.);
#2041 = CARTESIAN_POINT('',(16.68,18.46,5.));
#2042 = CARTESIAN_POINT('',(12.39,22.62,5.));
#2043 = ORIENTED_EDGE('',*,*,#2044,.F.);
#2044 = EDGE_CURVE('',#2045,#2038,#2047,.T.);
#2045 = VERTEX_POINT('',#2046);
#2046 = CARTESIAN_POINT('',(18.62,16.49,5.));
#2047 = B_SPLINE_CURVE_WITH_KNOTS('',1,(#2048,#2049),.UNSPECIFIED.,.F.,
  .F.,(2,2),(0.,2.764868893818),.PIECEWISE_BEZIER_KNOTS.);
#2048 = CARTESIAN_POINT('',(18.62,16.49,5.));
#2049 = CARTESIAN_POINT('',(16.68,18.46,5.));
#2050 = ORIENTED_EDGE('',*,*,#2051,.F.);
#2051 = EDGE_CURVE('',#2052,#2045,#2054,.T.);
#2052 = VERTEX_POINT('',#2053);
#2053 = CARTESIAN_POINT('',(18.96,16.19,5.));
#2054 = B_SPLINE_CURVE_WITH_KNOTS('',1,(#2055,#2056),.UNSPECIFIED.,.F.,
  .F.,(2,2),(0.,0.45343136195),.PIECEWISE_BEZIER_KNOTS.);
#2055 = CARTESIAN_POINT('',(18.96,16.19,5.));
#2056 = CARTESIAN_POINT('',(18.62,16.49,5.));
#2057 = ORIENTED_EDGE('',*,*,#2058,.F.);
#2058 = EDGE_CURVE('',#2059,#2052,#2061,.T.);
#2059 = VERTEX_POINT('',#2060);
#2060 = CARTESIAN_POINT('',(19.74,15.3,5.));
#2061 = B_SPLINE_CURVE_WITH_KNOTS('',1,(#2062,#2063),.UNSPECIFIED.,.F.,
  .F.,(2,2),(0.,1.183427226322),.PIECEWISE_BEZIER_KNOTS.);
#2062 = CARTESIAN_POINT('',(19.74,15.3,5.));
#2063 = CARTESIAN_POINT('',(18.96,16.19,5.));
#2064 = ORIENTED_EDGE('',*,*,#2065,.F.);
#2065 = EDGE_CURVE('',#2066,#2059,#2068,.T.);
#2066 = VERTEX_POINT('',#2067);
#2067 = CARTESIAN_POINT('',(20.45,14.59,5.));
#2068 = B_SPLINE_CURVE_WITH_KNOTS('',1,(#2069,#2070),.UNSPECIFIED.,.F.,
  .F.,(2,2),(0.,1.004091629285),.PIECEWISE_BEZIER_KNOTS.);
#2069 = CARTESIAN_POINT('',(20.45,14.59,5.));
#2070 = CARTESIAN_POINT('',(19.74,15.3,5.));
#2071 = ORIENTED_EDGE('',*,*,#2072,.F.);
#2072 = EDGE_CURVE('',#2073,#2066,#2075,.T.);
#2073 = VERTEX_POINT('',#2074);
#2074 = CARTESIAN_POINT('',(20.54,14.49,5.));
#2075 = B_SPLINE_CURVE_WITH_KNOTS('',1,(#2076,#2077),.UNSPECIFIED.,.F.,
  .F.,(2,2),(0.,0.134536240471),.PIECEWISE_BEZIER_KNOTS.);
#2076 = CARTESIAN_POINT('',(20.54,14.49,5.));
#2077 = CARTESIAN_POINT('',(20.45,14.59,5.));
#2078 = ORIENTED_EDGE('',*,*,#2079,.F.);
#2079 = EDGE_CURVE('',#1842,#2073,#2080,.T.);
#2080 = B_SPLINE_CURVE_WITH_KNOTS('',1,(#2081,#2082),.UNSPECIFIED.,.F.,
  .F.,(2,2),(0.,0.370135110466),.PIECEWISE_BEZIER_KNOTS.);
#2081 = CARTESIAN_POINT('',(20.31,14.2,5.));
#2082 = CARTESIAN_POINT('',(20.54,14.49,5.));
#2083 = FACE_BOUND('',#2084,.T.);
#2084 = EDGE_LOOP('',(#2085,#2094,#2101,#2108,#2115,#2122,#2129,#2136,
    #2143,#2150,#2157,#2164,#2171,#2178,#2185,#2192,#2199,#2206,#2213,
    #2220,#2227,#2234,#2241,#2248,#2255,#2262,#2269,#2276,#2283,#2290,
    #2297,#2304,#2311,#2318,#2325,#2332,#2339,#2346,#2353,#2360,#2367,
    #2374,#2381,#2388,#2395,#2402,#2409,#2416,#2423,#2430,#2437,#2444,
    #2451,#2458,#2465,#2472));
#2085 = ORIENTED_EDGE('',*,*,#2086,.F.);
#2086 = EDGE_CURVE('',#2087,#2089,#2091,.T.);
#2087 = VERTEX_POINT('',#2088);
#2088 = CARTESIAN_POINT('',(26.82,12.03,5.));
#2089 = VERTEX_POINT('',#2090);
#2090 = CARTESIAN_POINT('',(27.33,12.55,5.));
#2091 = B_SPLINE_CURVE_WITH_KNOTS('',1,(#2092,#2093),.UNSPECIFIED.,.F.,
  .F.,(2,2),(0.,0.728354309385),.PIECEWISE_BEZIER_KNOTS.);
#2092 = CARTESIAN_POINT('',(26.82,12.03,5.));
#2093 = CARTESIAN_POINT('',(27.33,12.55,5.));
#2094 = ORIENTED_EDGE('',*,*,#2095,.F.);
#2095 = EDGE_CURVE('',#2096,#2087,#2098,.T.);
#2096 = VERTEX_POINT('',#2097);
#2097 = CARTESIAN_POINT('',(26.78,12.03,5.));
#2098 = B_SPLINE_CURVE_WITH_KNOTS('',1,(#2099,#2100),.UNSPECIFIED.,.F.,
  .F.,(2,2),(0.,4.E-02),.PIECEWISE_BEZIER_KNOTS.);
#2099 = CARTESIAN_POINT('',(26.78,12.03,5.));
#2100 = CARTESIAN_POINT('',(26.82,12.03,5.));
#2101 = ORIENTED_EDGE('',*,*,#2102,.F.);
#2102 = EDGE_CURVE('',#2103,#2096,#2105,.T.);
#2103 = VERTEX_POINT('',#2104);
#2104 = CARTESIAN_POINT('',(26.,11.25,5.));
#2105 = B_SPLINE_CURVE_WITH_KNOTS('',1,(#2106,#2107),.UNSPECIFIED.,.F.,
  .F.,(2,2),(0.,1.103086578651),.PIECEWISE_BEZIER_KNOTS.);
#2106 = CARTESIAN_POINT('',(26.,11.25,5.));
#2107 = CARTESIAN_POINT('',(26.78,12.03,5.));
#2108 = ORIENTED_EDGE('',*,*,#2109,.F.);
#2109 = EDGE_CURVE('',#2110,#2103,#2112,.T.);
#2110 = VERTEX_POINT('',#2111);
#2111 = CARTESIAN_POINT('',(21.77,11.25,5.));
#2112 = B_SPLINE_CURVE_WITH_KNOTS('',1,(#2113,#2114),.UNSPECIFIED.,.F.,
  .F.,(2,2),(0.,4.23),.PIECEWISE_BEZIER_KNOTS.);
#2113 = CARTESIAN_POINT('',(21.77,11.25,5.));
#2114 = CARTESIAN_POINT('',(26.,11.25,5.));
#2115 = ORIENTED_EDGE('',*,*,#2116,.F.);
#2116 = EDGE_CURVE('',#2117,#2110,#2119,.T.);
#2117 = VERTEX_POINT('',#2118);
#2118 = CARTESIAN_POINT('',(21.52,11.31,5.));
#2119 = B_SPLINE_CURVE_WITH_KNOTS('',1,(#2120,#2121),.UNSPECIFIED.,.F.,
  .F.,(2,2),(0.,0.257099202644),.PIECEWISE_BEZIER_KNOTS.);
#2120 = CARTESIAN_POINT('',(21.52,11.31,5.));
#2121 = CARTESIAN_POINT('',(21.77,11.25,5.));
#2122 = ORIENTED_EDGE('',*,*,#2123,.F.);
#2123 = EDGE_CURVE('',#2124,#2117,#2126,.T.);
#2124 = VERTEX_POINT('',#2125);
#2125 = CARTESIAN_POINT('',(21.2,11.47,5.));
#2126 = B_SPLINE_CURVE_WITH_KNOTS('',1,(#2127,#2128),.UNSPECIFIED.,.F.,
  .F.,(2,2),(0.,0.3577708764),.PIECEWISE_BEZIER_KNOTS.);
#2127 = CARTESIAN_POINT('',(21.2,11.47,5.));
#2128 = CARTESIAN_POINT('',(21.52,11.31,5.));
#2129 = ORIENTED_EDGE('',*,*,#2130,.F.);
#2130 = EDGE_CURVE('',#2131,#2124,#2133,.T.);
#2131 = VERTEX_POINT('',#2132);
#2132 = CARTESIAN_POINT('',(20.91,11.76,5.));
#2133 = B_SPLINE_CURVE_WITH_KNOTS('',1,(#2134,#2135),.UNSPECIFIED.,.F.,
  .F.,(2,2),(0.,0.410121933088),.PIECEWISE_BEZIER_KNOTS.);
#2134 = CARTESIAN_POINT('',(20.91,11.76,5.));
#2135 = CARTESIAN_POINT('',(21.2,11.47,5.));
#2136 = ORIENTED_EDGE('',*,*,#2137,.F.);
#2137 = EDGE_CURVE('',#2138,#2131,#2140,.T.);
#2138 = VERTEX_POINT('',#2139);
#2139 = CARTESIAN_POINT('',(20.79,11.97,5.));
#2140 = B_SPLINE_CURVE_WITH_KNOTS('',1,(#2141,#2142),.UNSPECIFIED.,.F.,
  .F.,(2,2),(0.,0.241867732449),.PIECEWISE_BEZIER_KNOTS.);
#2141 = CARTESIAN_POINT('',(20.79,11.97,5.));
#2142 = CARTESIAN_POINT('',(20.91,11.76,5.));
#2143 = ORIENTED_EDGE('',*,*,#2144,.F.);
#2144 = EDGE_CURVE('',#2145,#2138,#2147,.T.);
#2145 = VERTEX_POINT('',#2146);
#2146 = CARTESIAN_POINT('',(20.7,12.32,5.));
#2147 = B_SPLINE_CURVE_WITH_KNOTS('',1,(#2148,#2149),.UNSPECIFIED.,.F.,
  .F.,(2,2),(0.,0.361386219992),.PIECEWISE_BEZIER_KNOTS.);
#2148 = CARTESIAN_POINT('',(20.7,12.32,5.));
#2149 = CARTESIAN_POINT('',(20.79,11.97,5.));
#2150 = ORIENTED_EDGE('',*,*,#2151,.F.);
#2151 = EDGE_CURVE('',#2152,#2145,#2154,.T.);
#2152 = VERTEX_POINT('',#2153);
#2153 = CARTESIAN_POINT('',(20.7,12.64,5.));
#2154 = B_SPLINE_CURVE_WITH_KNOTS('',1,(#2155,#2156),.UNSPECIFIED.,.F.,
  .F.,(2,2),(0.,0.32),.PIECEWISE_BEZIER_KNOTS.);
#2155 = CARTESIAN_POINT('',(20.7,12.64,5.));
#2156 = CARTESIAN_POINT('',(20.7,12.32,5.));
#2157 = ORIENTED_EDGE('',*,*,#2158,.F.);
#2158 = EDGE_CURVE('',#2159,#2152,#2161,.T.);
#2159 = VERTEX_POINT('',#2160);
#2160 = CARTESIAN_POINT('',(20.83,13.12,5.));
#2161 = B_SPLINE_CURVE_WITH_KNOTS('',1,(#2162,#2163),.UNSPECIFIED.,.F.,
  .F.,(2,2),(0.,0.497292670366),.PIECEWISE_BEZIER_KNOTS.);
#2162 = CARTESIAN_POINT('',(20.83,13.12,5.));
#2163 = CARTESIAN_POINT('',(20.7,12.64,5.));
#2164 = ORIENTED_EDGE('',*,*,#2165,.F.);
#2165 = EDGE_CURVE('',#2166,#2159,#2168,.T.);
#2166 = VERTEX_POINT('',#2167);
#2167 = CARTESIAN_POINT('',(20.99,13.44,5.));
#2168 = B_SPLINE_CURVE_WITH_KNOTS('',1,(#2169,#2170),.UNSPECIFIED.,.F.,
  .F.,(2,2),(0.,0.3577708764),.PIECEWISE_BEZIER_KNOTS.);
#2169 = CARTESIAN_POINT('',(20.99,13.44,5.));
#2170 = CARTESIAN_POINT('',(20.83,13.12,5.));
#2171 = ORIENTED_EDGE('',*,*,#2172,.F.);
#2172 = EDGE_CURVE('',#2173,#2166,#2175,.T.);
#2173 = VERTEX_POINT('',#2174);
#2174 = CARTESIAN_POINT('',(21.35,13.87,5.));
#2175 = B_SPLINE_CURVE_WITH_KNOTS('',1,(#2176,#2177),.UNSPECIFIED.,.F.,
  .F.,(2,2),(0.,0.560802995712),.PIECEWISE_BEZIER_KNOTS.);
#2176 = CARTESIAN_POINT('',(21.35,13.87,5.));
#2177 = CARTESIAN_POINT('',(20.99,13.44,5.));
#2178 = ORIENTED_EDGE('',*,*,#2179,.F.);
#2179 = EDGE_CURVE('',#2180,#2173,#2182,.T.);
#2180 = VERTEX_POINT('',#2181);
#2181 = CARTESIAN_POINT('',(21.63,14.09,5.));
#2182 = B_SPLINE_CURVE_WITH_KNOTS('',1,(#2183,#2184),.UNSPECIFIED.,.F.,
  .F.,(2,2),(0.,0.356089876295),.PIECEWISE_BEZIER_KNOTS.);
#2183 = CARTESIAN_POINT('',(21.63,14.09,5.));
#2184 = CARTESIAN_POINT('',(21.35,13.87,5.));
#2185 = ORIENTED_EDGE('',*,*,#2186,.F.);
#2186 = EDGE_CURVE('',#2187,#2180,#2189,.T.);
#2187 = VERTEX_POINT('',#2188);
#2188 = CARTESIAN_POINT('',(21.74,14.12,5.));
#2189 = B_SPLINE_CURVE_WITH_KNOTS('',1,(#2190,#2191),.UNSPECIFIED.,.F.,
  .F.,(2,2),(0.,0.11401754251),.PIECEWISE_BEZIER_KNOTS.);
#2190 = CARTESIAN_POINT('',(21.74,14.12,5.));
#2191 = CARTESIAN_POINT('',(21.63,14.09,5.));
#2192 = ORIENTED_EDGE('',*,*,#2193,.F.);
#2193 = EDGE_CURVE('',#2194,#2187,#2196,.T.);
#2194 = VERTEX_POINT('',#2195);
#2195 = CARTESIAN_POINT('',(21.9,14.28,5.));
#2196 = B_SPLINE_CURVE_WITH_KNOTS('',1,(#2197,#2198),.UNSPECIFIED.,.F.,
  .F.,(2,2),(0.,0.22627416998),.PIECEWISE_BEZIER_KNOTS.);
#2197 = CARTESIAN_POINT('',(21.9,14.28,5.));
#2198 = CARTESIAN_POINT('',(21.74,14.12,5.));
#2199 = ORIENTED_EDGE('',*,*,#2200,.F.);
#2200 = EDGE_CURVE('',#2201,#2194,#2203,.T.);
#2201 = VERTEX_POINT('',#2202);
#2202 = CARTESIAN_POINT('',(21.63,14.55,5.));
#2203 = B_SPLINE_CURVE_WITH_KNOTS('',1,(#2204,#2205),.UNSPECIFIED.,.F.,
  .F.,(2,2),(0.,0.381837661841),.PIECEWISE_BEZIER_KNOTS.);
#2204 = CARTESIAN_POINT('',(21.63,14.55,5.));
#2205 = CARTESIAN_POINT('',(21.9,14.28,5.));
#2206 = ORIENTED_EDGE('',*,*,#2207,.F.);
#2207 = EDGE_CURVE('',#2208,#2201,#2210,.T.);
#2208 = VERTEX_POINT('',#2209);
#2209 = CARTESIAN_POINT('',(21.48,14.83,5.));
#2210 = B_SPLINE_CURVE_WITH_KNOTS('',1,(#2211,#2212),.UNSPECIFIED.,.F.,
  .F.,(2,2),(0.,0.317647603485),.PIECEWISE_BEZIER_KNOTS.);
#2211 = CARTESIAN_POINT('',(21.48,14.83,5.));
#2212 = CARTESIAN_POINT('',(21.63,14.55,5.));
#2213 = ORIENTED_EDGE('',*,*,#2214,.F.);
#2214 = EDGE_CURVE('',#2215,#2208,#2217,.T.);
#2215 = VERTEX_POINT('',#2216);
#2216 = CARTESIAN_POINT('',(21.41,15.07,5.));
#2217 = B_SPLINE_CURVE_WITH_KNOTS('',1,(#2218,#2219),.UNSPECIFIED.,.F.,
  .F.,(2,2),(0.,0.25),.PIECEWISE_BEZIER_KNOTS.);
#2218 = CARTESIAN_POINT('',(21.41,15.07,5.));
#2219 = CARTESIAN_POINT('',(21.48,14.83,5.));
#2220 = ORIENTED_EDGE('',*,*,#2221,.F.);
#2221 = EDGE_CURVE('',#2222,#2215,#2224,.T.);
#2222 = VERTEX_POINT('',#2223);
#2223 = CARTESIAN_POINT('',(21.41,15.49,5.));
#2224 = B_SPLINE_CURVE_WITH_KNOTS('',1,(#2225,#2226),.UNSPECIFIED.,.F.,
  .F.,(2,2),(0.,0.42),.PIECEWISE_BEZIER_KNOTS.);
#2225 = CARTESIAN_POINT('',(21.41,15.49,5.));
#2226 = CARTESIAN_POINT('',(21.41,15.07,5.));
#2227 = ORIENTED_EDGE('',*,*,#2228,.F.);
#2228 = EDGE_CURVE('',#2229,#2222,#2231,.T.);
#2229 = VERTEX_POINT('',#2230);
#2230 = CARTESIAN_POINT('',(21.58,16.04,5.));
#2231 = B_SPLINE_CURVE_WITH_KNOTS('',1,(#2232,#2233),.UNSPECIFIED.,.F.,
  .F.,(2,2),(0.,0.575673518585),.PIECEWISE_BEZIER_KNOTS.);
#2232 = CARTESIAN_POINT('',(21.58,16.04,5.));
#2233 = CARTESIAN_POINT('',(21.41,15.49,5.));
#2234 = ORIENTED_EDGE('',*,*,#2235,.F.);
#2235 = EDGE_CURVE('',#2236,#2229,#2238,.T.);
#2236 = VERTEX_POINT('',#2237);
#2237 = CARTESIAN_POINT('',(21.74,16.33,5.));
#2238 = B_SPLINE_CURVE_WITH_KNOTS('',1,(#2239,#2240),.UNSPECIFIED.,.F.,
  .F.,(2,2),(0.,0.331209903234),.PIECEWISE_BEZIER_KNOTS.);
#2239 = CARTESIAN_POINT('',(21.74,16.33,5.));
#2240 = CARTESIAN_POINT('',(21.58,16.04,5.));
#2241 = ORIENTED_EDGE('',*,*,#2242,.F.);
#2242 = EDGE_CURVE('',#2243,#2236,#2245,.T.);
#2243 = VERTEX_POINT('',#2244);
#2244 = CARTESIAN_POINT('',(21.93,16.6,5.));
#2245 = B_SPLINE_CURVE_WITH_KNOTS('',1,(#2246,#2247),.UNSPECIFIED.,.F.,
  .F.,(2,2),(0.,0.330151480384),.PIECEWISE_BEZIER_KNOTS.);
#2246 = CARTESIAN_POINT('',(21.93,16.6,5.));
#2247 = CARTESIAN_POINT('',(21.74,16.33,5.));
#2248 = ORIENTED_EDGE('',*,*,#2249,.F.);
#2249 = EDGE_CURVE('',#2250,#2243,#2252,.T.);
#2250 = VERTEX_POINT('',#2251);
#2251 = CARTESIAN_POINT('',(22.13,16.79,5.));
#2252 = B_SPLINE_CURVE_WITH_KNOTS('',1,(#2253,#2254),.UNSPECIFIED.,.F.,
  .F.,(2,2),(0.,0.275862284483),.PIECEWISE_BEZIER_KNOTS.);
#2253 = CARTESIAN_POINT('',(22.13,16.79,5.));
#2254 = CARTESIAN_POINT('',(21.93,16.6,5.));
#2255 = ORIENTED_EDGE('',*,*,#2256,.F.);
#2256 = EDGE_CURVE('',#2257,#2250,#2259,.T.);
#2257 = VERTEX_POINT('',#2258);
#2258 = CARTESIAN_POINT('',(22.49,17.05,5.));
#2259 = B_SPLINE_CURVE_WITH_KNOTS('',1,(#2260,#2261),.UNSPECIFIED.,.F.,
  .F.,(2,2),(0.,0.444072066223),.PIECEWISE_BEZIER_KNOTS.);
#2260 = CARTESIAN_POINT('',(22.49,17.05,5.));
#2261 = CARTESIAN_POINT('',(22.13,16.79,5.));
#2262 = ORIENTED_EDGE('',*,*,#2263,.F.);
#2263 = EDGE_CURVE('',#2264,#2257,#2266,.T.);
#2264 = VERTEX_POINT('',#2265);
#2265 = CARTESIAN_POINT('',(22.68,17.15,5.));
#2266 = B_SPLINE_CURVE_WITH_KNOTS('',1,(#2267,#2268),.UNSPECIFIED.,.F.,
  .F.,(2,2),(0.,0.214709105536),.PIECEWISE_BEZIER_KNOTS.);
#2267 = CARTESIAN_POINT('',(22.68,17.15,5.));
#2268 = CARTESIAN_POINT('',(22.49,17.05,5.));
#2269 = ORIENTED_EDGE('',*,*,#2270,.F.);
#2270 = EDGE_CURVE('',#2271,#2264,#2273,.T.);
#2271 = VERTEX_POINT('',#2272);
#2272 = CARTESIAN_POINT('',(23.13,17.28,5.));
#2273 = B_SPLINE_CURVE_WITH_KNOTS('',1,(#2274,#2275),.UNSPECIFIED.,.F.,
  .F.,(2,2),(0.,0.468401537145),.PIECEWISE_BEZIER_KNOTS.);
#2274 = CARTESIAN_POINT('',(23.13,17.28,5.));
#2275 = CARTESIAN_POINT('',(22.68,17.15,5.));
#2276 = ORIENTED_EDGE('',*,*,#2277,.F.);
#2277 = EDGE_CURVE('',#2278,#2271,#2280,.T.);
#2278 = VERTEX_POINT('',#2279);
#2279 = CARTESIAN_POINT('',(29.,17.28,5.));
#2280 = B_SPLINE_CURVE_WITH_KNOTS('',1,(#2281,#2282),.UNSPECIFIED.,.F.,
  .F.,(2,2),(0.,5.87),.PIECEWISE_BEZIER_KNOTS.);
#2281 = CARTESIAN_POINT('',(29.,17.28,5.));
#2282 = CARTESIAN_POINT('',(23.13,17.28,5.));
#2283 = ORIENTED_EDGE('',*,*,#2284,.F.);
#2284 = EDGE_CURVE('',#2285,#2278,#2287,.T.);
#2285 = VERTEX_POINT('',#2286);
#2286 = CARTESIAN_POINT('',(27.71,16.01,5.));
#2287 = B_SPLINE_CURVE_WITH_KNOTS('',1,(#2288,#2289),.UNSPECIFIED.,.F.,
  .F.,(2,2),(0.,1.810248601712),.PIECEWISE_BEZIER_KNOTS.);
#2288 = CARTESIAN_POINT('',(27.71,16.01,5.));
#2289 = CARTESIAN_POINT('',(29.,17.28,5.));
#2290 = ORIENTED_EDGE('',*,*,#2291,.F.);
#2291 = EDGE_CURVE('',#2292,#2285,#2294,.T.);
#2292 = VERTEX_POINT('',#2293);
#2293 = CARTESIAN_POINT('',(23.71,16.01,5.));
#2294 = B_SPLINE_CURVE_WITH_KNOTS('',1,(#2295,#2296),.UNSPECIFIED.,.F.,
  .F.,(2,2),(0.,4.),.PIECEWISE_BEZIER_KNOTS.);
#2295 = CARTESIAN_POINT('',(23.71,16.01,5.));
#2296 = CARTESIAN_POINT('',(27.71,16.01,5.));
#2297 = ORIENTED_EDGE('',*,*,#2298,.F.);
#2298 = EDGE_CURVE('',#2299,#2292,#2301,.T.);
#2299 = VERTEX_POINT('',#2300);
#2300 = CARTESIAN_POINT('',(23.47,15.89,5.));
#2301 = B_SPLINE_CURVE_WITH_KNOTS('',1,(#2302,#2303),.UNSPECIFIED.,.F.,
  .F.,(2,2),(0.,0.2683281573),.PIECEWISE_BEZIER_KNOTS.);
#2302 = CARTESIAN_POINT('',(23.47,15.89,5.));
#2303 = CARTESIAN_POINT('',(23.71,16.01,5.));
#2304 = ORIENTED_EDGE('',*,*,#2305,.F.);
#2305 = EDGE_CURVE('',#2306,#2299,#2308,.T.);
#2306 = VERTEX_POINT('',#2307);
#2307 = CARTESIAN_POINT('',(23.24,15.67,5.));
#2308 = B_SPLINE_CURVE_WITH_KNOTS('',1,(#2309,#2310),.UNSPECIFIED.,.F.,
  .F.,(2,2),(0.,0.318276609257),.PIECEWISE_BEZIER_KNOTS.);
#2309 = CARTESIAN_POINT('',(23.24,15.67,5.));
#2310 = CARTESIAN_POINT('',(23.47,15.89,5.));
#2311 = ORIENTED_EDGE('',*,*,#2312,.F.);
#2312 = EDGE_CURVE('',#2313,#2306,#2315,.T.);
#2313 = VERTEX_POINT('',#2314);
#2314 = CARTESIAN_POINT('',(23.16,15.51,5.));
#2315 = B_SPLINE_CURVE_WITH_KNOTS('',1,(#2316,#2317),.UNSPECIFIED.,.F.,
  .F.,(2,2),(0.,0.1788854382),.PIECEWISE_BEZIER_KNOTS.);
#2316 = CARTESIAN_POINT('',(23.16,15.51,5.));
#2317 = CARTESIAN_POINT('',(23.24,15.67,5.));
#2318 = ORIENTED_EDGE('',*,*,#2319,.F.);
#2319 = EDGE_CURVE('',#2320,#2313,#2322,.T.);
#2320 = VERTEX_POINT('',#2321);
#2321 = CARTESIAN_POINT('',(23.12,15.35,5.));
#2322 = B_SPLINE_CURVE_WITH_KNOTS('',1,(#2323,#2324),.UNSPECIFIED.,.F.,
  .F.,(2,2),(0.,0.164924225025),.PIECEWISE_BEZIER_KNOTS.);
#2323 = CARTESIAN_POINT('',(23.12,15.35,5.));
#2324 = CARTESIAN_POINT('',(23.16,15.51,5.));
#2325 = ORIENTED_EDGE('',*,*,#2326,.F.);
#2326 = EDGE_CURVE('',#2327,#2320,#2329,.T.);
#2327 = VERTEX_POINT('',#2328);
#2328 = CARTESIAN_POINT('',(23.12,15.11,5.));
#2329 = B_SPLINE_CURVE_WITH_KNOTS('',1,(#2330,#2331),.UNSPECIFIED.,.F.,
  .F.,(2,2),(0.,0.24),.PIECEWISE_BEZIER_KNOTS.);
#2330 = CARTESIAN_POINT('',(23.12,15.11,5.));
#2331 = CARTESIAN_POINT('',(23.12,15.35,5.));
#2332 = ORIENTED_EDGE('',*,*,#2333,.F.);
#2333 = EDGE_CURVE('',#2334,#2327,#2336,.T.);
#2334 = VERTEX_POINT('',#2335);
#2335 = CARTESIAN_POINT('',(23.16,14.97,5.));
#2336 = B_SPLINE_CURVE_WITH_KNOTS('',1,(#2337,#2338),.UNSPECIFIED.,.F.,
  .F.,(2,2),(0.,0.145602197786),.PIECEWISE_BEZIER_KNOTS.);
#2337 = CARTESIAN_POINT('',(23.16,14.97,5.));
#2338 = CARTESIAN_POINT('',(23.12,15.11,5.));
#2339 = ORIENTED_EDGE('',*,*,#2340,.F.);
#2340 = EDGE_CURVE('',#2341,#2334,#2343,.T.);
#2341 = VERTEX_POINT('',#2342);
#2342 = CARTESIAN_POINT('',(23.3,14.84,5.));
#2343 = B_SPLINE_CURVE_WITH_KNOTS('',1,(#2344,#2345),.UNSPECIFIED.,.F.,
  .F.,(2,2),(0.,0.191049731745),.PIECEWISE_BEZIER_KNOTS.);
#2344 = CARTESIAN_POINT('',(23.3,14.84,5.));
#2345 = CARTESIAN_POINT('',(23.16,14.97,5.));
#2346 = ORIENTED_EDGE('',*,*,#2347,.F.);
#2347 = EDGE_CURVE('',#2348,#2341,#2350,.T.);
#2348 = VERTEX_POINT('',#2349);
#2349 = CARTESIAN_POINT('',(23.4,14.79,5.));
#2350 = B_SPLINE_CURVE_WITH_KNOTS('',1,(#2351,#2352),.UNSPECIFIED.,.F.,
  .F.,(2,2),(0.,0.111803398875),.PIECEWISE_BEZIER_KNOTS.);
#2351 = CARTESIAN_POINT('',(23.4,14.79,5.));
#2352 = CARTESIAN_POINT('',(23.3,14.84,5.));
#2353 = ORIENTED_EDGE('',*,*,#2354,.F.);
#2354 = EDGE_CURVE('',#2355,#2348,#2357,.T.);
#2355 = VERTEX_POINT('',#2356);
#2356 = CARTESIAN_POINT('',(23.76,14.79,5.));
#2357 = B_SPLINE_CURVE_WITH_KNOTS('',1,(#2358,#2359),.UNSPECIFIED.,.F.,
  .F.,(2,2),(0.,0.36),.PIECEWISE_BEZIER_KNOTS.);
#2358 = CARTESIAN_POINT('',(23.76,14.79,5.));
#2359 = CARTESIAN_POINT('',(23.4,14.79,5.));
#2360 = ORIENTED_EDGE('',*,*,#2361,.F.);
#2361 = EDGE_CURVE('',#2362,#2355,#2364,.T.);
#2362 = VERTEX_POINT('',#2363);
#2363 = CARTESIAN_POINT('',(23.79,14.76,5.));
#2364 = B_SPLINE_CURVE_WITH_KNOTS('',1,(#2365,#2366),.UNSPECIFIED.,.F.,
  .F.,(2,2),(0.,4.242640687119E-02),.PIECEWISE_BEZIER_KNOTS.);
#2365 = CARTESIAN_POINT('',(23.79,14.76,5.));
#2366 = CARTESIAN_POINT('',(23.76,14.79,5.));
#2367 = ORIENTED_EDGE('',*,*,#2368,.F.);
#2368 = EDGE_CURVE('',#2369,#2362,#2371,.T.);
#2369 = VERTEX_POINT('',#2370);
#2370 = CARTESIAN_POINT('',(25.63,14.79,5.));
#2371 = B_SPLINE_CURVE_WITH_KNOTS('',1,(#2372,#2373),.UNSPECIFIED.,.F.,
  .F.,(2,2),(0.,1.840244548966),.PIECEWISE_BEZIER_KNOTS.);
#2372 = CARTESIAN_POINT('',(25.63,14.79,5.));
#2373 = CARTESIAN_POINT('',(23.79,14.76,5.));
#2374 = ORIENTED_EDGE('',*,*,#2375,.F.);
#2375 = EDGE_CURVE('',#2376,#2369,#2378,.T.);
#2376 = VERTEX_POINT('',#2377);
#2377 = CARTESIAN_POINT('',(25.66,14.76,5.));
#2378 = B_SPLINE_CURVE_WITH_KNOTS('',1,(#2379,#2380),.UNSPECIFIED.,.F.,
  .F.,(2,2),(0.,4.242640687119E-02),.PIECEWISE_BEZIER_KNOTS.);
#2379 = CARTESIAN_POINT('',(25.66,14.76,5.));
#2380 = CARTESIAN_POINT('',(25.63,14.79,5.));
#2381 = ORIENTED_EDGE('',*,*,#2382,.F.);
#2382 = EDGE_CURVE('',#2383,#2376,#2385,.T.);
#2383 = VERTEX_POINT('',#2384);
#2384 = CARTESIAN_POINT('',(26.1,14.76,5.));
#2385 = B_SPLINE_CURVE_WITH_KNOTS('',1,(#2386,#2387),.UNSPECIFIED.,.F.,
  .F.,(2,2),(0.,0.44),.PIECEWISE_BEZIER_KNOTS.);
#2386 = CARTESIAN_POINT('',(26.1,14.76,5.));
#2387 = CARTESIAN_POINT('',(25.66,14.76,5.));
#2388 = ORIENTED_EDGE('',*,*,#2389,.F.);
#2389 = EDGE_CURVE('',#2390,#2383,#2392,.T.);
#2390 = VERTEX_POINT('',#2391);
#2391 = CARTESIAN_POINT('',(25.95,14.24,5.));
#2392 = B_SPLINE_CURVE_WITH_KNOTS('',1,(#2393,#2394),.UNSPECIFIED.,.F.,
  .F.,(2,2),(0.,0.541202365109),.PIECEWISE_BEZIER_KNOTS.);
#2393 = CARTESIAN_POINT('',(25.95,14.24,5.));
#2394 = CARTESIAN_POINT('',(26.1,14.76,5.));
#2395 = ORIENTED_EDGE('',*,*,#2396,.F.);
#2396 = EDGE_CURVE('',#2397,#2390,#2399,.T.);
#2397 = VERTEX_POINT('',#2398);
#2398 = CARTESIAN_POINT('',(25.82,13.88,5.));
#2399 = B_SPLINE_CURVE_WITH_KNOTS('',1,(#2400,#2401),.UNSPECIFIED.,.F.,
  .F.,(2,2),(0.,0.38275318418),.PIECEWISE_BEZIER_KNOTS.);
#2400 = CARTESIAN_POINT('',(25.82,13.88,5.));
#2401 = CARTESIAN_POINT('',(25.95,14.24,5.));
#2402 = ORIENTED_EDGE('',*,*,#2403,.F.);
#2403 = EDGE_CURVE('',#2404,#2397,#2406,.T.);
#2404 = VERTEX_POINT('',#2405);
#2405 = CARTESIAN_POINT('',(25.74,13.77,5.));
#2406 = B_SPLINE_CURVE_WITH_KNOTS('',1,(#2407,#2408),.UNSPECIFIED.,.F.,
  .F.,(2,2),(0.,0.136014705087),.PIECEWISE_BEZIER_KNOTS.);
#2407 = CARTESIAN_POINT('',(25.74,13.77,5.));
#2408 = CARTESIAN_POINT('',(25.82,13.88,5.));
#2409 = ORIENTED_EDGE('',*,*,#2410,.F.);
#2410 = EDGE_CURVE('',#2411,#2404,#2413,.T.);
#2411 = VERTEX_POINT('',#2412);
#2412 = CARTESIAN_POINT('',(25.71,13.6,5.));
#2413 = B_SPLINE_CURVE_WITH_KNOTS('',1,(#2414,#2415),.UNSPECIFIED.,.F.,
  .F.,(2,2),(0.,0.172626765016),.PIECEWISE_BEZIER_KNOTS.);
#2414 = CARTESIAN_POINT('',(25.71,13.6,5.));
#2415 = CARTESIAN_POINT('',(25.74,13.77,5.));
#2416 = ORIENTED_EDGE('',*,*,#2417,.F.);
#2417 = EDGE_CURVE('',#2418,#2411,#2420,.T.);
#2418 = VERTEX_POINT('',#2419);
#2419 = CARTESIAN_POINT('',(23.03,13.6,5.));
#2420 = B_SPLINE_CURVE_WITH_KNOTS('',1,(#2421,#2422),.UNSPECIFIED.,.F.,
  .F.,(2,2),(0.,2.68),.PIECEWISE_BEZIER_KNOTS.);
#2421 = CARTESIAN_POINT('',(23.03,13.6,5.));
#2422 = CARTESIAN_POINT('',(25.71,13.6,5.));
#2423 = ORIENTED_EDGE('',*,*,#2424,.F.);
#2424 = EDGE_CURVE('',#2425,#2418,#2427,.T.);
#2425 = VERTEX_POINT('',#2426);
#2426 = CARTESIAN_POINT('',(22.91,13.56,5.));
#2427 = B_SPLINE_CURVE_WITH_KNOTS('',1,(#2428,#2429),.UNSPECIFIED.,.F.,
  .F.,(2,2),(0.,0.126491106407),.PIECEWISE_BEZIER_KNOTS.);
#2428 = CARTESIAN_POINT('',(22.91,13.56,5.));
#2429 = CARTESIAN_POINT('',(23.03,13.6,5.));
#2430 = ORIENTED_EDGE('',*,*,#2431,.F.);
#2431 = EDGE_CURVE('',#2432,#2425,#2434,.T.);
#2432 = VERTEX_POINT('',#2433);
#2433 = CARTESIAN_POINT('',(22.75,13.48,5.));
#2434 = B_SPLINE_CURVE_WITH_KNOTS('',1,(#2435,#2436),.UNSPECIFIED.,.F.,
  .F.,(2,2),(0.,0.1788854382),.PIECEWISE_BEZIER_KNOTS.);
#2435 = CARTESIAN_POINT('',(22.75,13.48,5.));
#2436 = CARTESIAN_POINT('',(22.91,13.56,5.));
#2437 = ORIENTED_EDGE('',*,*,#2438,.F.);
#2438 = EDGE_CURVE('',#2439,#2432,#2441,.T.);
#2439 = VERTEX_POINT('',#2440);
#2440 = CARTESIAN_POINT('',(22.6,13.32,5.));
#2441 = B_SPLINE_CURVE_WITH_KNOTS('',1,(#2442,#2443),.UNSPECIFIED.,.F.,
  .F.,(2,2),(0.,0.219317121995),.PIECEWISE_BEZIER_KNOTS.);
#2442 = CARTESIAN_POINT('',(22.6,13.32,5.));
#2443 = CARTESIAN_POINT('',(22.75,13.48,5.));
#2444 = ORIENTED_EDGE('',*,*,#2445,.F.);
#2445 = EDGE_CURVE('',#2446,#2439,#2448,.T.);
#2446 = VERTEX_POINT('',#2447);
#2447 = CARTESIAN_POINT('',(22.51,13.2,5.));
#2448 = B_SPLINE_CURVE_WITH_KNOTS('',1,(#2449,#2450),.UNSPECIFIED.,.F.,
  .F.,(2,2),(0.,0.15),.PIECEWISE_BEZIER_KNOTS.);
#2449 = CARTESIAN_POINT('',(22.51,13.2,5.));
#2450 = CARTESIAN_POINT('',(22.6,13.32,5.));
#2451 = ORIENTED_EDGE('',*,*,#2452,.F.);
#2452 = EDGE_CURVE('',#2453,#2446,#2455,.T.);
#2453 = VERTEX_POINT('',#2454);
#2454 = CARTESIAN_POINT('',(22.43,12.91,5.));
#2455 = B_SPLINE_CURVE_WITH_KNOTS('',1,(#2456,#2457),.UNSPECIFIED.,.F.,
  .F.,(2,2),(0.,0.30083217913),.PIECEWISE_BEZIER_KNOTS.);
#2456 = CARTESIAN_POINT('',(22.43,12.91,5.));
#2457 = CARTESIAN_POINT('',(22.51,13.2,5.));
#2458 = ORIENTED_EDGE('',*,*,#2459,.F.);
#2459 = EDGE_CURVE('',#2460,#2453,#2462,.T.);
#2460 = VERTEX_POINT('',#2461);
#2461 = CARTESIAN_POINT('',(22.47,12.74,5.));
#2462 = B_SPLINE_CURVE_WITH_KNOTS('',1,(#2463,#2464),.UNSPECIFIED.,.F.,
  .F.,(2,2),(0.,0.174642491966),.PIECEWISE_BEZIER_KNOTS.);
#2463 = CARTESIAN_POINT('',(22.47,12.74,5.));
#2464 = CARTESIAN_POINT('',(22.43,12.91,5.));
#2465 = ORIENTED_EDGE('',*,*,#2466,.F.);
#2466 = EDGE_CURVE('',#2467,#2460,#2469,.T.);
#2467 = VERTEX_POINT('',#2468);
#2468 = CARTESIAN_POINT('',(22.67,12.55,5.));
#2469 = B_SPLINE_CURVE_WITH_KNOTS('',1,(#2470,#2471),.UNSPECIFIED.,.F.,
  .F.,(2,2),(0.,0.275862284483),.PIECEWISE_BEZIER_KNOTS.);
#2470 = CARTESIAN_POINT('',(22.67,12.55,5.));
#2471 = CARTESIAN_POINT('',(22.47,12.74,5.));
#2472 = ORIENTED_EDGE('',*,*,#2473,.F.);
#2473 = EDGE_CURVE('',#2089,#2467,#2474,.T.);
#2474 = B_SPLINE_CURVE_WITH_KNOTS('',1,(#2475,#2476),.UNSPECIFIED.,.F.,
  .F.,(2,2),(0.,4.66),.PIECEWISE_BEZIER_KNOTS.);
#2475 = CARTESIAN_POINT('',(27.33,12.55,5.));
#2476 = CARTESIAN_POINT('',(22.67,12.55,5.));
#2477 = FACE_BOUND('',#2478,.T.);
#2478 = EDGE_LOOP('',(#2479,#2488,#2495,#2502,#2509,#2516,#2523));
#2479 = ORIENTED_EDGE('',*,*,#2480,.F.);
#2480 = EDGE_CURVE('',#2481,#2483,#2485,.T.);
#2481 = VERTEX_POINT('',#2482);
#2482 = CARTESIAN_POINT('',(4.98,16.87,5.));
#2483 = VERTEX_POINT('',#2484);
#2484 = CARTESIAN_POINT('',(5.79,17.59,5.));
#2485 = B_SPLINE_CURVE_WITH_KNOTS('',1,(#2486,#2487),.UNSPECIFIED.,.F.,
  .F.,(2,2),(0.,1.083743512091),.PIECEWISE_BEZIER_KNOTS.);
#2486 = CARTESIAN_POINT('',(4.98,16.87,5.));
#2487 = CARTESIAN_POINT('',(5.79,17.59,5.));
#2488 = ORIENTED_EDGE('',*,*,#2489,.F.);
#2489 = EDGE_CURVE('',#2490,#2481,#2492,.T.);
#2490 = VERTEX_POINT('',#2491);
#2491 = CARTESIAN_POINT('',(4.46,16.36,5.));
#2492 = B_SPLINE_CURVE_WITH_KNOTS('',1,(#2493,#2494),.UNSPECIFIED.,.F.,
  .F.,(2,2),(0.,0.728354309385),.PIECEWISE_BEZIER_KNOTS.);
#2493 = CARTESIAN_POINT('',(4.46,16.36,5.));
#2494 = CARTESIAN_POINT('',(4.98,16.87,5.));
#2495 = ORIENTED_EDGE('',*,*,#2496,.F.);
#2496 = EDGE_CURVE('',#2497,#2490,#2499,.T.);
#2497 = VERTEX_POINT('',#2498);
#2498 = CARTESIAN_POINT('',(3.51,15.51,5.));
#2499 = B_SPLINE_CURVE_WITH_KNOTS('',1,(#2500,#2501),.UNSPECIFIED.,.F.,
  .F.,(2,2),(0.,1.274754878398),.PIECEWISE_BEZIER_KNOTS.);
#2500 = CARTESIAN_POINT('',(3.51,15.51,5.));
#2501 = CARTESIAN_POINT('',(4.46,16.36,5.));
#2502 = ORIENTED_EDGE('',*,*,#2503,.F.);
#2503 = EDGE_CURVE('',#2504,#2497,#2506,.T.);
#2504 = VERTEX_POINT('',#2505);
#2505 = CARTESIAN_POINT('',(3.51,25.72,5.));
#2506 = B_SPLINE_CURVE_WITH_KNOTS('',1,(#2507,#2508),.UNSPECIFIED.,.F.,
  .F.,(2,2),(0.,10.21),.PIECEWISE_BEZIER_KNOTS.);
#2507 = CARTESIAN_POINT('',(3.51,25.72,5.));
#2508 = CARTESIAN_POINT('',(3.51,15.51,5.));
#2509 = ORIENTED_EDGE('',*,*,#2510,.F.);
#2510 = EDGE_CURVE('',#2511,#2504,#2513,.T.);
#2511 = VERTEX_POINT('',#2512);
#2512 = CARTESIAN_POINT('',(6.17,25.75,5.));
#2513 = B_SPLINE_CURVE_WITH_KNOTS('',1,(#2514,#2515),.UNSPECIFIED.,.F.,
  .F.,(2,2),(0.,2.660169167553),.PIECEWISE_BEZIER_KNOTS.);
#2514 = CARTESIAN_POINT('',(6.17,25.75,5.));
#2515 = CARTESIAN_POINT('',(3.51,25.72,5.));
#2516 = ORIENTED_EDGE('',*,*,#2517,.F.);
#2517 = EDGE_CURVE('',#2518,#2511,#2520,.T.);
#2518 = VERTEX_POINT('',#2519);
#2519 = CARTESIAN_POINT('',(6.17,17.96,5.));
#2520 = B_SPLINE_CURVE_WITH_KNOTS('',1,(#2521,#2522),.UNSPECIFIED.,.F.,
  .F.,(2,2),(0.,7.79),.PIECEWISE_BEZIER_KNOTS.);
#2521 = CARTESIAN_POINT('',(6.17,17.96,5.));
#2522 = CARTESIAN_POINT('',(6.17,25.75,5.));
#2523 = ORIENTED_EDGE('',*,*,#2524,.F.);
#2524 = EDGE_CURVE('',#2483,#2518,#2525,.T.);
#2525 = B_SPLINE_CURVE_WITH_KNOTS('',1,(#2526,#2527),.UNSPECIFIED.,.F.,
  .F.,(2,2),(0.,0.530377224247),.PIECEWISE_BEZIER_KNOTS.);
#2526 = CARTESIAN_POINT('',(5.79,17.59,5.));
#2527 = CARTESIAN_POINT('',(6.17,17.96,5.));
#2528 = FACE_BOUND('',#2529,.T.);
#2529 = EDGE_LOOP('',(#2530,#2539,#2546,#2553,#2560,#2567,#2574,#2581,
    #2588,#2595));
#2530 = ORIENTED_EDGE('',*,*,#2531,.F.);
#2531 = EDGE_CURVE('',#2532,#2534,#2536,.T.);
#2532 = VERTEX_POINT('',#2533);
#2533 = CARTESIAN_POINT('',(20.57,15.94,5.));
#2534 = VERTEX_POINT('',#2535);
#2535 = CARTESIAN_POINT('',(20.67,16.29,5.));
#2536 = B_SPLINE_CURVE_WITH_KNOTS('',1,(#2537,#2538),.UNSPECIFIED.,.F.,
  .F.,(2,2),(0.,0.364005494464),.PIECEWISE_BEZIER_KNOTS.);
#2537 = CARTESIAN_POINT('',(20.57,15.94,5.));
#2538 = CARTESIAN_POINT('',(20.67,16.29,5.));
#2539 = ORIENTED_EDGE('',*,*,#2540,.F.);
#2540 = EDGE_CURVE('',#2541,#2532,#2543,.T.);
#2541 = VERTEX_POINT('',#2542);
#2542 = CARTESIAN_POINT('',(20.5,15.48,5.));
#2543 = B_SPLINE_CURVE_WITH_KNOTS('',1,(#2544,#2545),.UNSPECIFIED.,.F.,
  .F.,(2,2),(0.,0.465295604965),.PIECEWISE_BEZIER_KNOTS.);
#2544 = CARTESIAN_POINT('',(20.5,15.48,5.));
#2545 = CARTESIAN_POINT('',(20.57,15.94,5.));
#2546 = ORIENTED_EDGE('',*,*,#2547,.F.);
#2547 = EDGE_CURVE('',#2548,#2541,#2550,.T.);
#2548 = VERTEX_POINT('',#2549);
#2549 = CARTESIAN_POINT('',(20.36,15.58,5.));
#2550 = B_SPLINE_CURVE_WITH_KNOTS('',1,(#2551,#2552),.UNSPECIFIED.,.F.,
  .F.,(2,2),(0.,0.172046505341),.PIECEWISE_BEZIER_KNOTS.);
#2551 = CARTESIAN_POINT('',(20.36,15.58,5.));
#2552 = CARTESIAN_POINT('',(20.5,15.48,5.));
#2553 = ORIENTED_EDGE('',*,*,#2554,.F.);
#2554 = EDGE_CURVE('',#2555,#2548,#2557,.T.);
#2555 = VERTEX_POINT('',#2556);
#2556 = CARTESIAN_POINT('',(19.06,16.97,5.));
#2557 = B_SPLINE_CURVE_WITH_KNOTS('',1,(#2558,#2559),.UNSPECIFIED.,.F.,
  .F.,(2,2),(0.,1.903181546779),.PIECEWISE_BEZIER_KNOTS.);
#2558 = CARTESIAN_POINT('',(19.06,16.97,5.));
#2559 = CARTESIAN_POINT('',(20.36,15.58,5.));
#2560 = ORIENTED_EDGE('',*,*,#2561,.F.);
#2561 = EDGE_CURVE('',#2562,#2555,#2564,.T.);
#2562 = VERTEX_POINT('',#2563);
#2563 = CARTESIAN_POINT('',(19.06,25.75,5.));
#2564 = B_SPLINE_CURVE_WITH_KNOTS('',1,(#2565,#2566),.UNSPECIFIED.,.F.,
  .F.,(2,2),(0.,8.78),.PIECEWISE_BEZIER_KNOTS.);
#2565 = CARTESIAN_POINT('',(19.06,25.75,5.));
#2566 = CARTESIAN_POINT('',(19.06,16.97,5.));
#2567 = ORIENTED_EDGE('',*,*,#2568,.F.);
#2568 = EDGE_CURVE('',#2569,#2562,#2571,.T.);
#2569 = VERTEX_POINT('',#2570);
#2570 = CARTESIAN_POINT('',(21.65,25.75,5.));
#2571 = B_SPLINE_CURVE_WITH_KNOTS('',1,(#2572,#2573),.UNSPECIFIED.,.F.,
  .F.,(2,2),(0.,2.59),.PIECEWISE_BEZIER_KNOTS.);
#2572 = CARTESIAN_POINT('',(21.65,25.75,5.));
#2573 = CARTESIAN_POINT('',(19.06,25.75,5.));
#2574 = ORIENTED_EDGE('',*,*,#2575,.F.);
#2575 = EDGE_CURVE('',#2576,#2569,#2578,.T.);
#2576 = VERTEX_POINT('',#2577);
#2577 = CARTESIAN_POINT('',(21.65,17.63,5.));
#2578 = B_SPLINE_CURVE_WITH_KNOTS('',1,(#2579,#2580),.UNSPECIFIED.,.F.,
  .F.,(2,2),(0.,8.12),.PIECEWISE_BEZIER_KNOTS.);
#2579 = CARTESIAN_POINT('',(21.65,17.63,5.));
#2580 = CARTESIAN_POINT('',(21.65,25.75,5.));
#2581 = ORIENTED_EDGE('',*,*,#2582,.F.);
#2582 = EDGE_CURVE('',#2583,#2576,#2585,.T.);
#2583 = VERTEX_POINT('',#2584);
#2584 = CARTESIAN_POINT('',(21.3,17.34,5.));
#2585 = B_SPLINE_CURVE_WITH_KNOTS('',1,(#2586,#2587),.UNSPECIFIED.,.F.,
  .F.,(2,2),(0.,0.454532727095),.PIECEWISE_BEZIER_KNOTS.);
#2586 = CARTESIAN_POINT('',(21.3,17.34,5.));
#2587 = CARTESIAN_POINT('',(21.65,17.63,5.));
#2588 = ORIENTED_EDGE('',*,*,#2589,.F.);
#2589 = EDGE_CURVE('',#2590,#2583,#2592,.T.);
#2590 = VERTEX_POINT('',#2591);
#2591 = CARTESIAN_POINT('',(20.92,16.81,5.));
#2592 = B_SPLINE_CURVE_WITH_KNOTS('',1,(#2593,#2594),.UNSPECIFIED.,.F.,
  .F.,(2,2),(0.,0.652150289427),.PIECEWISE_BEZIER_KNOTS.);
#2593 = CARTESIAN_POINT('',(20.92,16.81,5.));
#2594 = CARTESIAN_POINT('',(21.3,17.34,5.));
#2595 = ORIENTED_EDGE('',*,*,#2596,.F.);
#2596 = EDGE_CURVE('',#2534,#2590,#2597,.T.);
#2597 = B_SPLINE_CURVE_WITH_KNOTS('',1,(#2598,#2599),.UNSPECIFIED.,.F.,
  .F.,(2,2),(0.,0.57697486947),.PIECEWISE_BEZIER_KNOTS.);
#2598 = CARTESIAN_POINT('',(20.67,16.29,5.));
#2599 = CARTESIAN_POINT('',(20.92,16.81,5.));
#2600 = FACE_BOUND('',#2601,.T.);
#2601 = EDGE_LOOP('',(#2602));
#2602 = ORIENTED_EDGE('',*,*,#2603,.F.);
#2603 = EDGE_CURVE('',#2604,#2604,#2606,.T.);
#2604 = VERTEX_POINT('',#2605);
#2605 = CARTESIAN_POINT('',(49.499989,48.999947,5.));
#2606 = CIRCLE('',#2607,3.5);
#2607 = AXIS2_PLACEMENT_3D('',#2608,#2609,#2610);
#2608 = CARTESIAN_POINT('',(45.999989,48.999947,5.));
#2609 = DIRECTION('',(0.,0.,1.));
#2610 = DIRECTION('',(1.,0.,0.));
#2611 = FACE_BOUND('',#2612,.T.);
#2612 = EDGE_LOOP('',(#2613));
#2613 = ORIENTED_EDGE('',*,*,#2614,.F.);
#2614 = EDGE_CURVE('',#2615,#2615,#2617,.T.);
#2615 = VERTEX_POINT('',#2616);
#2616 = CARTESIAN_POINT('',(33.99992,60.999481,5.));
#2617 = CIRCLE('',#2618,4.);
#2618 = AXIS2_PLACEMENT_3D('',#2619,#2620,#2621);
#2619 = CARTESIAN_POINT('',(29.99992,60.999481,5.));
#2620 = DIRECTION('',(0.,0.,1.));
#2621 = DIRECTION('',(1.,0.,0.));
#2622 = PLANE('',#2623);
#2623 = AXIS2_PLACEMENT_3D('',#2624,#2625,#2626);
#2624 = CARTESIAN_POINT('',(-3.030000000013E-04,2.499807,5.));
#2625 = DIRECTION('',(0.,0.,1.));
#2626 = DIRECTION('',(1.,0.,0.));
#2627 = ADVANCED_FACE('',(#2628),#2636,.F.);
#2628 = FACE_BOUND('',#2629,.F.);
#2629 = EDGE_LOOP('',(#2630,#2631,#2632,#2633,#2634,#2635));
#2630 = ORIENTED_EDGE('',*,*,#726,.F.);
#2631 = ORIENTED_EDGE('',*,*,#748,.T.);
#2632 = ORIENTED_EDGE('',*,*,#345,.T.);
#2633 = ORIENTED_EDGE('',*,*,#380,.T.);
#2634 = ORIENTED_EDGE('',*,*,#411,.F.);
#2635 = ORIENTED_EDGE('',*,*,#443,.F.);
#2636 = PLANE('',#2637);
#2637 = AXIS2_PLACEMENT_3D('',#2638,#2639,#2640);
#2638 = CARTESIAN_POINT('',(60.749573,-61.00005,4.75));
#2639 = DIRECTION('',(-0.707106781187,0.,-0.707106781187));
#2640 = DIRECTION('',(0.,1.,0.));
#2641 = ADVANCED_FACE('',(#2642),#2653,.F.);
#2642 = FACE_BOUND('',#2643,.T.);
#2643 = EDGE_LOOP('',(#2644,#2650,#2651,#2652));
#2644 = ORIENTED_EDGE('',*,*,#2645,.F.);
#2645 = EDGE_CURVE('',#760,#477,#2646,.T.);
#2646 = LINE('',#2647,#2648);
#2647 = CARTESIAN_POINT('',(-26.000004,-55.999973,5.));
#2648 = VECTOR('',#2649,1.);
#2649 = DIRECTION('',(-0.707106781187,0.,-0.707106781187));
#2650 = ORIENTED_EDGE('',*,*,#759,.T.);
#2651 = ORIENTED_EDGE('',*,*,#2645,.T.);
#2652 = ORIENTED_EDGE('',*,*,#476,.F.);
#2653 = CONICAL_SURFACE('',#2654,4.,0.785398163397);
#2654 = AXIS2_PLACEMENT_3D('',#2655,#2656,#2657);
#2655 = CARTESIAN_POINT('',(-30.000004,-55.999973,5.));
#2656 = DIRECTION('',(0.,0.,1.));
#2657 = DIRECTION('',(1.,0.,0.));
#2658 = ADVANCED_FACE('',(#2659),#2670,.F.);
#2659 = FACE_BOUND('',#2660,.T.);
#2660 = EDGE_LOOP('',(#2661,#2667,#2668,#2669));
#2661 = ORIENTED_EDGE('',*,*,#2662,.F.);
#2662 = EDGE_CURVE('',#771,#502,#2663,.T.);
#2663 = LINE('',#2664,#2665);
#2664 = CARTESIAN_POINT('',(4.,-56.000069,5.));
#2665 = VECTOR('',#2666,1.);
#2666 = DIRECTION('',(-0.707106781187,0.,-0.707106781187));
#2667 = ORIENTED_EDGE('',*,*,#770,.T.);
#2668 = ORIENTED_EDGE('',*,*,#2662,.T.);
#2669 = ORIENTED_EDGE('',*,*,#501,.F.);
#2670 = CONICAL_SURFACE('',#2671,4.,0.785398163397);
#2671 = AXIS2_PLACEMENT_3D('',#2672,#2673,#2674);
#2672 = CARTESIAN_POINT('',(0.,-56.000069,5.));
#2673 = DIRECTION('',(0.,0.,1.));
#2674 = DIRECTION('',(1.,0.,0.));
#2675 = ADVANCED_FACE('',(#2676),#2687,.F.);
#2676 = FACE_BOUND('',#2677,.T.);
#2677 = EDGE_LOOP('',(#2678,#2684,#2685,#2686));
#2678 = ORIENTED_EDGE('',*,*,#2679,.F.);
#2679 = EDGE_CURVE('',#793,#527,#2680,.T.);
#2680 = LINE('',#2681,#2682);
#2681 = CARTESIAN_POINT('',(33.999954,-56.000145,5.));
#2682 = VECTOR('',#2683,1.);
#2683 = DIRECTION('',(-0.707106781187,0.,-0.707106781187));
#2684 = ORIENTED_EDGE('',*,*,#792,.T.);
#2685 = ORIENTED_EDGE('',*,*,#2679,.T.);
#2686 = ORIENTED_EDGE('',*,*,#526,.F.);
#2687 = CONICAL_SURFACE('',#2688,4.,0.785398163397);
#2688 = AXIS2_PLACEMENT_3D('',#2689,#2690,#2691);
#2689 = CARTESIAN_POINT('',(29.999954,-56.000145,5.));
#2690 = DIRECTION('',(0.,0.,1.));
#2691 = DIRECTION('',(1.,0.,0.));
#2692 = ADVANCED_FACE('',(#2693),#2704,.F.);
#2693 = FACE_BOUND('',#2694,.T.);
#2694 = EDGE_LOOP('',(#2695,#2701,#2702,#2703));
#2695 = ORIENTED_EDGE('',*,*,#2696,.F.);
#2696 = EDGE_CURVE('',#1807,#552,#2697,.T.);
#2697 = LINE('',#2698,#2699);
#2698 = CARTESIAN_POINT('',(-25.999344,61.000214,5.));
#2699 = VECTOR('',#2700,1.);
#2700 = DIRECTION('',(-0.707106781187,0.,-0.707106781187));
#2701 = ORIENTED_EDGE('',*,*,#1806,.T.);
#2702 = ORIENTED_EDGE('',*,*,#2696,.T.);
#2703 = ORIENTED_EDGE('',*,*,#551,.F.);
#2704 = CONICAL_SURFACE('',#2705,4.,0.785398163397);
#2705 = AXIS2_PLACEMENT_3D('',#2706,#2707,#2708);
#2706 = CARTESIAN_POINT('',(-29.999344,61.000214,5.));
#2707 = DIRECTION('',(0.,0.,1.));
#2708 = DIRECTION('',(1.,0.,0.));
#2709 = ADVANCED_FACE('',(#2710,#2716,#2727,#2738,#2749,#2821,#2832),
  #2843,.F.);
#2710 = FACE_BOUND('',#2711,.F.);
#2711 = EDGE_LOOP('',(#2712,#2713,#2714,#2715));
#2712 = ORIENTED_EDGE('',*,*,#593,.F.);
#2713 = ORIENTED_EDGE('',*,*,#617,.F.);
#2714 = ORIENTED_EDGE('',*,*,#658,.F.);
#2715 = ORIENTED_EDGE('',*,*,#641,.F.);
#2716 = FACE_BOUND('',#2717,.F.);
#2717 = EDGE_LOOP('',(#2718));
#2718 = ORIENTED_EDGE('',*,*,#2719,.T.);
#2719 = EDGE_CURVE('',#2720,#2720,#2722,.T.);
#2720 = VERTEX_POINT('',#2721);
#2721 = CARTESIAN_POINT('',(-2.400255,-11.000834,0.));
#2722 = CIRCLE('',#2723,1.6);
#2723 = AXIS2_PLACEMENT_3D('',#2724,#2725,#2726);
#2724 = CARTESIAN_POINT('',(-4.000255,-11.000834,0.));
#2725 = DIRECTION('',(0.,0.,-1.));
#2726 = DIRECTION('',(1.,0.,0.));
#2727 = FACE_BOUND('',#2728,.F.);
#2728 = EDGE_LOOP('',(#2729));
#2729 = ORIENTED_EDGE('',*,*,#2730,.T.);
#2730 = EDGE_CURVE('',#2731,#2731,#2733,.T.);
#2731 = VERTEX_POINT('',#2732);
#2732 = CARTESIAN_POINT('',(47.60008,-11.000163,0.));
#2733 = CIRCLE('',#2734,1.6);
#2734 = AXIS2_PLACEMENT_3D('',#2735,#2736,#2737);
#2735 = CARTESIAN_POINT('',(46.00008,-11.000163,0.));
#2736 = DIRECTION('',(0.,0.,-1.));
#2737 = DIRECTION('',(1.,0.,0.));
#2738 = FACE_BOUND('',#2739,.F.);
#2739 = EDGE_LOOP('',(#2740));
#2740 = ORIENTED_EDGE('',*,*,#2741,.F.);
#2741 = EDGE_CURVE('',#2742,#2742,#2744,.T.);
#2742 = VERTEX_POINT('',#2743);
#2743 = CARTESIAN_POINT('',(-32.500042,45.49963,0.));
#2744 = CIRCLE('',#2745,5.5);
#2745 = AXIS2_PLACEMENT_3D('',#2746,#2747,#2748);
#2746 = CARTESIAN_POINT('',(-38.000042,45.49963,0.));
#2747 = DIRECTION('',(0.,0.,1.));
#2748 = DIRECTION('',(1.,0.,0.));
#2749 = FACE_BOUND('',#2750,.F.);
#2750 = EDGE_LOOP('',(#2751,#2762,#2770,#2779,#2788,#2797,#2805,#2814));
#2751 = ORIENTED_EDGE('',*,*,#2752,.F.);
#2752 = EDGE_CURVE('',#2753,#2755,#2757,.T.);
#2753 = VERTEX_POINT('',#2754);
#2754 = CARTESIAN_POINT('',(-24.15669378717,49.999718244591,0.));
#2755 = VERTEX_POINT('',#2756);
#2756 = CARTESIAN_POINT('',(-24.58393173705,49.878534971128,0.));
#2757 = CIRCLE('',#2758,0.813716472372);
#2758 = AXIS2_PLACEMENT_3D('',#2759,#2760,#2761);
#2759 = CARTESIAN_POINT('',(-24.15669378717,49.186001772219,0.));
#2760 = DIRECTION('',(0.,0.,1.));
#2761 = DIRECTION('',(1.,0.,0.));
#2762 = ORIENTED_EDGE('',*,*,#2763,.T.);
#2763 = EDGE_CURVE('',#2753,#2764,#2766,.T.);
#2764 = VERTEX_POINT('',#2765);
#2765 = CARTESIAN_POINT('',(-18.84386868329,49.999718244591,0.));
#2766 = LINE('',#2767,#2768);
#2767 = CARTESIAN_POINT('',(-12.07849839358,49.999718244591,0.));
#2768 = VECTOR('',#2769,1.);
#2769 = DIRECTION('',(1.,0.,0.));
#2770 = ORIENTED_EDGE('',*,*,#2771,.F.);
#2771 = EDGE_CURVE('',#2772,#2764,#2774,.T.);
#2772 = VERTEX_POINT('',#2773);
#2773 = CARTESIAN_POINT('',(-18.40032501852,49.873046091813,0.));
#2774 = CIRCLE('',#2775,0.839872111524);
#2775 = AXIS2_PLACEMENT_3D('',#2776,#2777,#2778);
#2776 = CARTESIAN_POINT('',(-18.84386868329,49.159846133067,0.));
#2777 = DIRECTION('',(0.,0.,1.));
#2778 = DIRECTION('',(1.,0.,0.));
#2779 = ORIENTED_EDGE('',*,*,#2780,.F.);
#2780 = EDGE_CURVE('',#2781,#2772,#2783,.T.);
#2781 = VERTEX_POINT('',#2782);
#2782 = CARTESIAN_POINT('',(-18.4139881121,40.5236311788,0.));
#2783 = CIRCLE('',#2784,5.5);
#2784 = AXIS2_PLACEMENT_3D('',#2785,#2786,#2787);
#2785 = CARTESIAN_POINT('',(-21.30492218608,45.202573386168,0.));
#2786 = DIRECTION('',(0.,0.,1.));
#2787 = DIRECTION('',(1.,0.,0.));
#2788 = ORIENTED_EDGE('',*,*,#2789,.F.);
#2789 = EDGE_CURVE('',#2790,#2781,#2792,.T.);
#2790 = VERTEX_POINT('',#2791);
#2791 = CARTESIAN_POINT('',(-18.85028532417,40.399717863344,0.));
#2792 = CIRCLE('',#2793,0.830055132692);
#2793 = AXIS2_PLACEMENT_3D('',#2794,#2795,#2796);
#2794 = CARTESIAN_POINT('',(-18.85028532417,41.229772996035,0.));
#2795 = DIRECTION('',(0.,0.,1.));
#2796 = DIRECTION('',(1.,0.,0.));
#2797 = ORIENTED_EDGE('',*,*,#2798,.F.);
#2798 = EDGE_CURVE('',#2799,#2790,#2801,.T.);
#2799 = VERTEX_POINT('',#2800);
#2800 = CARTESIAN_POINT('',(-24.17670789068,40.399717863344,0.));
#2801 = LINE('',#2802,#2803);
#2802 = CARTESIAN_POINT('',(-12.08850544534,40.399717863344,0.));
#2803 = VECTOR('',#2804,1.);
#2804 = DIRECTION('',(1.,0.,0.));
#2805 = ORIENTED_EDGE('',*,*,#2806,.F.);
#2806 = EDGE_CURVE('',#2807,#2799,#2809,.T.);
#2807 = VERTEX_POINT('',#2808);
#2808 = CARTESIAN_POINT('',(-24.57871354397,40.513502178957,0.));
#2809 = CIRCLE('',#2810,0.767045153886);
#2810 = AXIS2_PLACEMENT_3D('',#2811,#2812,#2813);
#2811 = CARTESIAN_POINT('',(-24.17670789068,41.166763017229,0.));
#2812 = DIRECTION('',(0.,0.,1.));
#2813 = DIRECTION('',(1.,0.,0.));
#2814 = ORIENTED_EDGE('',*,*,#2815,.F.);
#2815 = EDGE_CURVE('',#2755,#2807,#2816,.T.);
#2816 = CIRCLE('',#2817,5.5);
#2817 = AXIS2_PLACEMENT_3D('',#2818,#2819,#2820);
#2818 = CARTESIAN_POINT('',(-21.69618298901,45.197626173872,0.));
#2819 = DIRECTION('',(0.,0.,1.));
#2820 = DIRECTION('',(1.,0.,0.));
#2821 = FACE_BOUND('',#2822,.F.);
#2822 = EDGE_LOOP('',(#2823));
#2823 = ORIENTED_EDGE('',*,*,#2824,.T.);
#2824 = EDGE_CURVE('',#2825,#2825,#2827,.T.);
#2825 = VERTEX_POINT('',#2826);
#2826 = CARTESIAN_POINT('',(-2.400124,49.000004,0.));
#2827 = CIRCLE('',#2828,1.6);
#2828 = AXIS2_PLACEMENT_3D('',#2829,#2830,#2831);
#2829 = CARTESIAN_POINT('',(-4.000124,49.000004,0.));
#2830 = DIRECTION('',(0.,0.,-1.));
#2831 = DIRECTION('',(1.,0.,0.));
#2832 = FACE_BOUND('',#2833,.F.);
#2833 = EDGE_LOOP('',(#2834));
#2834 = ORIENTED_EDGE('',*,*,#2835,.T.);
#2835 = EDGE_CURVE('',#2836,#2836,#2838,.T.);
#2836 = VERTEX_POINT('',#2837);
#2837 = CARTESIAN_POINT('',(47.599989,48.999947,0.));
#2838 = CIRCLE('',#2839,1.6);
#2839 = AXIS2_PLACEMENT_3D('',#2840,#2841,#2842);
#2840 = CARTESIAN_POINT('',(45.999989,48.999947,0.));
#2841 = DIRECTION('',(0.,0.,-1.));
#2842 = DIRECTION('',(1.,0.,0.));
#2843 = PLANE('',#2844);
#2844 = AXIS2_PLACEMENT_3D('',#2845,#2846,#2847);
#2845 = CARTESIAN_POINT('',(-3.030000000013E-04,2.499807,0.));
#2846 = DIRECTION('',(0.,0.,1.));
#2847 = DIRECTION('',(1.,0.,0.));
#2848 = ADVANCED_FACE('',(#2849),#2860,.F.);
#2849 = FACE_BOUND('',#2850,.T.);
#2850 = EDGE_LOOP('',(#2851,#2857,#2858,#2859));
#2851 = ORIENTED_EDGE('',*,*,#2852,.F.);
#2852 = EDGE_CURVE('',#1829,#673,#2853,.T.);
#2853 = LINE('',#2854,#2855);
#2854 = CARTESIAN_POINT('',(4.,60.999756,5.));
#2855 = VECTOR('',#2856,1.);
#2856 = DIRECTION('',(-0.707106781187,0.,-0.707106781187));
#2857 = ORIENTED_EDGE('',*,*,#1828,.T.);
#2858 = ORIENTED_EDGE('',*,*,#2852,.T.);
#2859 = ORIENTED_EDGE('',*,*,#672,.F.);
#2860 = CONICAL_SURFACE('',#2861,4.,0.785398163397);
#2861 = AXIS2_PLACEMENT_3D('',#2862,#2863,#2864);
#2862 = CARTESIAN_POINT('',(0.,60.999756,5.));
#2863 = DIRECTION('',(0.,0.,1.));
#2864 = DIRECTION('',(1.,0.,0.));
#2865 = ADVANCED_FACE('',(#2866),#2877,.F.);
#2866 = FACE_BOUND('',#2867,.T.);
#2867 = EDGE_LOOP('',(#2868,#2874,#2875,#2876));
#2868 = ORIENTED_EDGE('',*,*,#2869,.F.);
#2869 = EDGE_CURVE('',#2615,#698,#2870,.T.);
#2870 = LINE('',#2871,#2872);
#2871 = CARTESIAN_POINT('',(33.99992,60.999481,5.));
#2872 = VECTOR('',#2873,1.);
#2873 = DIRECTION('',(-0.707106781187,0.,-0.707106781187));
#2874 = ORIENTED_EDGE('',*,*,#2614,.T.);
#2875 = ORIENTED_EDGE('',*,*,#2869,.T.);
#2876 = ORIENTED_EDGE('',*,*,#697,.F.);
#2877 = CONICAL_SURFACE('',#2878,4.,0.785398163397);
#2878 = AXIS2_PLACEMENT_3D('',#2879,#2880,#2881);
#2879 = CARTESIAN_POINT('',(29.99992,60.999481,5.));
#2880 = DIRECTION('',(0.,0.,1.));
#2881 = DIRECTION('',(1.,0.,0.));
#2882 = ADVANCED_FACE('',(#2883),#2902,.F.);
#2883 = FACE_BOUND('',#2884,.T.);
#2884 = EDGE_LOOP('',(#2885,#2893,#2894,#2895));
#2885 = ORIENTED_EDGE('',*,*,#2886,.F.);
#2886 = EDGE_CURVE('',#782,#2887,#2889,.T.);
#2887 = VERTEX_POINT('',#2888);
#2888 = CARTESIAN_POINT('',(-2.400255,-11.000834,3.1));
#2889 = LINE('',#2890,#2891);
#2890 = CARTESIAN_POINT('',(-0.500255,-11.000834,5.));
#2891 = VECTOR('',#2892,1.);
#2892 = DIRECTION('',(-0.707106781187,0.,-0.707106781187));
#2893 = ORIENTED_EDGE('',*,*,#781,.T.);
#2894 = ORIENTED_EDGE('',*,*,#2886,.T.);
#2895 = ORIENTED_EDGE('',*,*,#2896,.F.);
#2896 = EDGE_CURVE('',#2887,#2887,#2897,.T.);
#2897 = CIRCLE('',#2898,1.6);
#2898 = AXIS2_PLACEMENT_3D('',#2899,#2900,#2901);
#2899 = CARTESIAN_POINT('',(-4.000255,-11.000834,3.1));
#2900 = DIRECTION('',(0.,0.,1.));
#2901 = DIRECTION('',(1.,0.,0.));
#2902 = CONICAL_SURFACE('',#2903,3.5,0.785398163397);
#2903 = AXIS2_PLACEMENT_3D('',#2904,#2905,#2906);
#2904 = CARTESIAN_POINT('',(-4.000255,-11.000834,5.));
#2905 = DIRECTION('',(0.,0.,1.));
#2906 = DIRECTION('',(1.,0.,0.));
#2907 = ADVANCED_FACE('',(#2908),#2927,.F.);
#2908 = FACE_BOUND('',#2909,.T.);
#2909 = EDGE_LOOP('',(#2910,#2918,#2919,#2920));
#2910 = ORIENTED_EDGE('',*,*,#2911,.F.);
#2911 = EDGE_CURVE('',#804,#2912,#2914,.T.);
#2912 = VERTEX_POINT('',#2913);
#2913 = CARTESIAN_POINT('',(47.60008,-11.000163,3.1));
#2914 = LINE('',#2915,#2916);
#2915 = CARTESIAN_POINT('',(49.50008,-11.000163,5.));
#2916 = VECTOR('',#2917,1.);
#2917 = DIRECTION('',(-0.707106781187,0.,-0.707106781187));
#2918 = ORIENTED_EDGE('',*,*,#803,.T.);
#2919 = ORIENTED_EDGE('',*,*,#2911,.T.);
#2920 = ORIENTED_EDGE('',*,*,#2921,.F.);
#2921 = EDGE_CURVE('',#2912,#2912,#2922,.T.);
#2922 = CIRCLE('',#2923,1.6);
#2923 = AXIS2_PLACEMENT_3D('',#2924,#2925,#2926);
#2924 = CARTESIAN_POINT('',(46.00008,-11.000163,3.1));
#2925 = DIRECTION('',(0.,0.,1.));
#2926 = DIRECTION('',(1.,0.,0.));
#2927 = CONICAL_SURFACE('',#2928,3.5,0.785398163397);
#2928 = AXIS2_PLACEMENT_3D('',#2929,#2930,#2931);
#2929 = CARTESIAN_POINT('',(46.00008,-11.000163,5.));
#2930 = DIRECTION('',(0.,0.,1.));
#2931 = DIRECTION('',(1.,0.,0.));
#2932 = ADVANCED_FACE('',(#2933),#2957,.F.);
#2933 = FACE_BOUND('',#2934,.F.);
#2934 = EDGE_LOOP('',(#2935,#2943,#2950,#2956));
#2935 = ORIENTED_EDGE('',*,*,#2936,.T.);
#2936 = EDGE_CURVE('',#815,#2937,#2939,.T.);
#2937 = VERTEX_POINT('',#2938);
#2938 = CARTESIAN_POINT('',(-21.12,17.51,4.8));
#2939 = LINE('',#2940,#2941);
#2940 = CARTESIAN_POINT('',(-21.12,17.51,5.));
#2941 = VECTOR('',#2942,1.);
#2942 = DIRECTION('',(-0.,-0.,-1.));
#2943 = ORIENTED_EDGE('',*,*,#2944,.T.);
#2944 = EDGE_CURVE('',#2937,#2945,#2947,.T.);
#2945 = VERTEX_POINT('',#2946);
#2946 = CARTESIAN_POINT('',(-20.76,17.64,4.8));
#2947 = B_SPLINE_CURVE_WITH_KNOTS('',1,(#2948,#2949),.UNSPECIFIED.,.F.,
  .F.,(2,2),(0.,0.38275318418),.PIECEWISE_BEZIER_KNOTS.);
#2948 = CARTESIAN_POINT('',(-21.12,17.51,4.8));
#2949 = CARTESIAN_POINT('',(-20.76,17.64,4.8));
#2950 = ORIENTED_EDGE('',*,*,#2951,.F.);
#2951 = EDGE_CURVE('',#817,#2945,#2952,.T.);
#2952 = LINE('',#2953,#2954);
#2953 = CARTESIAN_POINT('',(-20.76,17.64,5.));
#2954 = VECTOR('',#2955,1.);
#2955 = DIRECTION('',(-0.,-0.,-1.));
#2956 = ORIENTED_EDGE('',*,*,#814,.F.);
#2957 = SURFACE_OF_LINEAR_EXTRUSION('',#2958,#2961);
#2958 = B_SPLINE_CURVE_WITH_KNOTS('',1,(#2959,#2960),.UNSPECIFIED.,.F.,
  .F.,(2,2),(0.,0.38275318418),.PIECEWISE_BEZIER_KNOTS.);
#2959 = CARTESIAN_POINT('',(-21.12,17.51,5.));
#2960 = CARTESIAN_POINT('',(-20.76,17.64,5.));
#2961 = VECTOR('',#2962,1.);
#2962 = DIRECTION('',(0.,0.,1.));
#2963 = ADVANCED_FACE('',(#2964),#2981,.F.);
#2964 = FACE_BOUND('',#2965,.F.);
#2965 = EDGE_LOOP('',(#2966,#2967,#2974,#2980));
#2966 = ORIENTED_EDGE('',*,*,#2951,.T.);
#2967 = ORIENTED_EDGE('',*,*,#2968,.T.);
#2968 = EDGE_CURVE('',#2945,#2969,#2971,.T.);
#2969 = VERTEX_POINT('',#2970);
#2970 = CARTESIAN_POINT('',(-20.3,17.9,4.8));
#2971 = B_SPLINE_CURVE_WITH_KNOTS('',1,(#2972,#2973),.UNSPECIFIED.,.F.,
  .F.,(2,2),(0.,0.528393792545),.PIECEWISE_BEZIER_KNOTS.);
#2972 = CARTESIAN_POINT('',(-20.76,17.64,4.8));
#2973 = CARTESIAN_POINT('',(-20.3,17.9,4.8));
#2974 = ORIENTED_EDGE('',*,*,#2975,.F.);
#2975 = EDGE_CURVE('',#1167,#2969,#2976,.T.);
#2976 = LINE('',#2977,#2978);
#2977 = CARTESIAN_POINT('',(-20.3,17.9,5.));
#2978 = VECTOR('',#2979,1.);
#2979 = DIRECTION('',(-0.,-0.,-1.));
#2980 = ORIENTED_EDGE('',*,*,#1173,.F.);
#2981 = SURFACE_OF_LINEAR_EXTRUSION('',#2982,#2985);
#2982 = B_SPLINE_CURVE_WITH_KNOTS('',1,(#2983,#2984),.UNSPECIFIED.,.F.,
  .F.,(2,2),(0.,0.528393792545),.PIECEWISE_BEZIER_KNOTS.);
#2983 = CARTESIAN_POINT('',(-20.76,17.64,5.));
#2984 = CARTESIAN_POINT('',(-20.3,17.9,5.));
#2985 = VECTOR('',#2986,1.);
#2986 = DIRECTION('',(0.,0.,1.));
#2987 = ADVANCED_FACE('',(#2988),#3005,.F.);
#2988 = FACE_BOUND('',#2989,.F.);
#2989 = EDGE_LOOP('',(#2990,#2991,#2998,#3004));
#2990 = ORIENTED_EDGE('',*,*,#2975,.T.);
#2991 = ORIENTED_EDGE('',*,*,#2992,.T.);
#2992 = EDGE_CURVE('',#2969,#2993,#2995,.T.);
#2993 = VERTEX_POINT('',#2994);
#2994 = CARTESIAN_POINT('',(-19.78,18.4,4.8));
#2995 = B_SPLINE_CURVE_WITH_KNOTS('',1,(#2996,#2997),.UNSPECIFIED.,.F.,
  .F.,(2,2),(0.,0.721387551875),.PIECEWISE_BEZIER_KNOTS.);
#2996 = CARTESIAN_POINT('',(-20.3,17.9,4.8));
#2997 = CARTESIAN_POINT('',(-19.78,18.4,4.8));
#2998 = ORIENTED_EDGE('',*,*,#2999,.F.);
#2999 = EDGE_CURVE('',#1160,#2993,#3000,.T.);
#3000 = LINE('',#3001,#3002);
#3001 = CARTESIAN_POINT('',(-19.78,18.4,5.));
#3002 = VECTOR('',#3003,1.);
#3003 = DIRECTION('',(-0.,-0.,-1.));
#3004 = ORIENTED_EDGE('',*,*,#1166,.F.);
#3005 = SURFACE_OF_LINEAR_EXTRUSION('',#3006,#3009);
#3006 = B_SPLINE_CURVE_WITH_KNOTS('',1,(#3007,#3008),.UNSPECIFIED.,.F.,
  .F.,(2,2),(0.,0.721387551875),.PIECEWISE_BEZIER_KNOTS.);
#3007 = CARTESIAN_POINT('',(-20.3,17.9,5.));
#3008 = CARTESIAN_POINT('',(-19.78,18.4,5.));
#3009 = VECTOR('',#3010,1.);
#3010 = DIRECTION('',(0.,0.,1.));
#3011 = ADVANCED_FACE('',(#3012),#3029,.F.);
#3012 = FACE_BOUND('',#3013,.F.);
#3013 = EDGE_LOOP('',(#3014,#3015,#3022,#3028));
#3014 = ORIENTED_EDGE('',*,*,#2999,.T.);
#3015 = ORIENTED_EDGE('',*,*,#3016,.T.);
#3016 = EDGE_CURVE('',#2993,#3017,#3019,.T.);
#3017 = VERTEX_POINT('',#3018);
#3018 = CARTESIAN_POINT('',(-19.55,18.72,4.8));
#3019 = B_SPLINE_CURVE_WITH_KNOTS('',1,(#3020,#3021),.UNSPECIFIED.,.F.,
  .F.,(2,2),(0.,0.394081209905),.PIECEWISE_BEZIER_KNOTS.);
#3020 = CARTESIAN_POINT('',(-19.78,18.4,4.8));
#3021 = CARTESIAN_POINT('',(-19.55,18.72,4.8));
#3022 = ORIENTED_EDGE('',*,*,#3023,.F.);
#3023 = EDGE_CURVE('',#1153,#3017,#3024,.T.);
#3024 = LINE('',#3025,#3026);
#3025 = CARTESIAN_POINT('',(-19.55,18.72,5.));
#3026 = VECTOR('',#3027,1.);
#3027 = DIRECTION('',(-0.,-0.,-1.));
#3028 = ORIENTED_EDGE('',*,*,#1159,.F.);
#3029 = SURFACE_OF_LINEAR_EXTRUSION('',#3030,#3033);
#3030 = B_SPLINE_CURVE_WITH_KNOTS('',1,(#3031,#3032),.UNSPECIFIED.,.F.,
  .F.,(2,2),(0.,0.394081209905),.PIECEWISE_BEZIER_KNOTS.);
#3031 = CARTESIAN_POINT('',(-19.78,18.4,5.));
#3032 = CARTESIAN_POINT('',(-19.55,18.72,5.));
#3033 = VECTOR('',#3034,1.);
#3034 = DIRECTION('',(0.,0.,1.));
#3035 = ADVANCED_FACE('',(#3036),#3053,.F.);
#3036 = FACE_BOUND('',#3037,.F.);
#3037 = EDGE_LOOP('',(#3038,#3039,#3046,#3052));
#3038 = ORIENTED_EDGE('',*,*,#3023,.T.);
#3039 = ORIENTED_EDGE('',*,*,#3040,.T.);
#3040 = EDGE_CURVE('',#3017,#3041,#3043,.T.);
#3041 = VERTEX_POINT('',#3042);
#3042 = CARTESIAN_POINT('',(-19.39,19.08,4.8));
#3043 = B_SPLINE_CURVE_WITH_KNOTS('',1,(#3044,#3045),.UNSPECIFIED.,.F.,
  .F.,(2,2),(0.,0.393954312072),.PIECEWISE_BEZIER_KNOTS.);
#3044 = CARTESIAN_POINT('',(-19.55,18.72,4.8));
#3045 = CARTESIAN_POINT('',(-19.39,19.08,4.8));
#3046 = ORIENTED_EDGE('',*,*,#3047,.F.);
#3047 = EDGE_CURVE('',#1146,#3041,#3048,.T.);
#3048 = LINE('',#3049,#3050);
#3049 = CARTESIAN_POINT('',(-19.39,19.08,5.));
#3050 = VECTOR('',#3051,1.);
#3051 = DIRECTION('',(-0.,-0.,-1.));
#3052 = ORIENTED_EDGE('',*,*,#1152,.F.);
#3053 = SURFACE_OF_LINEAR_EXTRUSION('',#3054,#3057);
#3054 = B_SPLINE_CURVE_WITH_KNOTS('',1,(#3055,#3056),.UNSPECIFIED.,.F.,
  .F.,(2,2),(0.,0.393954312072),.PIECEWISE_BEZIER_KNOTS.);
#3055 = CARTESIAN_POINT('',(-19.55,18.72,5.));
#3056 = CARTESIAN_POINT('',(-19.39,19.08,5.));
#3057 = VECTOR('',#3058,1.);
#3058 = DIRECTION('',(0.,0.,1.));
#3059 = ADVANCED_FACE('',(#3060),#3077,.F.);
#3060 = FACE_BOUND('',#3061,.F.);
#3061 = EDGE_LOOP('',(#3062,#3063,#3070,#3076));
#3062 = ORIENTED_EDGE('',*,*,#3047,.T.);
#3063 = ORIENTED_EDGE('',*,*,#3064,.T.);
#3064 = EDGE_CURVE('',#3041,#3065,#3067,.T.);
#3065 = VERTEX_POINT('',#3066);
#3066 = CARTESIAN_POINT('',(-19.29,19.38,4.8));
#3067 = B_SPLINE_CURVE_WITH_KNOTS('',1,(#3068,#3069),.UNSPECIFIED.,.F.,
  .F.,(2,2),(0.,0.316227766017),.PIECEWISE_BEZIER_KNOTS.);
#3068 = CARTESIAN_POINT('',(-19.39,19.08,4.8));
#3069 = CARTESIAN_POINT('',(-19.29,19.38,4.8));
#3070 = ORIENTED_EDGE('',*,*,#3071,.F.);
#3071 = EDGE_CURVE('',#1139,#3065,#3072,.T.);
#3072 = LINE('',#3073,#3074);
#3073 = CARTESIAN_POINT('',(-19.29,19.38,5.));
#3074 = VECTOR('',#3075,1.);
#3075 = DIRECTION('',(-0.,-0.,-1.));
#3076 = ORIENTED_EDGE('',*,*,#1145,.F.);
#3077 = SURFACE_OF_LINEAR_EXTRUSION('',#3078,#3081);
#3078 = B_SPLINE_CURVE_WITH_KNOTS('',1,(#3079,#3080),.UNSPECIFIED.,.F.,
  .F.,(2,2),(0.,0.316227766017),.PIECEWISE_BEZIER_KNOTS.);
#3079 = CARTESIAN_POINT('',(-19.39,19.08,5.));
#3080 = CARTESIAN_POINT('',(-19.29,19.38,5.));
#3081 = VECTOR('',#3082,1.);
#3082 = DIRECTION('',(0.,0.,1.));
#3083 = ADVANCED_FACE('',(#3084),#3101,.F.);
#3084 = FACE_BOUND('',#3085,.F.);
#3085 = EDGE_LOOP('',(#3086,#3087,#3094,#3100));
#3086 = ORIENTED_EDGE('',*,*,#3071,.T.);
#3087 = ORIENTED_EDGE('',*,*,#3088,.T.);
#3088 = EDGE_CURVE('',#3065,#3089,#3091,.T.);
#3089 = VERTEX_POINT('',#3090);
#3090 = CARTESIAN_POINT('',(-19.22,19.8,4.8));
#3091 = B_SPLINE_CURVE_WITH_KNOTS('',1,(#3092,#3093),.UNSPECIFIED.,.F.,
  .F.,(2,2),(0.,0.425793377121),.PIECEWISE_BEZIER_KNOTS.);
#3092 = CARTESIAN_POINT('',(-19.29,19.38,4.8));
#3093 = CARTESIAN_POINT('',(-19.22,19.8,4.8));
#3094 = ORIENTED_EDGE('',*,*,#3095,.F.);
#3095 = EDGE_CURVE('',#1132,#3089,#3096,.T.);
#3096 = LINE('',#3097,#3098);
#3097 = CARTESIAN_POINT('',(-19.22,19.8,5.));
#3098 = VECTOR('',#3099,1.);
#3099 = DIRECTION('',(-0.,-0.,-1.));
#3100 = ORIENTED_EDGE('',*,*,#1138,.F.);
#3101 = SURFACE_OF_LINEAR_EXTRUSION('',#3102,#3105);
#3102 = B_SPLINE_CURVE_WITH_KNOTS('',1,(#3103,#3104),.UNSPECIFIED.,.F.,
  .F.,(2,2),(0.,0.425793377121),.PIECEWISE_BEZIER_KNOTS.);
#3103 = CARTESIAN_POINT('',(-19.29,19.38,5.));
#3104 = CARTESIAN_POINT('',(-19.22,19.8,5.));
#3105 = VECTOR('',#3106,1.);
#3106 = DIRECTION('',(0.,0.,1.));
#3107 = ADVANCED_FACE('',(#3108),#3125,.F.);
#3108 = FACE_BOUND('',#3109,.F.);
#3109 = EDGE_LOOP('',(#3110,#3111,#3118,#3124));
#3110 = ORIENTED_EDGE('',*,*,#3095,.T.);
#3111 = ORIENTED_EDGE('',*,*,#3112,.T.);
#3112 = EDGE_CURVE('',#3089,#3113,#3115,.T.);
#3113 = VERTEX_POINT('',#3114);
#3114 = CARTESIAN_POINT('',(-19.22,23.36,4.8));
#3115 = B_SPLINE_CURVE_WITH_KNOTS('',1,(#3116,#3117),.UNSPECIFIED.,.F.,
  .F.,(2,2),(0.,3.56),.PIECEWISE_BEZIER_KNOTS.);
#3116 = CARTESIAN_POINT('',(-19.22,19.8,4.8));
#3117 = CARTESIAN_POINT('',(-19.22,23.36,4.8));
#3118 = ORIENTED_EDGE('',*,*,#3119,.F.);
#3119 = EDGE_CURVE('',#1125,#3113,#3120,.T.);
#3120 = LINE('',#3121,#3122);
#3121 = CARTESIAN_POINT('',(-19.22,23.36,5.));
#3122 = VECTOR('',#3123,1.);
#3123 = DIRECTION('',(-0.,-0.,-1.));
#3124 = ORIENTED_EDGE('',*,*,#1131,.F.);
#3125 = SURFACE_OF_LINEAR_EXTRUSION('',#3126,#3129);
#3126 = B_SPLINE_CURVE_WITH_KNOTS('',1,(#3127,#3128),.UNSPECIFIED.,.F.,
  .F.,(2,2),(0.,3.56),.PIECEWISE_BEZIER_KNOTS.);
#3127 = CARTESIAN_POINT('',(-19.22,19.8,5.));
#3128 = CARTESIAN_POINT('',(-19.22,23.36,5.));
#3129 = VECTOR('',#3130,1.);
#3130 = DIRECTION('',(0.,0.,1.));
#3131 = ADVANCED_FACE('',(#3132),#3149,.F.);
#3132 = FACE_BOUND('',#3133,.F.);
#3133 = EDGE_LOOP('',(#3134,#3135,#3142,#3148));
#3134 = ORIENTED_EDGE('',*,*,#3119,.T.);
#3135 = ORIENTED_EDGE('',*,*,#3136,.T.);
#3136 = EDGE_CURVE('',#3113,#3137,#3139,.T.);
#3137 = VERTEX_POINT('',#3138);
#3138 = CARTESIAN_POINT('',(-19.25,23.62,4.8));
#3139 = B_SPLINE_CURVE_WITH_KNOTS('',1,(#3140,#3141),.UNSPECIFIED.,.F.,
  .F.,(2,2),(0.,0.261725046566),.PIECEWISE_BEZIER_KNOTS.);
#3140 = CARTESIAN_POINT('',(-19.22,23.36,4.8));
#3141 = CARTESIAN_POINT('',(-19.25,23.62,4.8));
#3142 = ORIENTED_EDGE('',*,*,#3143,.F.);
#3143 = EDGE_CURVE('',#1118,#3137,#3144,.T.);
#3144 = LINE('',#3145,#3146);
#3145 = CARTESIAN_POINT('',(-19.25,23.62,5.));
#3146 = VECTOR('',#3147,1.);
#3147 = DIRECTION('',(-0.,-0.,-1.));
#3148 = ORIENTED_EDGE('',*,*,#1124,.F.);
#3149 = SURFACE_OF_LINEAR_EXTRUSION('',#3150,#3153);
#3150 = B_SPLINE_CURVE_WITH_KNOTS('',1,(#3151,#3152),.UNSPECIFIED.,.F.,
  .F.,(2,2),(0.,0.261725046566),.PIECEWISE_BEZIER_KNOTS.);
#3151 = CARTESIAN_POINT('',(-19.22,23.36,5.));
#3152 = CARTESIAN_POINT('',(-19.25,23.62,5.));
#3153 = VECTOR('',#3154,1.);
#3154 = DIRECTION('',(0.,0.,1.));
#3155 = ADVANCED_FACE('',(#3156),#3173,.F.);
#3156 = FACE_BOUND('',#3157,.F.);
#3157 = EDGE_LOOP('',(#3158,#3159,#3166,#3172));
#3158 = ORIENTED_EDGE('',*,*,#3143,.T.);
#3159 = ORIENTED_EDGE('',*,*,#3160,.T.);
#3160 = EDGE_CURVE('',#3137,#3161,#3163,.T.);
#3161 = VERTEX_POINT('',#3162);
#3162 = CARTESIAN_POINT('',(-19.42,24.18,4.8));
#3163 = B_SPLINE_CURVE_WITH_KNOTS('',1,(#3164,#3165),.UNSPECIFIED.,.F.,
  .F.,(2,2),(0.,0.585234995536),.PIECEWISE_BEZIER_KNOTS.);
#3164 = CARTESIAN_POINT('',(-19.25,23.62,4.8));
#3165 = CARTESIAN_POINT('',(-19.42,24.18,4.8));
#3166 = ORIENTED_EDGE('',*,*,#3167,.F.);
#3167 = EDGE_CURVE('',#1111,#3161,#3168,.T.);
#3168 = LINE('',#3169,#3170);
#3169 = CARTESIAN_POINT('',(-19.42,24.18,5.));
#3170 = VECTOR('',#3171,1.);
#3171 = DIRECTION('',(-0.,-0.,-1.));
#3172 = ORIENTED_EDGE('',*,*,#1117,.F.);
#3173 = SURFACE_OF_LINEAR_EXTRUSION('',#3174,#3177);
#3174 = B_SPLINE_CURVE_WITH_KNOTS('',1,(#3175,#3176),.UNSPECIFIED.,.F.,
  .F.,(2,2),(0.,0.585234995536),.PIECEWISE_BEZIER_KNOTS.);
#3175 = CARTESIAN_POINT('',(-19.25,23.62,5.));
#3176 = CARTESIAN_POINT('',(-19.42,24.18,5.));
#3177 = VECTOR('',#3178,1.);
#3178 = DIRECTION('',(0.,0.,1.));
#3179 = ADVANCED_FACE('',(#3180),#3197,.F.);
#3180 = FACE_BOUND('',#3181,.F.);
#3181 = EDGE_LOOP('',(#3182,#3183,#3190,#3196));
#3182 = ORIENTED_EDGE('',*,*,#3167,.T.);
#3183 = ORIENTED_EDGE('',*,*,#3184,.T.);
#3184 = EDGE_CURVE('',#3161,#3185,#3187,.T.);
#3185 = VERTEX_POINT('',#3186);
#3186 = CARTESIAN_POINT('',(-19.61,24.54,4.8));
#3187 = B_SPLINE_CURVE_WITH_KNOTS('',1,(#3188,#3189),.UNSPECIFIED.,.F.,
  .F.,(2,2),(0.,0.407062648741),.PIECEWISE_BEZIER_KNOTS.);
#3188 = CARTESIAN_POINT('',(-19.42,24.18,4.8));
#3189 = CARTESIAN_POINT('',(-19.61,24.54,4.8));
#3190 = ORIENTED_EDGE('',*,*,#3191,.F.);
#3191 = EDGE_CURVE('',#1104,#3185,#3192,.T.);
#3192 = LINE('',#3193,#3194);
#3193 = CARTESIAN_POINT('',(-19.61,24.54,5.));
#3194 = VECTOR('',#3195,1.);
#3195 = DIRECTION('',(-0.,-0.,-1.));
#3196 = ORIENTED_EDGE('',*,*,#1110,.F.);
#3197 = SURFACE_OF_LINEAR_EXTRUSION('',#3198,#3201);
#3198 = B_SPLINE_CURVE_WITH_KNOTS('',1,(#3199,#3200),.UNSPECIFIED.,.F.,
  .F.,(2,2),(0.,0.407062648741),.PIECEWISE_BEZIER_KNOTS.);
#3199 = CARTESIAN_POINT('',(-19.42,24.18,5.));
#3200 = CARTESIAN_POINT('',(-19.61,24.54,5.));
#3201 = VECTOR('',#3202,1.);
#3202 = DIRECTION('',(0.,0.,1.));
#3203 = ADVANCED_FACE('',(#3204),#3221,.F.);
#3204 = FACE_BOUND('',#3205,.F.);
#3205 = EDGE_LOOP('',(#3206,#3207,#3214,#3220));
#3206 = ORIENTED_EDGE('',*,*,#3191,.T.);
#3207 = ORIENTED_EDGE('',*,*,#3208,.T.);
#3208 = EDGE_CURVE('',#3185,#3209,#3211,.T.);
#3209 = VERTEX_POINT('',#3210);
#3210 = CARTESIAN_POINT('',(-19.78,24.76,4.8));
#3211 = B_SPLINE_CURVE_WITH_KNOTS('',1,(#3212,#3213),.UNSPECIFIED.,.F.,
  .F.,(2,2),(0.,0.278028775489),.PIECEWISE_BEZIER_KNOTS.);
#3212 = CARTESIAN_POINT('',(-19.61,24.54,4.8));
#3213 = CARTESIAN_POINT('',(-19.78,24.76,4.8));
#3214 = ORIENTED_EDGE('',*,*,#3215,.F.);
#3215 = EDGE_CURVE('',#1097,#3209,#3216,.T.);
#3216 = LINE('',#3217,#3218);
#3217 = CARTESIAN_POINT('',(-19.78,24.76,5.));
#3218 = VECTOR('',#3219,1.);
#3219 = DIRECTION('',(-0.,-0.,-1.));
#3220 = ORIENTED_EDGE('',*,*,#1103,.F.);
#3221 = SURFACE_OF_LINEAR_EXTRUSION('',#3222,#3225);
#3222 = B_SPLINE_CURVE_WITH_KNOTS('',1,(#3223,#3224),.UNSPECIFIED.,.F.,
  .F.,(2,2),(0.,0.278028775489),.PIECEWISE_BEZIER_KNOTS.);
#3223 = CARTESIAN_POINT('',(-19.61,24.54,5.));
#3224 = CARTESIAN_POINT('',(-19.78,24.76,5.));
#3225 = VECTOR('',#3226,1.);
#3226 = DIRECTION('',(0.,0.,1.));
#3227 = ADVANCED_FACE('',(#3228),#3245,.F.);
#3228 = FACE_BOUND('',#3229,.F.);
#3229 = EDGE_LOOP('',(#3230,#3231,#3238,#3244));
#3230 = ORIENTED_EDGE('',*,*,#3215,.T.);
#3231 = ORIENTED_EDGE('',*,*,#3232,.T.);
#3232 = EDGE_CURVE('',#3209,#3233,#3235,.T.);
#3233 = VERTEX_POINT('',#3234);
#3234 = CARTESIAN_POINT('',(-20.27,25.22,4.8));
#3235 = B_SPLINE_CURVE_WITH_KNOTS('',1,(#3236,#3237),.UNSPECIFIED.,.F.,
  .F.,(2,2),(0.,0.672086303982),.PIECEWISE_BEZIER_KNOTS.);
#3236 = CARTESIAN_POINT('',(-19.78,24.76,4.8));
#3237 = CARTESIAN_POINT('',(-20.27,25.22,4.8));
#3238 = ORIENTED_EDGE('',*,*,#3239,.F.);
#3239 = EDGE_CURVE('',#1090,#3233,#3240,.T.);
#3240 = LINE('',#3241,#3242);
#3241 = CARTESIAN_POINT('',(-20.27,25.22,5.));
#3242 = VECTOR('',#3243,1.);
#3243 = DIRECTION('',(-0.,-0.,-1.));
#3244 = ORIENTED_EDGE('',*,*,#1096,.F.);
#3245 = SURFACE_OF_LINEAR_EXTRUSION('',#3246,#3249);
#3246 = B_SPLINE_CURVE_WITH_KNOTS('',1,(#3247,#3248),.UNSPECIFIED.,.F.,
  .F.,(2,2),(0.,0.672086303982),.PIECEWISE_BEZIER_KNOTS.);
#3247 = CARTESIAN_POINT('',(-19.78,24.76,5.));
#3248 = CARTESIAN_POINT('',(-20.27,25.22,5.));
#3249 = VECTOR('',#3250,1.);
#3250 = DIRECTION('',(0.,0.,1.));
#3251 = ADVANCED_FACE('',(#3252),#3269,.F.);
#3252 = FACE_BOUND('',#3253,.F.);
#3253 = EDGE_LOOP('',(#3254,#3255,#3262,#3268));
#3254 = ORIENTED_EDGE('',*,*,#3239,.T.);
#3255 = ORIENTED_EDGE('',*,*,#3256,.T.);
#3256 = EDGE_CURVE('',#3233,#3257,#3259,.T.);
#3257 = VERTEX_POINT('',#3258);
#3258 = CARTESIAN_POINT('',(-20.76,25.52,4.8));
#3259 = B_SPLINE_CURVE_WITH_KNOTS('',1,(#3260,#3261),.UNSPECIFIED.,.F.,
  .F.,(2,2),(0.,0.574543296889),.PIECEWISE_BEZIER_KNOTS.);
#3260 = CARTESIAN_POINT('',(-20.27,25.22,4.8));
#3261 = CARTESIAN_POINT('',(-20.76,25.52,4.8));
#3262 = ORIENTED_EDGE('',*,*,#3263,.F.);
#3263 = EDGE_CURVE('',#1083,#3257,#3264,.T.);
#3264 = LINE('',#3265,#3266);
#3265 = CARTESIAN_POINT('',(-20.76,25.52,5.));
#3266 = VECTOR('',#3267,1.);
#3267 = DIRECTION('',(-0.,-0.,-1.));
#3268 = ORIENTED_EDGE('',*,*,#1089,.F.);
#3269 = SURFACE_OF_LINEAR_EXTRUSION('',#3270,#3273);
#3270 = B_SPLINE_CURVE_WITH_KNOTS('',1,(#3271,#3272),.UNSPECIFIED.,.F.,
  .F.,(2,2),(0.,0.574543296889),.PIECEWISE_BEZIER_KNOTS.);
#3271 = CARTESIAN_POINT('',(-20.27,25.22,5.));
#3272 = CARTESIAN_POINT('',(-20.76,25.52,5.));
#3273 = VECTOR('',#3274,1.);
#3274 = DIRECTION('',(0.,0.,1.));
#3275 = ADVANCED_FACE('',(#3276),#3293,.F.);
#3276 = FACE_BOUND('',#3277,.F.);
#3277 = EDGE_LOOP('',(#3278,#3279,#3286,#3292));
#3278 = ORIENTED_EDGE('',*,*,#3263,.T.);
#3279 = ORIENTED_EDGE('',*,*,#3280,.T.);
#3280 = EDGE_CURVE('',#3257,#3281,#3283,.T.);
#3281 = VERTEX_POINT('',#3282);
#3282 = CARTESIAN_POINT('',(-21.12,25.65,4.8));
#3283 = B_SPLINE_CURVE_WITH_KNOTS('',1,(#3284,#3285),.UNSPECIFIED.,.F.,
  .F.,(2,2),(0.,0.38275318418),.PIECEWISE_BEZIER_KNOTS.);
#3284 = CARTESIAN_POINT('',(-20.76,25.52,4.8));
#3285 = CARTESIAN_POINT('',(-21.12,25.65,4.8));
#3286 = ORIENTED_EDGE('',*,*,#3287,.F.);
#3287 = EDGE_CURVE('',#1076,#3281,#3288,.T.);
#3288 = LINE('',#3289,#3290);
#3289 = CARTESIAN_POINT('',(-21.12,25.65,5.));
#3290 = VECTOR('',#3291,1.);
#3291 = DIRECTION('',(-0.,-0.,-1.));
#3292 = ORIENTED_EDGE('',*,*,#1082,.F.);
#3293 = SURFACE_OF_LINEAR_EXTRUSION('',#3294,#3297);
#3294 = B_SPLINE_CURVE_WITH_KNOTS('',1,(#3295,#3296),.UNSPECIFIED.,.F.,
  .F.,(2,2),(0.,0.38275318418),.PIECEWISE_BEZIER_KNOTS.);
#3295 = CARTESIAN_POINT('',(-20.76,25.52,5.));
#3296 = CARTESIAN_POINT('',(-21.12,25.65,5.));
#3297 = VECTOR('',#3298,1.);
#3298 = DIRECTION('',(0.,0.,1.));
#3299 = ADVANCED_FACE('',(#3300),#3317,.F.);
#3300 = FACE_BOUND('',#3301,.F.);
#3301 = EDGE_LOOP('',(#3302,#3303,#3310,#3316));
#3302 = ORIENTED_EDGE('',*,*,#3287,.T.);
#3303 = ORIENTED_EDGE('',*,*,#3304,.T.);
#3304 = EDGE_CURVE('',#3281,#3305,#3307,.T.);
#3305 = VERTEX_POINT('',#3306);
#3306 = CARTESIAN_POINT('',(-21.58,25.75,4.8));
#3307 = B_SPLINE_CURVE_WITH_KNOTS('',1,(#3308,#3309),.UNSPECIFIED.,.F.,
  .F.,(2,2),(0.,0.470744091838),.PIECEWISE_BEZIER_KNOTS.);
#3308 = CARTESIAN_POINT('',(-21.12,25.65,4.8));
#3309 = CARTESIAN_POINT('',(-21.58,25.75,4.8));
#3310 = ORIENTED_EDGE('',*,*,#3311,.F.);
#3311 = EDGE_CURVE('',#1069,#3305,#3312,.T.);
#3312 = LINE('',#3313,#3314);
#3313 = CARTESIAN_POINT('',(-21.58,25.75,5.));
#3314 = VECTOR('',#3315,1.);
#3315 = DIRECTION('',(-0.,-0.,-1.));
#3316 = ORIENTED_EDGE('',*,*,#1075,.F.);
#3317 = SURFACE_OF_LINEAR_EXTRUSION('',#3318,#3321);
#3318 = B_SPLINE_CURVE_WITH_KNOTS('',1,(#3319,#3320),.UNSPECIFIED.,.F.,
  .F.,(2,2),(0.,0.470744091838),.PIECEWISE_BEZIER_KNOTS.);
#3319 = CARTESIAN_POINT('',(-21.12,25.65,5.));
#3320 = CARTESIAN_POINT('',(-21.58,25.75,5.));
#3321 = VECTOR('',#3322,1.);
#3322 = DIRECTION('',(0.,0.,1.));
#3323 = ADVANCED_FACE('',(#3324),#3341,.F.);
#3324 = FACE_BOUND('',#3325,.F.);
#3325 = EDGE_LOOP('',(#3326,#3327,#3334,#3340));
#3326 = ORIENTED_EDGE('',*,*,#3311,.T.);
#3327 = ORIENTED_EDGE('',*,*,#3328,.T.);
#3328 = EDGE_CURVE('',#3305,#3329,#3331,.T.);
#3329 = VERTEX_POINT('',#3330);
#3330 = CARTESIAN_POINT('',(-29.21,25.75,4.8));
#3331 = B_SPLINE_CURVE_WITH_KNOTS('',1,(#3332,#3333),.UNSPECIFIED.,.F.,
  .F.,(2,2),(0.,7.63),.PIECEWISE_BEZIER_KNOTS.);
#3332 = CARTESIAN_POINT('',(-21.58,25.75,4.8));
#3333 = CARTESIAN_POINT('',(-29.21,25.75,4.8));
#3334 = ORIENTED_EDGE('',*,*,#3335,.F.);
#3335 = EDGE_CURVE('',#1062,#3329,#3336,.T.);
#3336 = LINE('',#3337,#3338);
#3337 = CARTESIAN_POINT('',(-29.21,25.75,5.));
#3338 = VECTOR('',#3339,1.);
#3339 = DIRECTION('',(-0.,-0.,-1.));
#3340 = ORIENTED_EDGE('',*,*,#1068,.F.);
#3341 = SURFACE_OF_LINEAR_EXTRUSION('',#3342,#3345);
#3342 = B_SPLINE_CURVE_WITH_KNOTS('',1,(#3343,#3344),.UNSPECIFIED.,.F.,
  .F.,(2,2),(0.,7.63),.PIECEWISE_BEZIER_KNOTS.);
#3343 = CARTESIAN_POINT('',(-21.58,25.75,5.));
#3344 = CARTESIAN_POINT('',(-29.21,25.75,5.));
#3345 = VECTOR('',#3346,1.);
#3346 = DIRECTION('',(0.,0.,1.));
#3347 = ADVANCED_FACE('',(#3348),#3365,.F.);
#3348 = FACE_BOUND('',#3349,.F.);
#3349 = EDGE_LOOP('',(#3350,#3351,#3358,#3364));
#3350 = ORIENTED_EDGE('',*,*,#3335,.T.);
#3351 = ORIENTED_EDGE('',*,*,#3352,.T.);
#3352 = EDGE_CURVE('',#3329,#3353,#3355,.T.);
#3353 = VERTEX_POINT('',#3354);
#3354 = CARTESIAN_POINT('',(-29.32,25.61,4.8));
#3355 = B_SPLINE_CURVE_WITH_KNOTS('',1,(#3356,#3357),.UNSPECIFIED.,.F.,
  .F.,(2,2),(0.,0.178044938148),.PIECEWISE_BEZIER_KNOTS.);
#3356 = CARTESIAN_POINT('',(-29.21,25.75,4.8));
#3357 = CARTESIAN_POINT('',(-29.32,25.61,4.8));
#3358 = ORIENTED_EDGE('',*,*,#3359,.F.);
#3359 = EDGE_CURVE('',#1055,#3353,#3360,.T.);
#3360 = LINE('',#3361,#3362);
#3361 = CARTESIAN_POINT('',(-29.32,25.61,5.));
#3362 = VECTOR('',#3363,1.);
#3363 = DIRECTION('',(-0.,-0.,-1.));
#3364 = ORIENTED_EDGE('',*,*,#1061,.F.);
#3365 = SURFACE_OF_LINEAR_EXTRUSION('',#3366,#3369);
#3366 = B_SPLINE_CURVE_WITH_KNOTS('',1,(#3367,#3368),.UNSPECIFIED.,.F.,
  .F.,(2,2),(0.,0.178044938148),.PIECEWISE_BEZIER_KNOTS.);
#3367 = CARTESIAN_POINT('',(-29.21,25.75,5.));
#3368 = CARTESIAN_POINT('',(-29.32,25.61,5.));
#3369 = VECTOR('',#3370,1.);
#3370 = DIRECTION('',(0.,0.,1.));
#3371 = ADVANCED_FACE('',(#3372),#3389,.F.);
#3372 = FACE_BOUND('',#3373,.F.);
#3373 = EDGE_LOOP('',(#3374,#3375,#3382,#3388));
#3374 = ORIENTED_EDGE('',*,*,#3359,.T.);
#3375 = ORIENTED_EDGE('',*,*,#3376,.T.);
#3376 = EDGE_CURVE('',#3353,#3377,#3379,.T.);
#3377 = VERTEX_POINT('',#3378);
#3378 = CARTESIAN_POINT('',(-30.28,24.72,4.8));
#3379 = B_SPLINE_CURVE_WITH_KNOTS('',1,(#3380,#3381),.UNSPECIFIED.,.F.,
  .F.,(2,2),(0.,1.30908364897),.PIECEWISE_BEZIER_KNOTS.);
#3380 = CARTESIAN_POINT('',(-29.32,25.61,4.8));
#3381 = CARTESIAN_POINT('',(-30.28,24.72,4.8));
#3382 = ORIENTED_EDGE('',*,*,#3383,.F.);
#3383 = EDGE_CURVE('',#1048,#3377,#3384,.T.);
#3384 = LINE('',#3385,#3386);
#3385 = CARTESIAN_POINT('',(-30.28,24.72,5.));
#3386 = VECTOR('',#3387,1.);
#3387 = DIRECTION('',(-0.,-0.,-1.));
#3388 = ORIENTED_EDGE('',*,*,#1054,.F.);
#3389 = SURFACE_OF_LINEAR_EXTRUSION('',#3390,#3393);
#3390 = B_SPLINE_CURVE_WITH_KNOTS('',1,(#3391,#3392),.UNSPECIFIED.,.F.,
  .F.,(2,2),(0.,1.30908364897),.PIECEWISE_BEZIER_KNOTS.);
#3391 = CARTESIAN_POINT('',(-29.32,25.61,5.));
#3392 = CARTESIAN_POINT('',(-30.28,24.72,5.));
#3393 = VECTOR('',#3394,1.);
#3394 = DIRECTION('',(0.,0.,1.));
#3395 = ADVANCED_FACE('',(#3396),#3413,.F.);
#3396 = FACE_BOUND('',#3397,.F.);
#3397 = EDGE_LOOP('',(#3398,#3399,#3406,#3412));
#3398 = ORIENTED_EDGE('',*,*,#3383,.T.);
#3399 = ORIENTED_EDGE('',*,*,#3400,.T.);
#3400 = EDGE_CURVE('',#3377,#3401,#3403,.T.);
#3401 = VERTEX_POINT('',#3402);
#3402 = CARTESIAN_POINT('',(-30.83,24.15,4.8));
#3403 = B_SPLINE_CURVE_WITH_KNOTS('',1,(#3404,#3405),.UNSPECIFIED.,.F.,
  .F.,(2,2),(0.,0.792085853933),.PIECEWISE_BEZIER_KNOTS.);
#3404 = CARTESIAN_POINT('',(-30.28,24.72,4.8));
#3405 = CARTESIAN_POINT('',(-30.83,24.15,4.8));
#3406 = ORIENTED_EDGE('',*,*,#3407,.F.);
#3407 = EDGE_CURVE('',#1041,#3401,#3408,.T.);
#3408 = LINE('',#3409,#3410);
#3409 = CARTESIAN_POINT('',(-30.83,24.15,5.));
#3410 = VECTOR('',#3411,1.);
#3411 = DIRECTION('',(-0.,-0.,-1.));
#3412 = ORIENTED_EDGE('',*,*,#1047,.F.);
#3413 = SURFACE_OF_LINEAR_EXTRUSION('',#3414,#3417);
#3414 = B_SPLINE_CURVE_WITH_KNOTS('',1,(#3415,#3416),.UNSPECIFIED.,.F.,
  .F.,(2,2),(0.,0.792085853933),.PIECEWISE_BEZIER_KNOTS.);
#3415 = CARTESIAN_POINT('',(-30.28,24.72,5.));
#3416 = CARTESIAN_POINT('',(-30.83,24.15,5.));
#3417 = VECTOR('',#3418,1.);
#3418 = DIRECTION('',(0.,0.,1.));
#3419 = ADVANCED_FACE('',(#3420),#3437,.F.);
#3420 = FACE_BOUND('',#3421,.F.);
#3421 = EDGE_LOOP('',(#3422,#3423,#3430,#3436));
#3422 = ORIENTED_EDGE('',*,*,#3407,.T.);
#3423 = ORIENTED_EDGE('',*,*,#3424,.T.);
#3424 = EDGE_CURVE('',#3401,#3425,#3427,.T.);
#3425 = VERTEX_POINT('',#3426);
#3426 = CARTESIAN_POINT('',(-22.24,24.15,4.8));
#3427 = B_SPLINE_CURVE_WITH_KNOTS('',1,(#3428,#3429),.UNSPECIFIED.,.F.,
  .F.,(2,2),(0.,8.59),.PIECEWISE_BEZIER_KNOTS.);
#3428 = CARTESIAN_POINT('',(-30.83,24.15,4.8));
#3429 = CARTESIAN_POINT('',(-22.24,24.15,4.8));
#3430 = ORIENTED_EDGE('',*,*,#3431,.F.);
#3431 = EDGE_CURVE('',#1034,#3425,#3432,.T.);
#3432 = LINE('',#3433,#3434);
#3433 = CARTESIAN_POINT('',(-22.24,24.15,5.));
#3434 = VECTOR('',#3435,1.);
#3435 = DIRECTION('',(-0.,-0.,-1.));
#3436 = ORIENTED_EDGE('',*,*,#1040,.F.);
#3437 = SURFACE_OF_LINEAR_EXTRUSION('',#3438,#3441);
#3438 = B_SPLINE_CURVE_WITH_KNOTS('',1,(#3439,#3440),.UNSPECIFIED.,.F.,
  .F.,(2,2),(0.,8.59),.PIECEWISE_BEZIER_KNOTS.);
#3439 = CARTESIAN_POINT('',(-30.83,24.15,5.));
#3440 = CARTESIAN_POINT('',(-22.24,24.15,5.));
#3441 = VECTOR('',#3442,1.);
#3442 = DIRECTION('',(0.,0.,1.));
#3443 = ADVANCED_FACE('',(#3444),#3461,.F.);
#3444 = FACE_BOUND('',#3445,.F.);
#3445 = EDGE_LOOP('',(#3446,#3447,#3454,#3460));
#3446 = ORIENTED_EDGE('',*,*,#3431,.T.);
#3447 = ORIENTED_EDGE('',*,*,#3448,.T.);
#3448 = EDGE_CURVE('',#3425,#3449,#3451,.T.);
#3449 = VERTEX_POINT('',#3450);
#3450 = CARTESIAN_POINT('',(-22.08,24.11,4.8));
#3451 = B_SPLINE_CURVE_WITH_KNOTS('',1,(#3452,#3453),.UNSPECIFIED.,.F.,
  .F.,(2,2),(0.,0.164924225025),.PIECEWISE_BEZIER_KNOTS.);
#3452 = CARTESIAN_POINT('',(-22.24,24.15,4.8));
#3453 = CARTESIAN_POINT('',(-22.08,24.11,4.8));
#3454 = ORIENTED_EDGE('',*,*,#3455,.F.);
#3455 = EDGE_CURVE('',#1027,#3449,#3456,.T.);
#3456 = LINE('',#3457,#3458);
#3457 = CARTESIAN_POINT('',(-22.08,24.11,5.));
#3458 = VECTOR('',#3459,1.);
#3459 = DIRECTION('',(-0.,-0.,-1.));
#3460 = ORIENTED_EDGE('',*,*,#1033,.F.);
#3461 = SURFACE_OF_LINEAR_EXTRUSION('',#3462,#3465);
#3462 = B_SPLINE_CURVE_WITH_KNOTS('',1,(#3463,#3464),.UNSPECIFIED.,.F.,
  .F.,(2,2),(0.,0.164924225025),.PIECEWISE_BEZIER_KNOTS.);
#3463 = CARTESIAN_POINT('',(-22.24,24.15,5.));
#3464 = CARTESIAN_POINT('',(-22.08,24.11,5.));
#3465 = VECTOR('',#3466,1.);
#3466 = DIRECTION('',(0.,0.,1.));
#3467 = ADVANCED_FACE('',(#3468),#3485,.F.);
#3468 = FACE_BOUND('',#3469,.F.);
#3469 = EDGE_LOOP('',(#3470,#3471,#3478,#3484));
#3470 = ORIENTED_EDGE('',*,*,#3455,.T.);
#3471 = ORIENTED_EDGE('',*,*,#3472,.T.);
#3472 = EDGE_CURVE('',#3449,#3473,#3475,.T.);
#3473 = VERTEX_POINT('',#3474);
#3474 = CARTESIAN_POINT('',(-21.81,23.96,4.8));
#3475 = B_SPLINE_CURVE_WITH_KNOTS('',1,(#3476,#3477),.UNSPECIFIED.,.F.,
  .F.,(2,2),(0.,0.30886890423),.PIECEWISE_BEZIER_KNOTS.);
#3476 = CARTESIAN_POINT('',(-22.08,24.11,4.8));
#3477 = CARTESIAN_POINT('',(-21.81,23.96,4.8));
#3478 = ORIENTED_EDGE('',*,*,#3479,.F.);
#3479 = EDGE_CURVE('',#1020,#3473,#3480,.T.);
#3480 = LINE('',#3481,#3482);
#3481 = CARTESIAN_POINT('',(-21.81,23.96,5.));
#3482 = VECTOR('',#3483,1.);
#3483 = DIRECTION('',(-0.,-0.,-1.));
#3484 = ORIENTED_EDGE('',*,*,#1026,.F.);
#3485 = SURFACE_OF_LINEAR_EXTRUSION('',#3486,#3489);
#3486 = B_SPLINE_CURVE_WITH_KNOTS('',1,(#3487,#3488),.UNSPECIFIED.,.F.,
  .F.,(2,2),(0.,0.30886890423),.PIECEWISE_BEZIER_KNOTS.);
#3487 = CARTESIAN_POINT('',(-22.08,24.11,5.));
#3488 = CARTESIAN_POINT('',(-21.81,23.96,5.));
#3489 = VECTOR('',#3490,1.);
#3490 = DIRECTION('',(0.,0.,1.));
#3491 = ADVANCED_FACE('',(#3492),#3509,.F.);
#3492 = FACE_BOUND('',#3493,.F.);
#3493 = EDGE_LOOP('',(#3494,#3495,#3502,#3508));
#3494 = ORIENTED_EDGE('',*,*,#3479,.T.);
#3495 = ORIENTED_EDGE('',*,*,#3496,.T.);
#3496 = EDGE_CURVE('',#3473,#3497,#3499,.T.);
#3497 = VERTEX_POINT('',#3498);
#3498 = CARTESIAN_POINT('',(-21.59,23.73,4.8));
#3499 = B_SPLINE_CURVE_WITH_KNOTS('',1,(#3500,#3501),.UNSPECIFIED.,.F.,
  .F.,(2,2),(0.,0.318276609257),.PIECEWISE_BEZIER_KNOTS.);
#3500 = CARTESIAN_POINT('',(-21.81,23.96,4.8));
#3501 = CARTESIAN_POINT('',(-21.59,23.73,4.8));
#3502 = ORIENTED_EDGE('',*,*,#3503,.F.);
#3503 = EDGE_CURVE('',#1013,#3497,#3504,.T.);
#3504 = LINE('',#3505,#3506);
#3505 = CARTESIAN_POINT('',(-21.59,23.73,5.));
#3506 = VECTOR('',#3507,1.);
#3507 = DIRECTION('',(-0.,-0.,-1.));
#3508 = ORIENTED_EDGE('',*,*,#1019,.F.);
#3509 = SURFACE_OF_LINEAR_EXTRUSION('',#3510,#3513);
#3510 = B_SPLINE_CURVE_WITH_KNOTS('',1,(#3511,#3512),.UNSPECIFIED.,.F.,
  .F.,(2,2),(0.,0.318276609257),.PIECEWISE_BEZIER_KNOTS.);
#3511 = CARTESIAN_POINT('',(-21.81,23.96,5.));
#3512 = CARTESIAN_POINT('',(-21.59,23.73,5.));
#3513 = VECTOR('',#3514,1.);
#3514 = DIRECTION('',(0.,0.,1.));
#3515 = ADVANCED_FACE('',(#3516),#3533,.F.);
#3516 = FACE_BOUND('',#3517,.F.);
#3517 = EDGE_LOOP('',(#3518,#3519,#3526,#3532));
#3518 = ORIENTED_EDGE('',*,*,#3503,.T.);
#3519 = ORIENTED_EDGE('',*,*,#3520,.T.);
#3520 = EDGE_CURVE('',#3497,#3521,#3523,.T.);
#3521 = VERTEX_POINT('',#3522);
#3522 = CARTESIAN_POINT('',(-21.44,23.38,4.8));
#3523 = B_SPLINE_CURVE_WITH_KNOTS('',1,(#3524,#3525),.UNSPECIFIED.,.F.,
  .F.,(2,2),(0.,0.380788655293),.PIECEWISE_BEZIER_KNOTS.);
#3524 = CARTESIAN_POINT('',(-21.59,23.73,4.8));
#3525 = CARTESIAN_POINT('',(-21.44,23.38,4.8));
#3526 = ORIENTED_EDGE('',*,*,#3527,.F.);
#3527 = EDGE_CURVE('',#1006,#3521,#3528,.T.);
#3528 = LINE('',#3529,#3530);
#3529 = CARTESIAN_POINT('',(-21.44,23.38,5.));
#3530 = VECTOR('',#3531,1.);
#3531 = DIRECTION('',(-0.,-0.,-1.));
#3532 = ORIENTED_EDGE('',*,*,#1012,.F.);
#3533 = SURFACE_OF_LINEAR_EXTRUSION('',#3534,#3537);
#3534 = B_SPLINE_CURVE_WITH_KNOTS('',1,(#3535,#3536),.UNSPECIFIED.,.F.,
  .F.,(2,2),(0.,0.380788655293),.PIECEWISE_BEZIER_KNOTS.);
#3535 = CARTESIAN_POINT('',(-21.59,23.73,5.));
#3536 = CARTESIAN_POINT('',(-21.44,23.38,5.));
#3537 = VECTOR('',#3538,1.);
#3538 = DIRECTION('',(0.,0.,1.));
#3539 = ADVANCED_FACE('',(#3540),#3557,.F.);
#3540 = FACE_BOUND('',#3541,.F.);
#3541 = EDGE_LOOP('',(#3542,#3543,#3550,#3556));
#3542 = ORIENTED_EDGE('',*,*,#3527,.T.);
#3543 = ORIENTED_EDGE('',*,*,#3544,.T.);
#3544 = EDGE_CURVE('',#3521,#3545,#3547,.T.);
#3545 = VERTEX_POINT('',#3546);
#3546 = CARTESIAN_POINT('',(-21.44,19.85,4.8));
#3547 = B_SPLINE_CURVE_WITH_KNOTS('',1,(#3548,#3549),.UNSPECIFIED.,.F.,
  .F.,(2,2),(0.,3.53),.PIECEWISE_BEZIER_KNOTS.);
#3548 = CARTESIAN_POINT('',(-21.44,23.38,4.8));
#3549 = CARTESIAN_POINT('',(-21.44,19.85,4.8));
#3550 = ORIENTED_EDGE('',*,*,#3551,.F.);
#3551 = EDGE_CURVE('',#999,#3545,#3552,.T.);
#3552 = LINE('',#3553,#3554);
#3553 = CARTESIAN_POINT('',(-21.44,19.85,5.));
#3554 = VECTOR('',#3555,1.);
#3555 = DIRECTION('',(-0.,-0.,-1.));
#3556 = ORIENTED_EDGE('',*,*,#1005,.F.);
#3557 = SURFACE_OF_LINEAR_EXTRUSION('',#3558,#3561);
#3558 = B_SPLINE_CURVE_WITH_KNOTS('',1,(#3559,#3560),.UNSPECIFIED.,.F.,
  .F.,(2,2),(0.,3.53),.PIECEWISE_BEZIER_KNOTS.);
#3559 = CARTESIAN_POINT('',(-21.44,23.38,5.));
#3560 = CARTESIAN_POINT('',(-21.44,19.85,5.));
#3561 = VECTOR('',#3562,1.);
#3562 = DIRECTION('',(0.,0.,1.));
#3563 = ADVANCED_FACE('',(#3564),#3581,.F.);
#3564 = FACE_BOUND('',#3565,.F.);
#3565 = EDGE_LOOP('',(#3566,#3567,#3574,#3580));
#3566 = ORIENTED_EDGE('',*,*,#3551,.T.);
#3567 = ORIENTED_EDGE('',*,*,#3568,.T.);
#3568 = EDGE_CURVE('',#3545,#3569,#3571,.T.);
#3569 = VERTEX_POINT('',#3570);
#3570 = CARTESIAN_POINT('',(-21.47,19.66,4.8));
#3571 = B_SPLINE_CURVE_WITH_KNOTS('',1,(#3572,#3573),.UNSPECIFIED.,.F.,
  .F.,(2,2),(0.,0.192353840617),.PIECEWISE_BEZIER_KNOTS.);
#3572 = CARTESIAN_POINT('',(-21.44,19.85,4.8));
#3573 = CARTESIAN_POINT('',(-21.47,19.66,4.8));
#3574 = ORIENTED_EDGE('',*,*,#3575,.F.);
#3575 = EDGE_CURVE('',#992,#3569,#3576,.T.);
#3576 = LINE('',#3577,#3578);
#3577 = CARTESIAN_POINT('',(-21.47,19.66,5.));
#3578 = VECTOR('',#3579,1.);
#3579 = DIRECTION('',(-0.,-0.,-1.));
#3580 = ORIENTED_EDGE('',*,*,#998,.F.);
#3581 = SURFACE_OF_LINEAR_EXTRUSION('',#3582,#3585);
#3582 = B_SPLINE_CURVE_WITH_KNOTS('',1,(#3583,#3584),.UNSPECIFIED.,.F.,
  .F.,(2,2),(0.,0.192353840617),.PIECEWISE_BEZIER_KNOTS.);
#3583 = CARTESIAN_POINT('',(-21.44,19.85,5.));
#3584 = CARTESIAN_POINT('',(-21.47,19.66,5.));
#3585 = VECTOR('',#3586,1.);
#3586 = DIRECTION('',(0.,0.,1.));
#3587 = ADVANCED_FACE('',(#3588),#3605,.F.);
#3588 = FACE_BOUND('',#3589,.F.);
#3589 = EDGE_LOOP('',(#3590,#3591,#3598,#3604));
#3590 = ORIENTED_EDGE('',*,*,#3575,.T.);
#3591 = ORIENTED_EDGE('',*,*,#3592,.T.);
#3592 = EDGE_CURVE('',#3569,#3593,#3595,.T.);
#3593 = VERTEX_POINT('',#3594);
#3594 = CARTESIAN_POINT('',(-21.59,19.43,4.8));
#3595 = B_SPLINE_CURVE_WITH_KNOTS('',1,(#3596,#3597),.UNSPECIFIED.,.F.,
  .F.,(2,2),(0.,0.259422435421),.PIECEWISE_BEZIER_KNOTS.);
#3596 = CARTESIAN_POINT('',(-21.47,19.66,4.8));
#3597 = CARTESIAN_POINT('',(-21.59,19.43,4.8));
#3598 = ORIENTED_EDGE('',*,*,#3599,.F.);
#3599 = EDGE_CURVE('',#985,#3593,#3600,.T.);
#3600 = LINE('',#3601,#3602);
#3601 = CARTESIAN_POINT('',(-21.59,19.43,5.));
#3602 = VECTOR('',#3603,1.);
#3603 = DIRECTION('',(-0.,-0.,-1.));
#3604 = ORIENTED_EDGE('',*,*,#991,.F.);
#3605 = SURFACE_OF_LINEAR_EXTRUSION('',#3606,#3609);
#3606 = B_SPLINE_CURVE_WITH_KNOTS('',1,(#3607,#3608),.UNSPECIFIED.,.F.,
  .F.,(2,2),(0.,0.259422435421),.PIECEWISE_BEZIER_KNOTS.);
#3607 = CARTESIAN_POINT('',(-21.47,19.66,5.));
#3608 = CARTESIAN_POINT('',(-21.59,19.43,5.));
#3609 = VECTOR('',#3610,1.);
#3610 = DIRECTION('',(0.,0.,1.));
#3611 = ADVANCED_FACE('',(#3612),#3629,.F.);
#3612 = FACE_BOUND('',#3613,.F.);
#3613 = EDGE_LOOP('',(#3614,#3615,#3622,#3628));
#3614 = ORIENTED_EDGE('',*,*,#3599,.T.);
#3615 = ORIENTED_EDGE('',*,*,#3616,.T.);
#3616 = EDGE_CURVE('',#3593,#3617,#3619,.T.);
#3617 = VERTEX_POINT('',#3618);
#3618 = CARTESIAN_POINT('',(-21.89,19.13,4.8));
#3619 = B_SPLINE_CURVE_WITH_KNOTS('',1,(#3620,#3621),.UNSPECIFIED.,.F.,
  .F.,(2,2),(0.,0.424264068712),.PIECEWISE_BEZIER_KNOTS.);
#3620 = CARTESIAN_POINT('',(-21.59,19.43,4.8));
#3621 = CARTESIAN_POINT('',(-21.89,19.13,4.8));
#3622 = ORIENTED_EDGE('',*,*,#3623,.F.);
#3623 = EDGE_CURVE('',#978,#3617,#3624,.T.);
#3624 = LINE('',#3625,#3626);
#3625 = CARTESIAN_POINT('',(-21.89,19.13,5.));
#3626 = VECTOR('',#3627,1.);
#3627 = DIRECTION('',(-0.,-0.,-1.));
#3628 = ORIENTED_EDGE('',*,*,#984,.F.);
#3629 = SURFACE_OF_LINEAR_EXTRUSION('',#3630,#3633);
#3630 = B_SPLINE_CURVE_WITH_KNOTS('',1,(#3631,#3632),.UNSPECIFIED.,.F.,
  .F.,(2,2),(0.,0.424264068712),.PIECEWISE_BEZIER_KNOTS.);
#3631 = CARTESIAN_POINT('',(-21.59,19.43,5.));
#3632 = CARTESIAN_POINT('',(-21.89,19.13,5.));
#3633 = VECTOR('',#3634,1.);
#3634 = DIRECTION('',(0.,0.,1.));
#3635 = ADVANCED_FACE('',(#3636),#3653,.F.);
#3636 = FACE_BOUND('',#3637,.F.);
#3637 = EDGE_LOOP('',(#3638,#3639,#3646,#3652));
#3638 = ORIENTED_EDGE('',*,*,#3623,.T.);
#3639 = ORIENTED_EDGE('',*,*,#3640,.T.);
#3640 = EDGE_CURVE('',#3617,#3641,#3643,.T.);
#3641 = VERTEX_POINT('',#3642);
#3642 = CARTESIAN_POINT('',(-22.04,19.05,4.8));
#3643 = B_SPLINE_CURVE_WITH_KNOTS('',1,(#3644,#3645),.UNSPECIFIED.,.F.,
  .F.,(2,2),(0.,0.17),.PIECEWISE_BEZIER_KNOTS.);
#3644 = CARTESIAN_POINT('',(-21.89,19.13,4.8));
#3645 = CARTESIAN_POINT('',(-22.04,19.05,4.8));
#3646 = ORIENTED_EDGE('',*,*,#3647,.F.);
#3647 = EDGE_CURVE('',#971,#3641,#3648,.T.);
#3648 = LINE('',#3649,#3650);
#3649 = CARTESIAN_POINT('',(-22.04,19.05,5.));
#3650 = VECTOR('',#3651,1.);
#3651 = DIRECTION('',(-0.,-0.,-1.));
#3652 = ORIENTED_EDGE('',*,*,#977,.F.);
#3653 = SURFACE_OF_LINEAR_EXTRUSION('',#3654,#3657);
#3654 = B_SPLINE_CURVE_WITH_KNOTS('',1,(#3655,#3656),.UNSPECIFIED.,.F.,
  .F.,(2,2),(0.,0.17),.PIECEWISE_BEZIER_KNOTS.);
#3655 = CARTESIAN_POINT('',(-21.89,19.13,5.));
#3656 = CARTESIAN_POINT('',(-22.04,19.05,5.));
#3657 = VECTOR('',#3658,1.);
#3658 = DIRECTION('',(0.,0.,1.));
#3659 = ADVANCED_FACE('',(#3660),#3677,.F.);
#3660 = FACE_BOUND('',#3661,.F.);
#3661 = EDGE_LOOP('',(#3662,#3663,#3670,#3676));
#3662 = ORIENTED_EDGE('',*,*,#3647,.T.);
#3663 = ORIENTED_EDGE('',*,*,#3664,.T.);
#3664 = EDGE_CURVE('',#3641,#3665,#3667,.T.);
#3665 = VERTEX_POINT('',#3666);
#3666 = CARTESIAN_POINT('',(-22.17,19.01,4.8));
#3667 = B_SPLINE_CURVE_WITH_KNOTS('',1,(#3668,#3669),.UNSPECIFIED.,.F.,
  .F.,(2,2),(0.,0.136014705087),.PIECEWISE_BEZIER_KNOTS.);
#3668 = CARTESIAN_POINT('',(-22.04,19.05,4.8));
#3669 = CARTESIAN_POINT('',(-22.17,19.01,4.8));
#3670 = ORIENTED_EDGE('',*,*,#3671,.F.);
#3671 = EDGE_CURVE('',#964,#3665,#3672,.T.);
#3672 = LINE('',#3673,#3674);
#3673 = CARTESIAN_POINT('',(-22.17,19.01,5.));
#3674 = VECTOR('',#3675,1.);
#3675 = DIRECTION('',(-0.,-0.,-1.));
#3676 = ORIENTED_EDGE('',*,*,#970,.F.);
#3677 = SURFACE_OF_LINEAR_EXTRUSION('',#3678,#3681);
#3678 = B_SPLINE_CURVE_WITH_KNOTS('',1,(#3679,#3680),.UNSPECIFIED.,.F.,
  .F.,(2,2),(0.,0.136014705087),.PIECEWISE_BEZIER_KNOTS.);
#3679 = CARTESIAN_POINT('',(-22.04,19.05,5.));
#3680 = CARTESIAN_POINT('',(-22.17,19.01,5.));
#3681 = VECTOR('',#3682,1.);
#3682 = DIRECTION('',(0.,0.,1.));
#3683 = ADVANCED_FACE('',(#3684),#3701,.F.);
#3684 = FACE_BOUND('',#3685,.F.);
#3685 = EDGE_LOOP('',(#3686,#3687,#3694,#3700));
#3686 = ORIENTED_EDGE('',*,*,#3671,.T.);
#3687 = ORIENTED_EDGE('',*,*,#3688,.T.);
#3688 = EDGE_CURVE('',#3665,#3689,#3691,.T.);
#3689 = VERTEX_POINT('',#3690);
#3690 = CARTESIAN_POINT('',(-28.09,19.01,4.8));
#3691 = B_SPLINE_CURVE_WITH_KNOTS('',1,(#3692,#3693),.UNSPECIFIED.,.F.,
  .F.,(2,2),(0.,5.92),.PIECEWISE_BEZIER_KNOTS.);
#3692 = CARTESIAN_POINT('',(-22.17,19.01,4.8));
#3693 = CARTESIAN_POINT('',(-28.09,19.01,4.8));
#3694 = ORIENTED_EDGE('',*,*,#3695,.F.);
#3695 = EDGE_CURVE('',#957,#3689,#3696,.T.);
#3696 = LINE('',#3697,#3698);
#3697 = CARTESIAN_POINT('',(-28.09,19.01,5.));
#3698 = VECTOR('',#3699,1.);
#3699 = DIRECTION('',(-0.,-0.,-1.));
#3700 = ORIENTED_EDGE('',*,*,#963,.F.);
#3701 = SURFACE_OF_LINEAR_EXTRUSION('',#3702,#3705);
#3702 = B_SPLINE_CURVE_WITH_KNOTS('',1,(#3703,#3704),.UNSPECIFIED.,.F.,
  .F.,(2,2),(0.,5.92),.PIECEWISE_BEZIER_KNOTS.);
#3703 = CARTESIAN_POINT('',(-22.17,19.01,5.));
#3704 = CARTESIAN_POINT('',(-28.09,19.01,5.));
#3705 = VECTOR('',#3706,1.);
#3706 = DIRECTION('',(0.,0.,1.));
#3707 = ADVANCED_FACE('',(#3708),#3725,.F.);
#3708 = FACE_BOUND('',#3709,.F.);
#3709 = EDGE_LOOP('',(#3710,#3711,#3718,#3724));
#3710 = ORIENTED_EDGE('',*,*,#3695,.T.);
#3711 = ORIENTED_EDGE('',*,*,#3712,.T.);
#3712 = EDGE_CURVE('',#3689,#3713,#3715,.T.);
#3713 = VERTEX_POINT('',#3714);
#3714 = CARTESIAN_POINT('',(-28.37,19.13,4.8));
#3715 = B_SPLINE_CURVE_WITH_KNOTS('',1,(#3716,#3717),.UNSPECIFIED.,.F.,
  .F.,(2,2),(0.,0.304630924235),.PIECEWISE_BEZIER_KNOTS.);
#3716 = CARTESIAN_POINT('',(-28.09,19.01,4.8));
#3717 = CARTESIAN_POINT('',(-28.37,19.13,4.8));
#3718 = ORIENTED_EDGE('',*,*,#3719,.F.);
#3719 = EDGE_CURVE('',#950,#3713,#3720,.T.);
#3720 = LINE('',#3721,#3722);
#3721 = CARTESIAN_POINT('',(-28.37,19.13,5.));
#3722 = VECTOR('',#3723,1.);
#3723 = DIRECTION('',(-0.,-0.,-1.));
#3724 = ORIENTED_EDGE('',*,*,#956,.F.);
#3725 = SURFACE_OF_LINEAR_EXTRUSION('',#3726,#3729);
#3726 = B_SPLINE_CURVE_WITH_KNOTS('',1,(#3727,#3728),.UNSPECIFIED.,.F.,
  .F.,(2,2),(0.,0.304630924235),.PIECEWISE_BEZIER_KNOTS.);
#3727 = CARTESIAN_POINT('',(-28.09,19.01,5.));
#3728 = CARTESIAN_POINT('',(-28.37,19.13,5.));
#3729 = VECTOR('',#3730,1.);
#3730 = DIRECTION('',(0.,0.,1.));
#3731 = ADVANCED_FACE('',(#3732),#3749,.F.);
#3732 = FACE_BOUND('',#3733,.F.);
#3733 = EDGE_LOOP('',(#3734,#3735,#3742,#3748));
#3734 = ORIENTED_EDGE('',*,*,#3719,.T.);
#3735 = ORIENTED_EDGE('',*,*,#3736,.T.);
#3736 = EDGE_CURVE('',#3713,#3737,#3739,.T.);
#3737 = VERTEX_POINT('',#3738);
#3738 = CARTESIAN_POINT('',(-28.63,19.39,4.8));
#3739 = B_SPLINE_CURVE_WITH_KNOTS('',1,(#3740,#3741),.UNSPECIFIED.,.F.,
  .F.,(2,2),(0.,0.367695526217),.PIECEWISE_BEZIER_KNOTS.);
#3740 = CARTESIAN_POINT('',(-28.37,19.13,4.8));
#3741 = CARTESIAN_POINT('',(-28.63,19.39,4.8));
#3742 = ORIENTED_EDGE('',*,*,#3743,.F.);
#3743 = EDGE_CURVE('',#943,#3737,#3744,.T.);
#3744 = LINE('',#3745,#3746);
#3745 = CARTESIAN_POINT('',(-28.63,19.39,5.));
#3746 = VECTOR('',#3747,1.);
#3747 = DIRECTION('',(-0.,-0.,-1.));
#3748 = ORIENTED_EDGE('',*,*,#949,.F.);
#3749 = SURFACE_OF_LINEAR_EXTRUSION('',#3750,#3753);
#3750 = B_SPLINE_CURVE_WITH_KNOTS('',1,(#3751,#3752),.UNSPECIFIED.,.F.,
  .F.,(2,2),(0.,0.367695526217),.PIECEWISE_BEZIER_KNOTS.);
#3751 = CARTESIAN_POINT('',(-28.37,19.13,5.));
#3752 = CARTESIAN_POINT('',(-28.63,19.39,5.));
#3753 = VECTOR('',#3754,1.);
#3754 = DIRECTION('',(0.,0.,1.));
#3755 = ADVANCED_FACE('',(#3756),#3773,.F.);
#3756 = FACE_BOUND('',#3757,.F.);
#3757 = EDGE_LOOP('',(#3758,#3759,#3766,#3772));
#3758 = ORIENTED_EDGE('',*,*,#3743,.T.);
#3759 = ORIENTED_EDGE('',*,*,#3760,.T.);
#3760 = EDGE_CURVE('',#3737,#3761,#3763,.T.);
#3761 = VERTEX_POINT('',#3762);
#3762 = CARTESIAN_POINT('',(-28.74,19.62,4.8));
#3763 = B_SPLINE_CURVE_WITH_KNOTS('',1,(#3764,#3765),.UNSPECIFIED.,.F.,
  .F.,(2,2),(0.,0.25495097568),.PIECEWISE_BEZIER_KNOTS.);
#3764 = CARTESIAN_POINT('',(-28.63,19.39,4.8));
#3765 = CARTESIAN_POINT('',(-28.74,19.62,4.8));
#3766 = ORIENTED_EDGE('',*,*,#3767,.F.);
#3767 = EDGE_CURVE('',#936,#3761,#3768,.T.);
#3768 = LINE('',#3769,#3770);
#3769 = CARTESIAN_POINT('',(-28.74,19.62,5.));
#3770 = VECTOR('',#3771,1.);
#3771 = DIRECTION('',(-0.,-0.,-1.));
#3772 = ORIENTED_EDGE('',*,*,#942,.F.);
#3773 = SURFACE_OF_LINEAR_EXTRUSION('',#3774,#3777);
#3774 = B_SPLINE_CURVE_WITH_KNOTS('',1,(#3775,#3776),.UNSPECIFIED.,.F.,
  .F.,(2,2),(0.,0.25495097568),.PIECEWISE_BEZIER_KNOTS.);
#3775 = CARTESIAN_POINT('',(-28.63,19.39,5.));
#3776 = CARTESIAN_POINT('',(-28.74,19.62,5.));
#3777 = VECTOR('',#3778,1.);
#3778 = DIRECTION('',(0.,0.,1.));
#3779 = ADVANCED_FACE('',(#3780),#3797,.F.);
#3780 = FACE_BOUND('',#3781,.F.);
#3781 = EDGE_LOOP('',(#3782,#3783,#3790,#3796));
#3782 = ORIENTED_EDGE('',*,*,#3767,.T.);
#3783 = ORIENTED_EDGE('',*,*,#3784,.T.);
#3784 = EDGE_CURVE('',#3761,#3785,#3787,.T.);
#3785 = VERTEX_POINT('',#3786);
#3786 = CARTESIAN_POINT('',(-28.79,19.78,4.8));
#3787 = B_SPLINE_CURVE_WITH_KNOTS('',1,(#3788,#3789),.UNSPECIFIED.,.F.,
  .F.,(2,2),(0.,0.167630546142),.PIECEWISE_BEZIER_KNOTS.);
#3788 = CARTESIAN_POINT('',(-28.74,19.62,4.8));
#3789 = CARTESIAN_POINT('',(-28.79,19.78,4.8));
#3790 = ORIENTED_EDGE('',*,*,#3791,.F.);
#3791 = EDGE_CURVE('',#929,#3785,#3792,.T.);
#3792 = LINE('',#3793,#3794);
#3793 = CARTESIAN_POINT('',(-28.79,19.78,5.));
#3794 = VECTOR('',#3795,1.);
#3795 = DIRECTION('',(-0.,-0.,-1.));
#3796 = ORIENTED_EDGE('',*,*,#935,.F.);
#3797 = SURFACE_OF_LINEAR_EXTRUSION('',#3798,#3801);
#3798 = B_SPLINE_CURVE_WITH_KNOTS('',1,(#3799,#3800),.UNSPECIFIED.,.F.,
  .F.,(2,2),(0.,0.167630546142),.PIECEWISE_BEZIER_KNOTS.);
#3799 = CARTESIAN_POINT('',(-28.74,19.62,5.));
#3800 = CARTESIAN_POINT('',(-28.79,19.78,5.));
#3801 = VECTOR('',#3802,1.);
#3802 = DIRECTION('',(0.,0.,1.));
#3803 = ADVANCED_FACE('',(#3804),#3821,.F.);
#3804 = FACE_BOUND('',#3805,.F.);
#3805 = EDGE_LOOP('',(#3806,#3807,#3814,#3820));
#3806 = ORIENTED_EDGE('',*,*,#3791,.T.);
#3807 = ORIENTED_EDGE('',*,*,#3808,.T.);
#3808 = EDGE_CURVE('',#3785,#3809,#3811,.T.);
#3809 = VERTEX_POINT('',#3810);
#3810 = CARTESIAN_POINT('',(-28.75,21.02,4.8));
#3811 = B_SPLINE_CURVE_WITH_KNOTS('',1,(#3812,#3813),.UNSPECIFIED.,.F.,
  .F.,(2,2),(0.,1.240644993542),.PIECEWISE_BEZIER_KNOTS.);
#3812 = CARTESIAN_POINT('',(-28.79,19.78,4.8));
#3813 = CARTESIAN_POINT('',(-28.75,21.02,4.8));
#3814 = ORIENTED_EDGE('',*,*,#3815,.F.);
#3815 = EDGE_CURVE('',#922,#3809,#3816,.T.);
#3816 = LINE('',#3817,#3818);
#3817 = CARTESIAN_POINT('',(-28.75,21.02,5.));
#3818 = VECTOR('',#3819,1.);
#3819 = DIRECTION('',(-0.,-0.,-1.));
#3820 = ORIENTED_EDGE('',*,*,#928,.F.);
#3821 = SURFACE_OF_LINEAR_EXTRUSION('',#3822,#3825);
#3822 = B_SPLINE_CURVE_WITH_KNOTS('',1,(#3823,#3824),.UNSPECIFIED.,.F.,
  .F.,(2,2),(0.,1.240644993542),.PIECEWISE_BEZIER_KNOTS.);
#3823 = CARTESIAN_POINT('',(-28.79,19.78,5.));
#3824 = CARTESIAN_POINT('',(-28.75,21.02,5.));
#3825 = VECTOR('',#3826,1.);
#3826 = DIRECTION('',(0.,0.,1.));
#3827 = ADVANCED_FACE('',(#3828),#3845,.F.);
#3828 = FACE_BOUND('',#3829,.F.);
#3829 = EDGE_LOOP('',(#3830,#3831,#3838,#3844));
#3830 = ORIENTED_EDGE('',*,*,#3815,.T.);
#3831 = ORIENTED_EDGE('',*,*,#3832,.T.);
#3832 = EDGE_CURVE('',#3809,#3833,#3835,.T.);
#3833 = VERTEX_POINT('',#3834);
#3834 = CARTESIAN_POINT('',(-22.18,21.02,4.8));
#3835 = B_SPLINE_CURVE_WITH_KNOTS('',1,(#3836,#3837),.UNSPECIFIED.,.F.,
  .F.,(2,2),(0.,6.57),.PIECEWISE_BEZIER_KNOTS.);
#3836 = CARTESIAN_POINT('',(-28.75,21.02,4.8));
#3837 = CARTESIAN_POINT('',(-22.18,21.02,4.8));
#3838 = ORIENTED_EDGE('',*,*,#3839,.F.);
#3839 = EDGE_CURVE('',#915,#3833,#3840,.T.);
#3840 = LINE('',#3841,#3842);
#3841 = CARTESIAN_POINT('',(-22.18,21.02,5.));
#3842 = VECTOR('',#3843,1.);
#3843 = DIRECTION('',(-0.,-0.,-1.));
#3844 = ORIENTED_EDGE('',*,*,#921,.F.);
#3845 = SURFACE_OF_LINEAR_EXTRUSION('',#3846,#3849);
#3846 = B_SPLINE_CURVE_WITH_KNOTS('',1,(#3847,#3848),.UNSPECIFIED.,.F.,
  .F.,(2,2),(0.,6.57),.PIECEWISE_BEZIER_KNOTS.);
#3847 = CARTESIAN_POINT('',(-28.75,21.02,5.));
#3848 = CARTESIAN_POINT('',(-22.18,21.02,5.));
#3849 = VECTOR('',#3850,1.);
#3850 = DIRECTION('',(0.,0.,1.));
#3851 = ADVANCED_FACE('',(#3852),#3869,.F.);
#3852 = FACE_BOUND('',#3853,.F.);
#3853 = EDGE_LOOP('',(#3854,#3855,#3862,#3868));
#3854 = ORIENTED_EDGE('',*,*,#3839,.T.);
#3855 = ORIENTED_EDGE('',*,*,#3856,.T.);
#3856 = EDGE_CURVE('',#3833,#3857,#3859,.T.);
#3857 = VERTEX_POINT('',#3858);
#3858 = CARTESIAN_POINT('',(-22.18,22.21,4.8));
#3859 = B_SPLINE_CURVE_WITH_KNOTS('',1,(#3860,#3861),.UNSPECIFIED.,.F.,
  .F.,(2,2),(0.,1.19),.PIECEWISE_BEZIER_KNOTS.);
#3860 = CARTESIAN_POINT('',(-22.18,21.02,4.8));
#3861 = CARTESIAN_POINT('',(-22.18,22.21,4.8));
#3862 = ORIENTED_EDGE('',*,*,#3863,.F.);
#3863 = EDGE_CURVE('',#908,#3857,#3864,.T.);
#3864 = LINE('',#3865,#3866);
#3865 = CARTESIAN_POINT('',(-22.18,22.21,5.));
#3866 = VECTOR('',#3867,1.);
#3867 = DIRECTION('',(-0.,-0.,-1.));
#3868 = ORIENTED_EDGE('',*,*,#914,.F.);
#3869 = SURFACE_OF_LINEAR_EXTRUSION('',#3870,#3873);
#3870 = B_SPLINE_CURVE_WITH_KNOTS('',1,(#3871,#3872),.UNSPECIFIED.,.F.,
  .F.,(2,2),(0.,1.19),.PIECEWISE_BEZIER_KNOTS.);
#3871 = CARTESIAN_POINT('',(-22.18,21.02,5.));
#3872 = CARTESIAN_POINT('',(-22.18,22.21,5.));
#3873 = VECTOR('',#3874,1.);
#3874 = DIRECTION('',(0.,0.,1.));
#3875 = ADVANCED_FACE('',(#3876),#3893,.F.);
#3876 = FACE_BOUND('',#3877,.F.);
#3877 = EDGE_LOOP('',(#3878,#3879,#3886,#3892));
#3878 = ORIENTED_EDGE('',*,*,#3863,.T.);
#3879 = ORIENTED_EDGE('',*,*,#3880,.T.);
#3880 = EDGE_CURVE('',#3857,#3881,#3883,.T.);
#3881 = VERTEX_POINT('',#3882);
#3882 = CARTESIAN_POINT('',(-31.,22.18,4.8));
#3883 = B_SPLINE_CURVE_WITH_KNOTS('',1,(#3884,#3885),.UNSPECIFIED.,.F.,
  .F.,(2,2),(0.,8.820051020261),.PIECEWISE_BEZIER_KNOTS.);
#3884 = CARTESIAN_POINT('',(-22.18,22.21,4.8));
#3885 = CARTESIAN_POINT('',(-31.,22.18,4.8));
#3886 = ORIENTED_EDGE('',*,*,#3887,.F.);
#3887 = EDGE_CURVE('',#901,#3881,#3888,.T.);
#3888 = LINE('',#3889,#3890);
#3889 = CARTESIAN_POINT('',(-31.,22.18,5.));
#3890 = VECTOR('',#3891,1.);
#3891 = DIRECTION('',(-0.,-0.,-1.));
#3892 = ORIENTED_EDGE('',*,*,#907,.F.);
#3893 = SURFACE_OF_LINEAR_EXTRUSION('',#3894,#3897);
#3894 = B_SPLINE_CURVE_WITH_KNOTS('',1,(#3895,#3896),.UNSPECIFIED.,.F.,
  .F.,(2,2),(0.,8.820051020261),.PIECEWISE_BEZIER_KNOTS.);
#3895 = CARTESIAN_POINT('',(-22.18,22.21,5.));
#3896 = CARTESIAN_POINT('',(-31.,22.18,5.));
#3897 = VECTOR('',#3898,1.);
#3898 = DIRECTION('',(0.,0.,1.));
#3899 = ADVANCED_FACE('',(#3900),#3917,.F.);
#3900 = FACE_BOUND('',#3901,.F.);
#3901 = EDGE_LOOP('',(#3902,#3903,#3910,#3916));
#3902 = ORIENTED_EDGE('',*,*,#3887,.T.);
#3903 = ORIENTED_EDGE('',*,*,#3904,.T.);
#3904 = EDGE_CURVE('',#3881,#3905,#3907,.T.);
#3905 = VERTEX_POINT('',#3906);
#3906 = CARTESIAN_POINT('',(-31.,19.73,4.8));
#3907 = B_SPLINE_CURVE_WITH_KNOTS('',1,(#3908,#3909),.UNSPECIFIED.,.F.,
  .F.,(2,2),(0.,2.45),.PIECEWISE_BEZIER_KNOTS.);
#3908 = CARTESIAN_POINT('',(-31.,22.18,4.8));
#3909 = CARTESIAN_POINT('',(-31.,19.73,4.8));
#3910 = ORIENTED_EDGE('',*,*,#3911,.F.);
#3911 = EDGE_CURVE('',#894,#3905,#3912,.T.);
#3912 = LINE('',#3913,#3914);
#3913 = CARTESIAN_POINT('',(-31.,19.73,5.));
#3914 = VECTOR('',#3915,1.);
#3915 = DIRECTION('',(-0.,-0.,-1.));
#3916 = ORIENTED_EDGE('',*,*,#900,.F.);
#3917 = SURFACE_OF_LINEAR_EXTRUSION('',#3918,#3921);
#3918 = B_SPLINE_CURVE_WITH_KNOTS('',1,(#3919,#3920),.UNSPECIFIED.,.F.,
  .F.,(2,2),(0.,2.45),.PIECEWISE_BEZIER_KNOTS.);
#3919 = CARTESIAN_POINT('',(-31.,22.18,5.));
#3920 = CARTESIAN_POINT('',(-31.,19.73,5.));
#3921 = VECTOR('',#3922,1.);
#3922 = DIRECTION('',(0.,0.,1.));
#3923 = ADVANCED_FACE('',(#3924),#3941,.F.);
#3924 = FACE_BOUND('',#3925,.F.);
#3925 = EDGE_LOOP('',(#3926,#3927,#3934,#3940));
#3926 = ORIENTED_EDGE('',*,*,#3911,.T.);
#3927 = ORIENTED_EDGE('',*,*,#3928,.T.);
#3928 = EDGE_CURVE('',#3905,#3929,#3931,.T.);
#3929 = VERTEX_POINT('',#3930);
#3930 = CARTESIAN_POINT('',(-30.94,19.31,4.8));
#3931 = B_SPLINE_CURVE_WITH_KNOTS('',1,(#3932,#3933),.UNSPECIFIED.,.F.,
  .F.,(2,2),(0.,0.424264068712),.PIECEWISE_BEZIER_KNOTS.);
#3932 = CARTESIAN_POINT('',(-31.,19.73,4.8));
#3933 = CARTESIAN_POINT('',(-30.94,19.31,4.8));
#3934 = ORIENTED_EDGE('',*,*,#3935,.F.);
#3935 = EDGE_CURVE('',#887,#3929,#3936,.T.);
#3936 = LINE('',#3937,#3938);
#3937 = CARTESIAN_POINT('',(-30.94,19.31,5.));
#3938 = VECTOR('',#3939,1.);
#3939 = DIRECTION('',(-0.,-0.,-1.));
#3940 = ORIENTED_EDGE('',*,*,#893,.F.);
#3941 = SURFACE_OF_LINEAR_EXTRUSION('',#3942,#3945);
#3942 = B_SPLINE_CURVE_WITH_KNOTS('',1,(#3943,#3944),.UNSPECIFIED.,.F.,
  .F.,(2,2),(0.,0.424264068712),.PIECEWISE_BEZIER_KNOTS.);
#3943 = CARTESIAN_POINT('',(-31.,19.73,5.));
#3944 = CARTESIAN_POINT('',(-30.94,19.31,5.));
#3945 = VECTOR('',#3946,1.);
#3946 = DIRECTION('',(0.,0.,1.));
#3947 = ADVANCED_FACE('',(#3948),#3965,.F.);
#3948 = FACE_BOUND('',#3949,.F.);
#3949 = EDGE_LOOP('',(#3950,#3951,#3958,#3964));
#3950 = ORIENTED_EDGE('',*,*,#3935,.T.);
#3951 = ORIENTED_EDGE('',*,*,#3952,.T.);
#3952 = EDGE_CURVE('',#3929,#3953,#3955,.T.);
#3953 = VERTEX_POINT('',#3954);
#3954 = CARTESIAN_POINT('',(-30.77,18.85,4.8));
#3955 = B_SPLINE_CURVE_WITH_KNOTS('',1,(#3956,#3957),.UNSPECIFIED.,.F.,
  .F.,(2,2),(0.,0.49040799341),.PIECEWISE_BEZIER_KNOTS.);
#3956 = CARTESIAN_POINT('',(-30.94,19.31,4.8));
#3957 = CARTESIAN_POINT('',(-30.77,18.85,4.8));
#3958 = ORIENTED_EDGE('',*,*,#3959,.F.);
#3959 = EDGE_CURVE('',#880,#3953,#3960,.T.);
#3960 = LINE('',#3961,#3962);
#3961 = CARTESIAN_POINT('',(-30.77,18.85,5.));
#3962 = VECTOR('',#3963,1.);
#3963 = DIRECTION('',(-0.,-0.,-1.));
#3964 = ORIENTED_EDGE('',*,*,#886,.F.);
#3965 = SURFACE_OF_LINEAR_EXTRUSION('',#3966,#3969);
#3966 = B_SPLINE_CURVE_WITH_KNOTS('',1,(#3967,#3968),.UNSPECIFIED.,.F.,
  .F.,(2,2),(0.,0.49040799341),.PIECEWISE_BEZIER_KNOTS.);
#3967 = CARTESIAN_POINT('',(-30.94,19.31,5.));
#3968 = CARTESIAN_POINT('',(-30.77,18.85,5.));
#3969 = VECTOR('',#3970,1.);
#3970 = DIRECTION('',(0.,0.,1.));
#3971 = ADVANCED_FACE('',(#3972),#3989,.F.);
#3972 = FACE_BOUND('',#3973,.F.);
#3973 = EDGE_LOOP('',(#3974,#3975,#3982,#3988));
#3974 = ORIENTED_EDGE('',*,*,#3959,.T.);
#3975 = ORIENTED_EDGE('',*,*,#3976,.T.);
#3976 = EDGE_CURVE('',#3953,#3977,#3979,.T.);
#3977 = VERTEX_POINT('',#3978);
#3978 = CARTESIAN_POINT('',(-30.61,18.55,4.8));
#3979 = B_SPLINE_CURVE_WITH_KNOTS('',1,(#3980,#3981),.UNSPECIFIED.,.F.,
  .F.,(2,2),(0.,0.34),.PIECEWISE_BEZIER_KNOTS.);
#3980 = CARTESIAN_POINT('',(-30.77,18.85,4.8));
#3981 = CARTESIAN_POINT('',(-30.61,18.55,4.8));
#3982 = ORIENTED_EDGE('',*,*,#3983,.F.);
#3983 = EDGE_CURVE('',#873,#3977,#3984,.T.);
#3984 = LINE('',#3985,#3986);
#3985 = CARTESIAN_POINT('',(-30.61,18.55,5.));
#3986 = VECTOR('',#3987,1.);
#3987 = DIRECTION('',(-0.,-0.,-1.));
#3988 = ORIENTED_EDGE('',*,*,#879,.F.);
#3989 = SURFACE_OF_LINEAR_EXTRUSION('',#3990,#3993);
#3990 = B_SPLINE_CURVE_WITH_KNOTS('',1,(#3991,#3992),.UNSPECIFIED.,.F.,
  .F.,(2,2),(0.,0.34),.PIECEWISE_BEZIER_KNOTS.);
#3991 = CARTESIAN_POINT('',(-30.77,18.85,5.));
#3992 = CARTESIAN_POINT('',(-30.61,18.55,5.));
#3993 = VECTOR('',#3994,1.);
#3994 = DIRECTION('',(0.,0.,1.));
#3995 = ADVANCED_FACE('',(#3996),#4013,.F.);
#3996 = FACE_BOUND('',#3997,.F.);
#3997 = EDGE_LOOP('',(#3998,#3999,#4006,#4012));
#3998 = ORIENTED_EDGE('',*,*,#3983,.T.);
#3999 = ORIENTED_EDGE('',*,*,#4000,.T.);
#4000 = EDGE_CURVE('',#3977,#4001,#4003,.T.);
#4001 = VERTEX_POINT('',#4002);
#4002 = CARTESIAN_POINT('',(-30.41,18.29,4.8));
#4003 = B_SPLINE_CURVE_WITH_KNOTS('',1,(#4004,#4005),.UNSPECIFIED.,.F.,
  .F.,(2,2),(0.,0.328024389337),.PIECEWISE_BEZIER_KNOTS.);
#4004 = CARTESIAN_POINT('',(-30.61,18.55,4.8));
#4005 = CARTESIAN_POINT('',(-30.41,18.29,4.8));
#4006 = ORIENTED_EDGE('',*,*,#4007,.F.);
#4007 = EDGE_CURVE('',#866,#4001,#4008,.T.);
#4008 = LINE('',#4009,#4010);
#4009 = CARTESIAN_POINT('',(-30.41,18.29,5.));
#4010 = VECTOR('',#4011,1.);
#4011 = DIRECTION('',(-0.,-0.,-1.));
#4012 = ORIENTED_EDGE('',*,*,#872,.F.);
#4013 = SURFACE_OF_LINEAR_EXTRUSION('',#4014,#4017);
#4014 = B_SPLINE_CURVE_WITH_KNOTS('',1,(#4015,#4016),.UNSPECIFIED.,.F.,
  .F.,(2,2),(0.,0.328024389337),.PIECEWISE_BEZIER_KNOTS.);
#4015 = CARTESIAN_POINT('',(-30.61,18.55,5.));
#4016 = CARTESIAN_POINT('',(-30.41,18.29,5.));
#4017 = VECTOR('',#4018,1.);
#4018 = DIRECTION('',(0.,0.,1.));
#4019 = ADVANCED_FACE('',(#4020),#4037,.F.);
#4020 = FACE_BOUND('',#4021,.F.);
#4021 = EDGE_LOOP('',(#4022,#4023,#4030,#4036));
#4022 = ORIENTED_EDGE('',*,*,#4007,.T.);
#4023 = ORIENTED_EDGE('',*,*,#4024,.T.);
#4024 = EDGE_CURVE('',#4001,#4025,#4027,.T.);
#4025 = VERTEX_POINT('',#4026);
#4026 = CARTESIAN_POINT('',(-30.02,17.93,4.8));
#4027 = B_SPLINE_CURVE_WITH_KNOTS('',1,(#4028,#4029),.UNSPECIFIED.,.F.,
  .F.,(2,2),(0.,0.530754180389),.PIECEWISE_BEZIER_KNOTS.);
#4028 = CARTESIAN_POINT('',(-30.41,18.29,4.8));
#4029 = CARTESIAN_POINT('',(-30.02,17.93,4.8));
#4030 = ORIENTED_EDGE('',*,*,#4031,.F.);
#4031 = EDGE_CURVE('',#859,#4025,#4032,.T.);
#4032 = LINE('',#4033,#4034);
#4033 = CARTESIAN_POINT('',(-30.02,17.93,5.));
#4034 = VECTOR('',#4035,1.);
#4035 = DIRECTION('',(-0.,-0.,-1.));
#4036 = ORIENTED_EDGE('',*,*,#865,.F.);
#4037 = SURFACE_OF_LINEAR_EXTRUSION('',#4038,#4041);
#4038 = B_SPLINE_CURVE_WITH_KNOTS('',1,(#4039,#4040),.UNSPECIFIED.,.F.,
  .F.,(2,2),(0.,0.530754180389),.PIECEWISE_BEZIER_KNOTS.);
#4039 = CARTESIAN_POINT('',(-30.41,18.29,5.));
#4040 = CARTESIAN_POINT('',(-30.02,17.93,5.));
#4041 = VECTOR('',#4042,1.);
#4042 = DIRECTION('',(0.,0.,1.));
#4043 = ADVANCED_FACE('',(#4044),#4061,.F.);
#4044 = FACE_BOUND('',#4045,.F.);
#4045 = EDGE_LOOP('',(#4046,#4047,#4054,#4060));
#4046 = ORIENTED_EDGE('',*,*,#4031,.T.);
#4047 = ORIENTED_EDGE('',*,*,#4048,.T.);
#4048 = EDGE_CURVE('',#4025,#4049,#4051,.T.);
#4049 = VERTEX_POINT('',#4050);
#4050 = CARTESIAN_POINT('',(-29.82,17.8,4.8));
#4051 = B_SPLINE_CURVE_WITH_KNOTS('',1,(#4052,#4053),.UNSPECIFIED.,.F.,
  .F.,(2,2),(0.,0.238537208838),.PIECEWISE_BEZIER_KNOTS.);
#4052 = CARTESIAN_POINT('',(-30.02,17.93,4.8));
#4053 = CARTESIAN_POINT('',(-29.82,17.8,4.8));
#4054 = ORIENTED_EDGE('',*,*,#4055,.F.);
#4055 = EDGE_CURVE('',#852,#4049,#4056,.T.);
#4056 = LINE('',#4057,#4058);
#4057 = CARTESIAN_POINT('',(-29.82,17.8,5.));
#4058 = VECTOR('',#4059,1.);
#4059 = DIRECTION('',(-0.,-0.,-1.));
#4060 = ORIENTED_EDGE('',*,*,#858,.F.);
#4061 = SURFACE_OF_LINEAR_EXTRUSION('',#4062,#4065);
#4062 = B_SPLINE_CURVE_WITH_KNOTS('',1,(#4063,#4064),.UNSPECIFIED.,.F.,
  .F.,(2,2),(0.,0.238537208838),.PIECEWISE_BEZIER_KNOTS.);
#4063 = CARTESIAN_POINT('',(-30.02,17.93,5.));
#4064 = CARTESIAN_POINT('',(-29.82,17.8,5.));
#4065 = VECTOR('',#4066,1.);
#4066 = DIRECTION('',(0.,0.,1.));
#4067 = ADVANCED_FACE('',(#4068),#4085,.F.);
#4068 = FACE_BOUND('',#4069,.F.);
#4069 = EDGE_LOOP('',(#4070,#4071,#4078,#4084));
#4070 = ORIENTED_EDGE('',*,*,#4055,.T.);
#4071 = ORIENTED_EDGE('',*,*,#4072,.T.);
#4072 = EDGE_CURVE('',#4049,#4073,#4075,.T.);
#4073 = VERTEX_POINT('',#4074);
#4074 = CARTESIAN_POINT('',(-29.43,17.6,4.8));
#4075 = B_SPLINE_CURVE_WITH_KNOTS('',1,(#4076,#4077),.UNSPECIFIED.,.F.,
  .F.,(2,2),(0.,0.438292140016),.PIECEWISE_BEZIER_KNOTS.);
#4076 = CARTESIAN_POINT('',(-29.82,17.8,4.8));
#4077 = CARTESIAN_POINT('',(-29.43,17.6,4.8));
#4078 = ORIENTED_EDGE('',*,*,#4079,.F.);
#4079 = EDGE_CURVE('',#845,#4073,#4080,.T.);
#4080 = LINE('',#4081,#4082);
#4081 = CARTESIAN_POINT('',(-29.43,17.6,5.));
#4082 = VECTOR('',#4083,1.);
#4083 = DIRECTION('',(-0.,-0.,-1.));
#4084 = ORIENTED_EDGE('',*,*,#851,.F.);
#4085 = SURFACE_OF_LINEAR_EXTRUSION('',#4086,#4089);
#4086 = B_SPLINE_CURVE_WITH_KNOTS('',1,(#4087,#4088),.UNSPECIFIED.,.F.,
  .F.,(2,2),(0.,0.438292140016),.PIECEWISE_BEZIER_KNOTS.);
#4087 = CARTESIAN_POINT('',(-29.82,17.8,5.));
#4088 = CARTESIAN_POINT('',(-29.43,17.6,5.));
#4089 = VECTOR('',#4090,1.);
#4090 = DIRECTION('',(0.,0.,1.));
#4091 = ADVANCED_FACE('',(#4092),#4109,.F.);
#4092 = FACE_BOUND('',#4093,.F.);
#4093 = EDGE_LOOP('',(#4094,#4095,#4102,#4108));
#4094 = ORIENTED_EDGE('',*,*,#4079,.T.);
#4095 = ORIENTED_EDGE('',*,*,#4096,.T.);
#4096 = EDGE_CURVE('',#4073,#4097,#4099,.T.);
#4097 = VERTEX_POINT('',#4098);
#4098 = CARTESIAN_POINT('',(-29.04,17.48,4.8));
#4099 = B_SPLINE_CURVE_WITH_KNOTS('',1,(#4100,#4101),.UNSPECIFIED.,.F.,
  .F.,(2,2),(0.,0.408044115262),.PIECEWISE_BEZIER_KNOTS.);
#4100 = CARTESIAN_POINT('',(-29.43,17.6,4.8));
#4101 = CARTESIAN_POINT('',(-29.04,17.48,4.8));
#4102 = ORIENTED_EDGE('',*,*,#4103,.F.);
#4103 = EDGE_CURVE('',#838,#4097,#4104,.T.);
#4104 = LINE('',#4105,#4106);
#4105 = CARTESIAN_POINT('',(-29.04,17.48,5.));
#4106 = VECTOR('',#4107,1.);
#4107 = DIRECTION('',(-0.,-0.,-1.));
#4108 = ORIENTED_EDGE('',*,*,#844,.F.);
#4109 = SURFACE_OF_LINEAR_EXTRUSION('',#4110,#4113);
#4110 = B_SPLINE_CURVE_WITH_KNOTS('',1,(#4111,#4112),.UNSPECIFIED.,.F.,
  .F.,(2,2),(0.,0.408044115262),.PIECEWISE_BEZIER_KNOTS.);
#4111 = CARTESIAN_POINT('',(-29.43,17.6,5.));
#4112 = CARTESIAN_POINT('',(-29.04,17.48,5.));
#4113 = VECTOR('',#4114,1.);
#4114 = DIRECTION('',(0.,0.,1.));
#4115 = ADVANCED_FACE('',(#4116),#4133,.F.);
#4116 = FACE_BOUND('',#4117,.F.);
#4117 = EDGE_LOOP('',(#4118,#4119,#4126,#4132));
#4118 = ORIENTED_EDGE('',*,*,#4103,.T.);
#4119 = ORIENTED_EDGE('',*,*,#4120,.T.);
#4120 = EDGE_CURVE('',#4097,#4121,#4123,.T.);
#4121 = VERTEX_POINT('',#4122);
#4122 = CARTESIAN_POINT('',(-28.64,17.41,4.8));
#4123 = B_SPLINE_CURVE_WITH_KNOTS('',1,(#4124,#4125),.UNSPECIFIED.,.F.,
  .F.,(2,2),(0.,0.406078810085),.PIECEWISE_BEZIER_KNOTS.);
#4124 = CARTESIAN_POINT('',(-29.04,17.48,4.8));
#4125 = CARTESIAN_POINT('',(-28.64,17.41,4.8));
#4126 = ORIENTED_EDGE('',*,*,#4127,.F.);
#4127 = EDGE_CURVE('',#831,#4121,#4128,.T.);
#4128 = LINE('',#4129,#4130);
#4129 = CARTESIAN_POINT('',(-28.64,17.41,5.));
#4130 = VECTOR('',#4131,1.);
#4131 = DIRECTION('',(-0.,-0.,-1.));
#4132 = ORIENTED_EDGE('',*,*,#837,.F.);
#4133 = SURFACE_OF_LINEAR_EXTRUSION('',#4134,#4137);
#4134 = B_SPLINE_CURVE_WITH_KNOTS('',1,(#4135,#4136),.UNSPECIFIED.,.F.,
  .F.,(2,2),(0.,0.406078810085),.PIECEWISE_BEZIER_KNOTS.);
#4135 = CARTESIAN_POINT('',(-29.04,17.48,5.));
#4136 = CARTESIAN_POINT('',(-28.64,17.41,5.));
#4137 = VECTOR('',#4138,1.);
#4138 = DIRECTION('',(0.,0.,1.));
#4139 = ADVANCED_FACE('',(#4140),#4157,.F.);
#4140 = FACE_BOUND('',#4141,.F.);
#4141 = EDGE_LOOP('',(#4142,#4143,#4150,#4156));
#4142 = ORIENTED_EDGE('',*,*,#4127,.T.);
#4143 = ORIENTED_EDGE('',*,*,#4144,.T.);
#4144 = EDGE_CURVE('',#4121,#4145,#4147,.T.);
#4145 = VERTEX_POINT('',#4146);
#4146 = CARTESIAN_POINT('',(-21.61,17.41,4.8));
#4147 = B_SPLINE_CURVE_WITH_KNOTS('',1,(#4148,#4149),.UNSPECIFIED.,.F.,
  .F.,(2,2),(0.,7.03),.PIECEWISE_BEZIER_KNOTS.);
#4148 = CARTESIAN_POINT('',(-28.64,17.41,4.8));
#4149 = CARTESIAN_POINT('',(-21.61,17.41,4.8));
#4150 = ORIENTED_EDGE('',*,*,#4151,.F.);
#4151 = EDGE_CURVE('',#824,#4145,#4152,.T.);
#4152 = LINE('',#4153,#4154);
#4153 = CARTESIAN_POINT('',(-21.61,17.41,5.));
#4154 = VECTOR('',#4155,1.);
#4155 = DIRECTION('',(-0.,-0.,-1.));
#4156 = ORIENTED_EDGE('',*,*,#830,.F.);
#4157 = SURFACE_OF_LINEAR_EXTRUSION('',#4158,#4161);
#4158 = B_SPLINE_CURVE_WITH_KNOTS('',1,(#4159,#4160),.UNSPECIFIED.,.F.,
  .F.,(2,2),(0.,7.03),.PIECEWISE_BEZIER_KNOTS.);
#4159 = CARTESIAN_POINT('',(-28.64,17.41,5.));
#4160 = CARTESIAN_POINT('',(-21.61,17.41,5.));
#4161 = VECTOR('',#4162,1.);
#4162 = DIRECTION('',(0.,0.,1.));
#4163 = ADVANCED_FACE('',(#4164),#4174,.F.);
#4164 = FACE_BOUND('',#4165,.F.);
#4165 = EDGE_LOOP('',(#4166,#4167,#4172,#4173));
#4166 = ORIENTED_EDGE('',*,*,#4151,.T.);
#4167 = ORIENTED_EDGE('',*,*,#4168,.T.);
#4168 = EDGE_CURVE('',#4145,#2937,#4169,.T.);
#4169 = B_SPLINE_CURVE_WITH_KNOTS('',1,(#4170,#4171),.UNSPECIFIED.,.F.,
  .F.,(2,2),(0.,0.500099990002),.PIECEWISE_BEZIER_KNOTS.);
#4170 = CARTESIAN_POINT('',(-21.61,17.41,4.8));
#4171 = CARTESIAN_POINT('',(-21.12,17.51,4.8));
#4172 = ORIENTED_EDGE('',*,*,#2936,.F.);
#4173 = ORIENTED_EDGE('',*,*,#823,.F.);
#4174 = SURFACE_OF_LINEAR_EXTRUSION('',#4175,#4178);
#4175 = B_SPLINE_CURVE_WITH_KNOTS('',1,(#4176,#4177),.UNSPECIFIED.,.F.,
  .F.,(2,2),(0.,0.500099990002),.PIECEWISE_BEZIER_KNOTS.);
#4176 = CARTESIAN_POINT('',(-21.61,17.41,5.));
#4177 = CARTESIAN_POINT('',(-21.12,17.51,5.));
#4178 = VECTOR('',#4179,1.);
#4179 = DIRECTION('',(0.,0.,1.));
#4180 = ADVANCED_FACE('',(#4181),#4205,.F.);
#4181 = FACE_BOUND('',#4182,.F.);
#4182 = EDGE_LOOP('',(#4183,#4191,#4198,#4204));
#4183 = ORIENTED_EDGE('',*,*,#4184,.T.);
#4184 = EDGE_CURVE('',#1181,#4185,#4187,.T.);
#4185 = VERTEX_POINT('',#4186);
#4186 = CARTESIAN_POINT('',(-12.89,24.89,4.8));
#4187 = LINE('',#4188,#4189);
#4188 = CARTESIAN_POINT('',(-12.89,24.89,5.));
#4189 = VECTOR('',#4190,1.);
#4190 = DIRECTION('',(-0.,-0.,-1.));
#4191 = ORIENTED_EDGE('',*,*,#4192,.T.);
#4192 = EDGE_CURVE('',#4185,#4193,#4195,.T.);
#4193 = VERTEX_POINT('',#4194);
#4194 = CARTESIAN_POINT('',(-13.42,25.32,4.8));
#4195 = B_SPLINE_CURVE_WITH_KNOTS('',1,(#4196,#4197),.UNSPECIFIED.,.F.,
  .F.,(2,2),(0.,0.68249542123),.PIECEWISE_BEZIER_KNOTS.);
#4196 = CARTESIAN_POINT('',(-12.89,24.89,4.8));
#4197 = CARTESIAN_POINT('',(-13.42,25.32,4.8));
#4198 = ORIENTED_EDGE('',*,*,#4199,.F.);
#4199 = EDGE_CURVE('',#1183,#4193,#4200,.T.);
#4200 = LINE('',#4201,#4202);
#4201 = CARTESIAN_POINT('',(-13.42,25.32,5.));
#4202 = VECTOR('',#4203,1.);
#4203 = DIRECTION('',(-0.,-0.,-1.));
#4204 = ORIENTED_EDGE('',*,*,#1180,.F.);
#4205 = SURFACE_OF_LINEAR_EXTRUSION('',#4206,#4209);
#4206 = B_SPLINE_CURVE_WITH_KNOTS('',1,(#4207,#4208),.UNSPECIFIED.,.F.,
  .F.,(2,2),(0.,0.68249542123),.PIECEWISE_BEZIER_KNOTS.);
#4207 = CARTESIAN_POINT('',(-12.89,24.89,5.));
#4208 = CARTESIAN_POINT('',(-13.42,25.32,5.));
#4209 = VECTOR('',#4210,1.);
#4210 = DIRECTION('',(0.,0.,1.));
#4211 = ADVANCED_FACE('',(#4212),#4229,.F.);
#4212 = FACE_BOUND('',#4213,.F.);
#4213 = EDGE_LOOP('',(#4214,#4215,#4222,#4228));
#4214 = ORIENTED_EDGE('',*,*,#4199,.T.);
#4215 = ORIENTED_EDGE('',*,*,#4216,.T.);
#4216 = EDGE_CURVE('',#4193,#4217,#4219,.T.);
#4217 = VERTEX_POINT('',#4218);
#4218 = CARTESIAN_POINT('',(-13.98,25.59,4.8));
#4219 = B_SPLINE_CURVE_WITH_KNOTS('',1,(#4220,#4221),.UNSPECIFIED.,.F.,
  .F.,(2,2),(0.,0.621691241695),.PIECEWISE_BEZIER_KNOTS.);
#4220 = CARTESIAN_POINT('',(-13.42,25.32,4.8));
#4221 = CARTESIAN_POINT('',(-13.98,25.59,4.8));
#4222 = ORIENTED_EDGE('',*,*,#4223,.F.);
#4223 = EDGE_CURVE('',#1400,#4217,#4224,.T.);
#4224 = LINE('',#4225,#4226);
#4225 = CARTESIAN_POINT('',(-13.98,25.59,5.));
#4226 = VECTOR('',#4227,1.);
#4227 = DIRECTION('',(-0.,-0.,-1.));
#4228 = ORIENTED_EDGE('',*,*,#1406,.F.);
#4229 = SURFACE_OF_LINEAR_EXTRUSION('',#4230,#4233);
#4230 = B_SPLINE_CURVE_WITH_KNOTS('',1,(#4231,#4232),.UNSPECIFIED.,.F.,
  .F.,(2,2),(0.,0.621691241695),.PIECEWISE_BEZIER_KNOTS.);
#4231 = CARTESIAN_POINT('',(-13.42,25.32,5.));
#4232 = CARTESIAN_POINT('',(-13.98,25.59,5.));
#4233 = VECTOR('',#4234,1.);
#4234 = DIRECTION('',(0.,0.,1.));
#4235 = ADVANCED_FACE('',(#4236),#4253,.F.);
#4236 = FACE_BOUND('',#4237,.F.);
#4237 = EDGE_LOOP('',(#4238,#4239,#4246,#4252));
#4238 = ORIENTED_EDGE('',*,*,#4223,.T.);
#4239 = ORIENTED_EDGE('',*,*,#4240,.T.);
#4240 = EDGE_CURVE('',#4217,#4241,#4243,.T.);
#4241 = VERTEX_POINT('',#4242);
#4242 = CARTESIAN_POINT('',(-14.47,25.72,4.8));
#4243 = B_SPLINE_CURVE_WITH_KNOTS('',1,(#4244,#4245),.UNSPECIFIED.,.F.,
  .F.,(2,2),(0.,0.506951674225),.PIECEWISE_BEZIER_KNOTS.);
#4244 = CARTESIAN_POINT('',(-13.98,25.59,4.8));
#4245 = CARTESIAN_POINT('',(-14.47,25.72,4.8));
#4246 = ORIENTED_EDGE('',*,*,#4247,.F.);
#4247 = EDGE_CURVE('',#1393,#4241,#4248,.T.);
#4248 = LINE('',#4249,#4250);
#4249 = CARTESIAN_POINT('',(-14.47,25.72,5.));
#4250 = VECTOR('',#4251,1.);
#4251 = DIRECTION('',(-0.,-0.,-1.));
#4252 = ORIENTED_EDGE('',*,*,#1399,.F.);
#4253 = SURFACE_OF_LINEAR_EXTRUSION('',#4254,#4257);
#4254 = B_SPLINE_CURVE_WITH_KNOTS('',1,(#4255,#4256),.UNSPECIFIED.,.F.,
  .F.,(2,2),(0.,0.506951674225),.PIECEWISE_BEZIER_KNOTS.);
#4255 = CARTESIAN_POINT('',(-13.98,25.59,5.));
#4256 = CARTESIAN_POINT('',(-14.47,25.72,5.));
#4257 = VECTOR('',#4258,1.);
#4258 = DIRECTION('',(0.,0.,1.));
#4259 = ADVANCED_FACE('',(#4260),#4277,.F.);
#4260 = FACE_BOUND('',#4261,.F.);
#4261 = EDGE_LOOP('',(#4262,#4263,#4270,#4276));
#4262 = ORIENTED_EDGE('',*,*,#4247,.T.);
#4263 = ORIENTED_EDGE('',*,*,#4264,.T.);
#4264 = EDGE_CURVE('',#4241,#4265,#4267,.T.);
#4265 = VERTEX_POINT('',#4266);
#4266 = CARTESIAN_POINT('',(-14.74,25.75,4.8));
#4267 = B_SPLINE_CURVE_WITH_KNOTS('',1,(#4268,#4269),.UNSPECIFIED.,.F.,
  .F.,(2,2),(0.,0.271661554144),.PIECEWISE_BEZIER_KNOTS.);
#4268 = CARTESIAN_POINT('',(-14.47,25.72,4.8));
#4269 = CARTESIAN_POINT('',(-14.74,25.75,4.8));
#4270 = ORIENTED_EDGE('',*,*,#4271,.F.);
#4271 = EDGE_CURVE('',#1386,#4265,#4272,.T.);
#4272 = LINE('',#4273,#4274);
#4273 = CARTESIAN_POINT('',(-14.74,25.75,5.));
#4274 = VECTOR('',#4275,1.);
#4275 = DIRECTION('',(-0.,-0.,-1.));
#4276 = ORIENTED_EDGE('',*,*,#1392,.F.);
#4277 = SURFACE_OF_LINEAR_EXTRUSION('',#4278,#4281);
#4278 = B_SPLINE_CURVE_WITH_KNOTS('',1,(#4279,#4280),.UNSPECIFIED.,.F.,
  .F.,(2,2),(0.,0.271661554144),.PIECEWISE_BEZIER_KNOTS.);
#4279 = CARTESIAN_POINT('',(-14.47,25.72,5.));
#4280 = CARTESIAN_POINT('',(-14.74,25.75,5.));
#4281 = VECTOR('',#4282,1.);
#4282 = DIRECTION('',(0.,0.,1.));
#4283 = ADVANCED_FACE('',(#4284),#4301,.F.);
#4284 = FACE_BOUND('',#4285,.F.);
#4285 = EDGE_LOOP('',(#4286,#4287,#4294,#4300));
#4286 = ORIENTED_EDGE('',*,*,#4271,.T.);
#4287 = ORIENTED_EDGE('',*,*,#4288,.T.);
#4288 = EDGE_CURVE('',#4265,#4289,#4291,.T.);
#4289 = VERTEX_POINT('',#4290);
#4290 = CARTESIAN_POINT('',(-18.34,25.75,4.8));
#4291 = B_SPLINE_CURVE_WITH_KNOTS('',1,(#4292,#4293),.UNSPECIFIED.,.F.,
  .F.,(2,2),(0.,3.6),.PIECEWISE_BEZIER_KNOTS.);
#4292 = CARTESIAN_POINT('',(-14.74,25.75,4.8));
#4293 = CARTESIAN_POINT('',(-18.34,25.75,4.8));
#4294 = ORIENTED_EDGE('',*,*,#4295,.F.);
#4295 = EDGE_CURVE('',#1379,#4289,#4296,.T.);
#4296 = LINE('',#4297,#4298);
#4297 = CARTESIAN_POINT('',(-18.34,25.75,5.));
#4298 = VECTOR('',#4299,1.);
#4299 = DIRECTION('',(-0.,-0.,-1.));
#4300 = ORIENTED_EDGE('',*,*,#1385,.F.);
#4301 = SURFACE_OF_LINEAR_EXTRUSION('',#4302,#4305);
#4302 = B_SPLINE_CURVE_WITH_KNOTS('',1,(#4303,#4304),.UNSPECIFIED.,.F.,
  .F.,(2,2),(0.,3.6),.PIECEWISE_BEZIER_KNOTS.);
#4303 = CARTESIAN_POINT('',(-14.74,25.75,5.));
#4304 = CARTESIAN_POINT('',(-18.34,25.75,5.));
#4305 = VECTOR('',#4306,1.);
#4306 = DIRECTION('',(0.,0.,1.));
#4307 = ADVANCED_FACE('',(#4308),#4325,.F.);
#4308 = FACE_BOUND('',#4309,.F.);
#4309 = EDGE_LOOP('',(#4310,#4311,#4318,#4324));
#4310 = ORIENTED_EDGE('',*,*,#4295,.T.);
#4311 = ORIENTED_EDGE('',*,*,#4312,.T.);
#4312 = EDGE_CURVE('',#4289,#4313,#4315,.T.);
#4313 = VERTEX_POINT('',#4314);
#4314 = CARTESIAN_POINT('',(-18.34,24.08,4.8));
#4315 = B_SPLINE_CURVE_WITH_KNOTS('',1,(#4316,#4317),.UNSPECIFIED.,.F.,
  .F.,(2,2),(0.,1.67),.PIECEWISE_BEZIER_KNOTS.);
#4316 = CARTESIAN_POINT('',(-18.34,25.75,4.8));
#4317 = CARTESIAN_POINT('',(-18.34,24.08,4.8));
#4318 = ORIENTED_EDGE('',*,*,#4319,.F.);
#4319 = EDGE_CURVE('',#1372,#4313,#4320,.T.);
#4320 = LINE('',#4321,#4322);
#4321 = CARTESIAN_POINT('',(-18.34,24.08,5.));
#4322 = VECTOR('',#4323,1.);
#4323 = DIRECTION('',(-0.,-0.,-1.));
#4324 = ORIENTED_EDGE('',*,*,#1378,.F.);
#4325 = SURFACE_OF_LINEAR_EXTRUSION('',#4326,#4329);
#4326 = B_SPLINE_CURVE_WITH_KNOTS('',1,(#4327,#4328),.UNSPECIFIED.,.F.,
  .F.,(2,2),(0.,1.67),.PIECEWISE_BEZIER_KNOTS.);
#4327 = CARTESIAN_POINT('',(-18.34,25.75,5.));
#4328 = CARTESIAN_POINT('',(-18.34,24.08,5.));
#4329 = VECTOR('',#4330,1.);
#4330 = DIRECTION('',(0.,0.,1.));
#4331 = ADVANCED_FACE('',(#4332),#4349,.F.);
#4332 = FACE_BOUND('',#4333,.F.);
#4333 = EDGE_LOOP('',(#4334,#4335,#4342,#4348));
#4334 = ORIENTED_EDGE('',*,*,#4319,.T.);
#4335 = ORIENTED_EDGE('',*,*,#4336,.T.);
#4336 = EDGE_CURVE('',#4313,#4337,#4339,.T.);
#4337 = VERTEX_POINT('',#4338);
#4338 = CARTESIAN_POINT('',(-15.47,24.08,4.8));
#4339 = B_SPLINE_CURVE_WITH_KNOTS('',1,(#4340,#4341),.UNSPECIFIED.,.F.,
  .F.,(2,2),(0.,2.87),.PIECEWISE_BEZIER_KNOTS.);
#4340 = CARTESIAN_POINT('',(-18.34,24.08,4.8));
#4341 = CARTESIAN_POINT('',(-15.47,24.08,4.8));
#4342 = ORIENTED_EDGE('',*,*,#4343,.F.);
#4343 = EDGE_CURVE('',#1365,#4337,#4344,.T.);
#4344 = LINE('',#4345,#4346);
#4345 = CARTESIAN_POINT('',(-15.47,24.08,5.));
#4346 = VECTOR('',#4347,1.);
#4347 = DIRECTION('',(-0.,-0.,-1.));
#4348 = ORIENTED_EDGE('',*,*,#1371,.F.);
#4349 = SURFACE_OF_LINEAR_EXTRUSION('',#4350,#4353);
#4350 = B_SPLINE_CURVE_WITH_KNOTS('',1,(#4351,#4352),.UNSPECIFIED.,.F.,
  .F.,(2,2),(0.,2.87),.PIECEWISE_BEZIER_KNOTS.);
#4351 = CARTESIAN_POINT('',(-18.34,24.08,5.));
#4352 = CARTESIAN_POINT('',(-15.47,24.08,5.));
#4353 = VECTOR('',#4354,1.);
#4354 = DIRECTION('',(0.,0.,1.));
#4355 = ADVANCED_FACE('',(#4356),#4373,.F.);
#4356 = FACE_BOUND('',#4357,.F.);
#4357 = EDGE_LOOP('',(#4358,#4359,#4366,#4372));
#4358 = ORIENTED_EDGE('',*,*,#4343,.T.);
#4359 = ORIENTED_EDGE('',*,*,#4360,.T.);
#4360 = EDGE_CURVE('',#4337,#4361,#4363,.T.);
#4361 = VERTEX_POINT('',#4362);
#4362 = CARTESIAN_POINT('',(-15.28,24.04,4.8));
#4363 = B_SPLINE_CURVE_WITH_KNOTS('',1,(#4364,#4365),.UNSPECIFIED.,.F.,
  .F.,(2,2),(0.,0.194164878389),.PIECEWISE_BEZIER_KNOTS.);
#4364 = CARTESIAN_POINT('',(-15.47,24.08,4.8));
#4365 = CARTESIAN_POINT('',(-15.28,24.04,4.8));
#4366 = ORIENTED_EDGE('',*,*,#4367,.F.);
#4367 = EDGE_CURVE('',#1358,#4361,#4368,.T.);
#4368 = LINE('',#4369,#4370);
#4369 = CARTESIAN_POINT('',(-15.28,24.04,5.));
#4370 = VECTOR('',#4371,1.);
#4371 = DIRECTION('',(-0.,-0.,-1.));
#4372 = ORIENTED_EDGE('',*,*,#1364,.F.);
#4373 = SURFACE_OF_LINEAR_EXTRUSION('',#4374,#4377);
#4374 = B_SPLINE_CURVE_WITH_KNOTS('',1,(#4375,#4376),.UNSPECIFIED.,.F.,
  .F.,(2,2),(0.,0.194164878389),.PIECEWISE_BEZIER_KNOTS.);
#4375 = CARTESIAN_POINT('',(-15.47,24.08,5.));
#4376 = CARTESIAN_POINT('',(-15.28,24.04,5.));
#4377 = VECTOR('',#4378,1.);
#4378 = DIRECTION('',(0.,0.,1.));
#4379 = ADVANCED_FACE('',(#4380),#4397,.F.);
#4380 = FACE_BOUND('',#4381,.F.);
#4381 = EDGE_LOOP('',(#4382,#4383,#4390,#4396));
#4382 = ORIENTED_EDGE('',*,*,#4367,.T.);
#4383 = ORIENTED_EDGE('',*,*,#4384,.T.);
#4384 = EDGE_CURVE('',#4361,#4385,#4387,.T.);
#4385 = VERTEX_POINT('',#4386);
#4386 = CARTESIAN_POINT('',(-15.04,23.93,4.8));
#4387 = B_SPLINE_CURVE_WITH_KNOTS('',1,(#4388,#4389),.UNSPECIFIED.,.F.,
  .F.,(2,2),(0.,0.264007575649),.PIECEWISE_BEZIER_KNOTS.);
#4388 = CARTESIAN_POINT('',(-15.28,24.04,4.8));
#4389 = CARTESIAN_POINT('',(-15.04,23.93,4.8));
#4390 = ORIENTED_EDGE('',*,*,#4391,.F.);
#4391 = EDGE_CURVE('',#1351,#4385,#4392,.T.);
#4392 = LINE('',#4393,#4394);
#4393 = CARTESIAN_POINT('',(-15.04,23.93,5.));
#4394 = VECTOR('',#4395,1.);
#4395 = DIRECTION('',(-0.,-0.,-1.));
#4396 = ORIENTED_EDGE('',*,*,#1357,.F.);
#4397 = SURFACE_OF_LINEAR_EXTRUSION('',#4398,#4401);
#4398 = B_SPLINE_CURVE_WITH_KNOTS('',1,(#4399,#4400),.UNSPECIFIED.,.F.,
  .F.,(2,2),(0.,0.264007575649),.PIECEWISE_BEZIER_KNOTS.);
#4399 = CARTESIAN_POINT('',(-15.28,24.04,5.));
#4400 = CARTESIAN_POINT('',(-15.04,23.93,5.));
#4401 = VECTOR('',#4402,1.);
#4402 = DIRECTION('',(0.,0.,1.));
#4403 = ADVANCED_FACE('',(#4404),#4421,.F.);
#4404 = FACE_BOUND('',#4405,.F.);
#4405 = EDGE_LOOP('',(#4406,#4407,#4414,#4420));
#4406 = ORIENTED_EDGE('',*,*,#4391,.T.);
#4407 = ORIENTED_EDGE('',*,*,#4408,.T.);
#4408 = EDGE_CURVE('',#4385,#4409,#4411,.T.);
#4409 = VERTEX_POINT('',#4410);
#4410 = CARTESIAN_POINT('',(-14.78,23.66,4.8));
#4411 = B_SPLINE_CURVE_WITH_KNOTS('',1,(#4412,#4413),.UNSPECIFIED.,.F.,
  .F.,(2,2),(0.,0.37483329628),.PIECEWISE_BEZIER_KNOTS.);
#4412 = CARTESIAN_POINT('',(-15.04,23.93,4.8));
#4413 = CARTESIAN_POINT('',(-14.78,23.66,4.8));
#4414 = ORIENTED_EDGE('',*,*,#4415,.F.);
#4415 = EDGE_CURVE('',#1344,#4409,#4416,.T.);
#4416 = LINE('',#4417,#4418);
#4417 = CARTESIAN_POINT('',(-14.78,23.66,5.));
#4418 = VECTOR('',#4419,1.);
#4419 = DIRECTION('',(-0.,-0.,-1.));
#4420 = ORIENTED_EDGE('',*,*,#1350,.F.);
#4421 = SURFACE_OF_LINEAR_EXTRUSION('',#4422,#4425);
#4422 = B_SPLINE_CURVE_WITH_KNOTS('',1,(#4423,#4424),.UNSPECIFIED.,.F.,
  .F.,(2,2),(0.,0.37483329628),.PIECEWISE_BEZIER_KNOTS.);
#4423 = CARTESIAN_POINT('',(-15.04,23.93,5.));
#4424 = CARTESIAN_POINT('',(-14.78,23.66,5.));
#4425 = VECTOR('',#4426,1.);
#4426 = DIRECTION('',(0.,0.,1.));
#4427 = ADVANCED_FACE('',(#4428),#4445,.F.);
#4428 = FACE_BOUND('',#4429,.F.);
#4429 = EDGE_LOOP('',(#4430,#4431,#4438,#4444));
#4430 = ORIENTED_EDGE('',*,*,#4415,.T.);
#4431 = ORIENTED_EDGE('',*,*,#4432,.T.);
#4432 = EDGE_CURVE('',#4409,#4433,#4435,.T.);
#4433 = VERTEX_POINT('',#4434);
#4434 = CARTESIAN_POINT('',(-14.66,23.38,4.8));
#4435 = B_SPLINE_CURVE_WITH_KNOTS('',1,(#4436,#4437),.UNSPECIFIED.,.F.,
  .F.,(2,2),(0.,0.304630924235),.PIECEWISE_BEZIER_KNOTS.);
#4436 = CARTESIAN_POINT('',(-14.78,23.66,4.8));
#4437 = CARTESIAN_POINT('',(-14.66,23.38,4.8));
#4438 = ORIENTED_EDGE('',*,*,#4439,.F.);
#4439 = EDGE_CURVE('',#1337,#4433,#4440,.T.);
#4440 = LINE('',#4441,#4442);
#4441 = CARTESIAN_POINT('',(-14.66,23.38,5.));
#4442 = VECTOR('',#4443,1.);
#4443 = DIRECTION('',(-0.,-0.,-1.));
#4444 = ORIENTED_EDGE('',*,*,#1343,.F.);
#4445 = SURFACE_OF_LINEAR_EXTRUSION('',#4446,#4449);
#4446 = B_SPLINE_CURVE_WITH_KNOTS('',1,(#4447,#4448),.UNSPECIFIED.,.F.,
  .F.,(2,2),(0.,0.304630924235),.PIECEWISE_BEZIER_KNOTS.);
#4447 = CARTESIAN_POINT('',(-14.78,23.66,5.));
#4448 = CARTESIAN_POINT('',(-14.66,23.38,5.));
#4449 = VECTOR('',#4450,1.);
#4450 = DIRECTION('',(0.,0.,1.));
#4451 = ADVANCED_FACE('',(#4452),#4469,.F.);
#4452 = FACE_BOUND('',#4453,.F.);
#4453 = EDGE_LOOP('',(#4454,#4455,#4462,#4468));
#4454 = ORIENTED_EDGE('',*,*,#4439,.T.);
#4455 = ORIENTED_EDGE('',*,*,#4456,.T.);
#4456 = EDGE_CURVE('',#4433,#4457,#4459,.T.);
#4457 = VERTEX_POINT('',#4458);
#4458 = CARTESIAN_POINT('',(-14.7,19.11,4.8));
#4459 = B_SPLINE_CURVE_WITH_KNOTS('',1,(#4460,#4461),.UNSPECIFIED.,.F.,
  .F.,(2,2),(0.,4.27018734952),.PIECEWISE_BEZIER_KNOTS.);
#4460 = CARTESIAN_POINT('',(-14.66,23.38,4.8));
#4461 = CARTESIAN_POINT('',(-14.7,19.11,4.8));
#4462 = ORIENTED_EDGE('',*,*,#4463,.F.);
#4463 = EDGE_CURVE('',#1330,#4457,#4464,.T.);
#4464 = LINE('',#4465,#4466);
#4465 = CARTESIAN_POINT('',(-14.7,19.11,5.));
#4466 = VECTOR('',#4467,1.);
#4467 = DIRECTION('',(-0.,-0.,-1.));
#4468 = ORIENTED_EDGE('',*,*,#1336,.F.);
#4469 = SURFACE_OF_LINEAR_EXTRUSION('',#4470,#4473);
#4470 = B_SPLINE_CURVE_WITH_KNOTS('',1,(#4471,#4472),.UNSPECIFIED.,.F.,
  .F.,(2,2),(0.,4.27018734952),.PIECEWISE_BEZIER_KNOTS.);
#4471 = CARTESIAN_POINT('',(-14.66,23.38,5.));
#4472 = CARTESIAN_POINT('',(-14.7,19.11,5.));
#4473 = VECTOR('',#4474,1.);
#4474 = DIRECTION('',(0.,0.,1.));
#4475 = ADVANCED_FACE('',(#4476),#4493,.F.);
#4476 = FACE_BOUND('',#4477,.F.);
#4477 = EDGE_LOOP('',(#4478,#4479,#4486,#4492));
#4478 = ORIENTED_EDGE('',*,*,#4463,.T.);
#4479 = ORIENTED_EDGE('',*,*,#4480,.T.);
#4480 = EDGE_CURVE('',#4457,#4481,#4483,.T.);
#4481 = VERTEX_POINT('',#4482);
#4482 = CARTESIAN_POINT('',(-18.34,19.11,4.8));
#4483 = B_SPLINE_CURVE_WITH_KNOTS('',1,(#4484,#4485),.UNSPECIFIED.,.F.,
  .F.,(2,2),(0.,3.64),.PIECEWISE_BEZIER_KNOTS.);
#4484 = CARTESIAN_POINT('',(-14.7,19.11,4.8));
#4485 = CARTESIAN_POINT('',(-18.34,19.11,4.8));
#4486 = ORIENTED_EDGE('',*,*,#4487,.F.);
#4487 = EDGE_CURVE('',#1323,#4481,#4488,.T.);
#4488 = LINE('',#4489,#4490);
#4489 = CARTESIAN_POINT('',(-18.34,19.11,5.));
#4490 = VECTOR('',#4491,1.);
#4491 = DIRECTION('',(-0.,-0.,-1.));
#4492 = ORIENTED_EDGE('',*,*,#1329,.F.);
#4493 = SURFACE_OF_LINEAR_EXTRUSION('',#4494,#4497);
#4494 = B_SPLINE_CURVE_WITH_KNOTS('',1,(#4495,#4496),.UNSPECIFIED.,.F.,
  .F.,(2,2),(0.,3.64),.PIECEWISE_BEZIER_KNOTS.);
#4495 = CARTESIAN_POINT('',(-14.7,19.11,5.));
#4496 = CARTESIAN_POINT('',(-18.34,19.11,5.));
#4497 = VECTOR('',#4498,1.);
#4498 = DIRECTION('',(0.,0.,1.));
#4499 = ADVANCED_FACE('',(#4500),#4517,.F.);
#4500 = FACE_BOUND('',#4501,.F.);
#4501 = EDGE_LOOP('',(#4502,#4503,#4510,#4516));
#4502 = ORIENTED_EDGE('',*,*,#4487,.T.);
#4503 = ORIENTED_EDGE('',*,*,#4504,.T.);
#4504 = EDGE_CURVE('',#4481,#4505,#4507,.T.);
#4505 = VERTEX_POINT('',#4506);
#4506 = CARTESIAN_POINT('',(-18.34,17.41,4.8));
#4507 = B_SPLINE_CURVE_WITH_KNOTS('',1,(#4508,#4509),.UNSPECIFIED.,.F.,
  .F.,(2,2),(0.,1.7),.PIECEWISE_BEZIER_KNOTS.);
#4508 = CARTESIAN_POINT('',(-18.34,19.11,4.8));
#4509 = CARTESIAN_POINT('',(-18.34,17.41,4.8));
#4510 = ORIENTED_EDGE('',*,*,#4511,.F.);
#4511 = EDGE_CURVE('',#1316,#4505,#4512,.T.);
#4512 = LINE('',#4513,#4514);
#4513 = CARTESIAN_POINT('',(-18.34,17.41,5.));
#4514 = VECTOR('',#4515,1.);
#4515 = DIRECTION('',(-0.,-0.,-1.));
#4516 = ORIENTED_EDGE('',*,*,#1322,.F.);
#4517 = SURFACE_OF_LINEAR_EXTRUSION('',#4518,#4521);
#4518 = B_SPLINE_CURVE_WITH_KNOTS('',1,(#4519,#4520),.UNSPECIFIED.,.F.,
  .F.,(2,2),(0.,1.7),.PIECEWISE_BEZIER_KNOTS.);
#4519 = CARTESIAN_POINT('',(-18.34,19.11,5.));
#4520 = CARTESIAN_POINT('',(-18.34,17.41,5.));
#4521 = VECTOR('',#4522,1.);
#4522 = DIRECTION('',(0.,0.,1.));
#4523 = ADVANCED_FACE('',(#4524),#4541,.F.);
#4524 = FACE_BOUND('',#4525,.F.);
#4525 = EDGE_LOOP('',(#4526,#4527,#4534,#4540));
#4526 = ORIENTED_EDGE('',*,*,#4511,.T.);
#4527 = ORIENTED_EDGE('',*,*,#4528,.T.);
#4528 = EDGE_CURVE('',#4505,#4529,#4531,.T.);
#4529 = VERTEX_POINT('',#4530);
#4530 = CARTESIAN_POINT('',(-14.66,17.37,4.8));
#4531 = B_SPLINE_CURVE_WITH_KNOTS('',1,(#4532,#4533),.UNSPECIFIED.,.F.,
  .F.,(2,2),(0.,3.680217384884),.PIECEWISE_BEZIER_KNOTS.);
#4532 = CARTESIAN_POINT('',(-18.34,17.41,4.8));
#4533 = CARTESIAN_POINT('',(-14.66,17.37,4.8));
#4534 = ORIENTED_EDGE('',*,*,#4535,.F.);
#4535 = EDGE_CURVE('',#1309,#4529,#4536,.T.);
#4536 = LINE('',#4537,#4538);
#4537 = CARTESIAN_POINT('',(-14.66,17.37,5.));
#4538 = VECTOR('',#4539,1.);
#4539 = DIRECTION('',(-0.,-0.,-1.));
#4540 = ORIENTED_EDGE('',*,*,#1315,.F.);
#4541 = SURFACE_OF_LINEAR_EXTRUSION('',#4542,#4545);
#4542 = B_SPLINE_CURVE_WITH_KNOTS('',1,(#4543,#4544),.UNSPECIFIED.,.F.,
  .F.,(2,2),(0.,3.680217384884),.PIECEWISE_BEZIER_KNOTS.);
#4543 = CARTESIAN_POINT('',(-18.34,17.41,5.));
#4544 = CARTESIAN_POINT('',(-14.66,17.37,5.));
#4545 = VECTOR('',#4546,1.);
#4546 = DIRECTION('',(0.,0.,1.));
#4547 = ADVANCED_FACE('',(#4548),#4565,.F.);
#4548 = FACE_BOUND('',#4549,.F.);
#4549 = EDGE_LOOP('',(#4550,#4551,#4558,#4564));
#4550 = ORIENTED_EDGE('',*,*,#4535,.T.);
#4551 = ORIENTED_EDGE('',*,*,#4552,.T.);
#4552 = EDGE_CURVE('',#4529,#4553,#4555,.T.);
#4553 = VERTEX_POINT('',#4554);
#4554 = CARTESIAN_POINT('',(-14.66,16.74,4.8));
#4555 = B_SPLINE_CURVE_WITH_KNOTS('',1,(#4556,#4557),.UNSPECIFIED.,.F.,
  .F.,(2,2),(0.,0.63),.PIECEWISE_BEZIER_KNOTS.);
#4556 = CARTESIAN_POINT('',(-14.66,17.37,4.8));
#4557 = CARTESIAN_POINT('',(-14.66,16.74,4.8));
#4558 = ORIENTED_EDGE('',*,*,#4559,.F.);
#4559 = EDGE_CURVE('',#1302,#4553,#4560,.T.);
#4560 = LINE('',#4561,#4562);
#4561 = CARTESIAN_POINT('',(-14.66,16.74,5.));
#4562 = VECTOR('',#4563,1.);
#4563 = DIRECTION('',(-0.,-0.,-1.));
#4564 = ORIENTED_EDGE('',*,*,#1308,.F.);
#4565 = SURFACE_OF_LINEAR_EXTRUSION('',#4566,#4569);
#4566 = B_SPLINE_CURVE_WITH_KNOTS('',1,(#4567,#4568),.UNSPECIFIED.,.F.,
  .F.,(2,2),(0.,0.63),.PIECEWISE_BEZIER_KNOTS.);
#4567 = CARTESIAN_POINT('',(-14.66,17.37,5.));
#4568 = CARTESIAN_POINT('',(-14.66,16.74,5.));
#4569 = VECTOR('',#4570,1.);
#4570 = DIRECTION('',(0.,0.,1.));
#4571 = ADVANCED_FACE('',(#4572),#4589,.F.);
#4572 = FACE_BOUND('',#4573,.F.);
#4573 = EDGE_LOOP('',(#4574,#4575,#4582,#4588));
#4574 = ORIENTED_EDGE('',*,*,#4559,.T.);
#4575 = ORIENTED_EDGE('',*,*,#4576,.T.);
#4576 = EDGE_CURVE('',#4553,#4577,#4579,.T.);
#4577 = VERTEX_POINT('',#4578);
#4578 = CARTESIAN_POINT('',(-14.71,16.64,4.8));
#4579 = B_SPLINE_CURVE_WITH_KNOTS('',1,(#4580,#4581),.UNSPECIFIED.,.F.,
  .F.,(2,2),(0.,0.111803398875),.PIECEWISE_BEZIER_KNOTS.);
#4580 = CARTESIAN_POINT('',(-14.66,16.74,4.8));
#4581 = CARTESIAN_POINT('',(-14.71,16.64,4.8));
#4582 = ORIENTED_EDGE('',*,*,#4583,.F.);
#4583 = EDGE_CURVE('',#1295,#4577,#4584,.T.);
#4584 = LINE('',#4585,#4586);
#4585 = CARTESIAN_POINT('',(-14.71,16.64,5.));
#4586 = VECTOR('',#4587,1.);
#4587 = DIRECTION('',(-0.,-0.,-1.));
#4588 = ORIENTED_EDGE('',*,*,#1301,.F.);
#4589 = SURFACE_OF_LINEAR_EXTRUSION('',#4590,#4593);
#4590 = B_SPLINE_CURVE_WITH_KNOTS('',1,(#4591,#4592),.UNSPECIFIED.,.F.,
  .F.,(2,2),(0.,0.111803398875),.PIECEWISE_BEZIER_KNOTS.);
#4591 = CARTESIAN_POINT('',(-14.66,16.74,5.));
#4592 = CARTESIAN_POINT('',(-14.71,16.64,5.));
#4593 = VECTOR('',#4594,1.);
#4594 = DIRECTION('',(0.,0.,1.));
#4595 = ADVANCED_FACE('',(#4596),#4613,.F.);
#4596 = FACE_BOUND('',#4597,.F.);
#4597 = EDGE_LOOP('',(#4598,#4599,#4606,#4612));
#4598 = ORIENTED_EDGE('',*,*,#4583,.T.);
#4599 = ORIENTED_EDGE('',*,*,#4600,.T.);
#4600 = EDGE_CURVE('',#4577,#4601,#4603,.T.);
#4601 = VERTEX_POINT('',#4602);
#4602 = CARTESIAN_POINT('',(-15.85,15.33,4.8));
#4603 = B_SPLINE_CURVE_WITH_KNOTS('',1,(#4604,#4605),.UNSPECIFIED.,.F.,
  .F.,(2,2),(0.,1.736577093019),.PIECEWISE_BEZIER_KNOTS.);
#4604 = CARTESIAN_POINT('',(-14.71,16.64,4.8));
#4605 = CARTESIAN_POINT('',(-15.85,15.33,4.8));
#4606 = ORIENTED_EDGE('',*,*,#4607,.F.);
#4607 = EDGE_CURVE('',#1288,#4601,#4608,.T.);
#4608 = LINE('',#4609,#4610);
#4609 = CARTESIAN_POINT('',(-15.85,15.33,5.));
#4610 = VECTOR('',#4611,1.);
#4611 = DIRECTION('',(-0.,-0.,-1.));
#4612 = ORIENTED_EDGE('',*,*,#1294,.F.);
#4613 = SURFACE_OF_LINEAR_EXTRUSION('',#4614,#4617);
#4614 = B_SPLINE_CURVE_WITH_KNOTS('',1,(#4615,#4616),.UNSPECIFIED.,.F.,
  .F.,(2,2),(0.,1.736577093019),.PIECEWISE_BEZIER_KNOTS.);
#4615 = CARTESIAN_POINT('',(-14.71,16.64,5.));
#4616 = CARTESIAN_POINT('',(-15.85,15.33,5.));
#4617 = VECTOR('',#4618,1.);
#4618 = DIRECTION('',(0.,0.,1.));
#4619 = ADVANCED_FACE('',(#4620),#4637,.F.);
#4620 = FACE_BOUND('',#4621,.F.);
#4621 = EDGE_LOOP('',(#4622,#4623,#4630,#4636));
#4622 = ORIENTED_EDGE('',*,*,#4607,.T.);
#4623 = ORIENTED_EDGE('',*,*,#4624,.T.);
#4624 = EDGE_CURVE('',#4601,#4625,#4627,.T.);
#4625 = VERTEX_POINT('',#4626);
#4626 = CARTESIAN_POINT('',(-15.85,14.63,4.8));
#4627 = B_SPLINE_CURVE_WITH_KNOTS('',1,(#4628,#4629),.UNSPECIFIED.,.F.,
  .F.,(2,2),(0.,0.7),.PIECEWISE_BEZIER_KNOTS.);
#4628 = CARTESIAN_POINT('',(-15.85,15.33,4.8));
#4629 = CARTESIAN_POINT('',(-15.85,14.63,4.8));
#4630 = ORIENTED_EDGE('',*,*,#4631,.F.);
#4631 = EDGE_CURVE('',#1281,#4625,#4632,.T.);
#4632 = LINE('',#4633,#4634);
#4633 = CARTESIAN_POINT('',(-15.85,14.63,5.));
#4634 = VECTOR('',#4635,1.);
#4635 = DIRECTION('',(-0.,-0.,-1.));
#4636 = ORIENTED_EDGE('',*,*,#1287,.F.);
#4637 = SURFACE_OF_LINEAR_EXTRUSION('',#4638,#4641);
#4638 = B_SPLINE_CURVE_WITH_KNOTS('',1,(#4639,#4640),.UNSPECIFIED.,.F.,
  .F.,(2,2),(0.,0.7),.PIECEWISE_BEZIER_KNOTS.);
#4639 = CARTESIAN_POINT('',(-15.85,15.33,5.));
#4640 = CARTESIAN_POINT('',(-15.85,14.63,5.));
#4641 = VECTOR('',#4642,1.);
#4642 = DIRECTION('',(0.,0.,1.));
#4643 = ADVANCED_FACE('',(#4644),#4661,.F.);
#4644 = FACE_BOUND('',#4645,.F.);
#4645 = EDGE_LOOP('',(#4646,#4647,#4654,#4660));
#4646 = ORIENTED_EDGE('',*,*,#4631,.T.);
#4647 = ORIENTED_EDGE('',*,*,#4648,.T.);
#4648 = EDGE_CURVE('',#4625,#4649,#4651,.T.);
#4649 = VERTEX_POINT('',#4650);
#4650 = CARTESIAN_POINT('',(-15.21,14.92,4.8));
#4651 = B_SPLINE_CURVE_WITH_KNOTS('',1,(#4652,#4653),.UNSPECIFIED.,.F.,
  .F.,(2,2),(0.,0.702637886824),.PIECEWISE_BEZIER_KNOTS.);
#4652 = CARTESIAN_POINT('',(-15.85,14.63,4.8));
#4653 = CARTESIAN_POINT('',(-15.21,14.92,4.8));
#4654 = ORIENTED_EDGE('',*,*,#4655,.F.);
#4655 = EDGE_CURVE('',#1274,#4649,#4656,.T.);
#4656 = LINE('',#4657,#4658);
#4657 = CARTESIAN_POINT('',(-15.21,14.92,5.));
#4658 = VECTOR('',#4659,1.);
#4659 = DIRECTION('',(-0.,-0.,-1.));
#4660 = ORIENTED_EDGE('',*,*,#1280,.F.);
#4661 = SURFACE_OF_LINEAR_EXTRUSION('',#4662,#4665);
#4662 = B_SPLINE_CURVE_WITH_KNOTS('',1,(#4663,#4664),.UNSPECIFIED.,.F.,
  .F.,(2,2),(0.,0.702637886824),.PIECEWISE_BEZIER_KNOTS.);
#4663 = CARTESIAN_POINT('',(-15.85,14.63,5.));
#4664 = CARTESIAN_POINT('',(-15.21,14.92,5.));
#4665 = VECTOR('',#4666,1.);
#4666 = DIRECTION('',(0.,0.,1.));
#4667 = ADVANCED_FACE('',(#4668),#4685,.F.);
#4668 = FACE_BOUND('',#4669,.F.);
#4669 = EDGE_LOOP('',(#4670,#4671,#4678,#4684));
#4670 = ORIENTED_EDGE('',*,*,#4655,.T.);
#4671 = ORIENTED_EDGE('',*,*,#4672,.T.);
#4672 = EDGE_CURVE('',#4649,#4673,#4675,.T.);
#4673 = VERTEX_POINT('',#4674);
#4674 = CARTESIAN_POINT('',(-13.88,15.4,4.8));
#4675 = B_SPLINE_CURVE_WITH_KNOTS('',1,(#4676,#4677),.UNSPECIFIED.,.F.,
  .F.,(2,2),(0.,1.413966053341),.PIECEWISE_BEZIER_KNOTS.);
#4676 = CARTESIAN_POINT('',(-15.21,14.92,4.8));
#4677 = CARTESIAN_POINT('',(-13.88,15.4,4.8));
#4678 = ORIENTED_EDGE('',*,*,#4679,.F.);
#4679 = EDGE_CURVE('',#1267,#4673,#4680,.T.);
#4680 = LINE('',#4681,#4682);
#4681 = CARTESIAN_POINT('',(-13.88,15.4,5.));
#4682 = VECTOR('',#4683,1.);
#4683 = DIRECTION('',(-0.,-0.,-1.));
#4684 = ORIENTED_EDGE('',*,*,#1273,.F.);
#4685 = SURFACE_OF_LINEAR_EXTRUSION('',#4686,#4689);
#4686 = B_SPLINE_CURVE_WITH_KNOTS('',1,(#4687,#4688),.UNSPECIFIED.,.F.,
  .F.,(2,2),(0.,1.413966053341),.PIECEWISE_BEZIER_KNOTS.);
#4687 = CARTESIAN_POINT('',(-15.21,14.92,5.));
#4688 = CARTESIAN_POINT('',(-13.88,15.4,5.));
#4689 = VECTOR('',#4690,1.);
#4690 = DIRECTION('',(0.,0.,1.));
#4691 = ADVANCED_FACE('',(#4692),#4709,.F.);
#4692 = FACE_BOUND('',#4693,.F.);
#4693 = EDGE_LOOP('',(#4694,#4695,#4702,#4708));
#4694 = ORIENTED_EDGE('',*,*,#4679,.T.);
#4695 = ORIENTED_EDGE('',*,*,#4696,.T.);
#4696 = EDGE_CURVE('',#4673,#4697,#4699,.T.);
#4697 = VERTEX_POINT('',#4698);
#4698 = CARTESIAN_POINT('',(-13.55,15.56,4.8));
#4699 = B_SPLINE_CURVE_WITH_KNOTS('',1,(#4700,#4701),.UNSPECIFIED.,.F.,
  .F.,(2,2),(0.,0.366742416418),.PIECEWISE_BEZIER_KNOTS.);
#4700 = CARTESIAN_POINT('',(-13.88,15.4,4.8));
#4701 = CARTESIAN_POINT('',(-13.55,15.56,4.8));
#4702 = ORIENTED_EDGE('',*,*,#4703,.F.);
#4703 = EDGE_CURVE('',#1260,#4697,#4704,.T.);
#4704 = LINE('',#4705,#4706);
#4705 = CARTESIAN_POINT('',(-13.55,15.56,5.));
#4706 = VECTOR('',#4707,1.);
#4707 = DIRECTION('',(-0.,-0.,-1.));
#4708 = ORIENTED_EDGE('',*,*,#1266,.F.);
#4709 = SURFACE_OF_LINEAR_EXTRUSION('',#4710,#4713);
#4710 = B_SPLINE_CURVE_WITH_KNOTS('',1,(#4711,#4712),.UNSPECIFIED.,.F.,
  .F.,(2,2),(0.,0.366742416418),.PIECEWISE_BEZIER_KNOTS.);
#4711 = CARTESIAN_POINT('',(-13.88,15.4,5.));
#4712 = CARTESIAN_POINT('',(-13.55,15.56,5.));
#4713 = VECTOR('',#4714,1.);
#4714 = DIRECTION('',(0.,0.,1.));
#4715 = ADVANCED_FACE('',(#4716),#4733,.F.);
#4716 = FACE_BOUND('',#4717,.F.);
#4717 = EDGE_LOOP('',(#4718,#4719,#4726,#4732));
#4718 = ORIENTED_EDGE('',*,*,#4703,.T.);
#4719 = ORIENTED_EDGE('',*,*,#4720,.T.);
#4720 = EDGE_CURVE('',#4697,#4721,#4723,.T.);
#4721 = VERTEX_POINT('',#4722);
#4722 = CARTESIAN_POINT('',(-12.93,15.8,4.8));
#4723 = B_SPLINE_CURVE_WITH_KNOTS('',1,(#4724,#4725),.UNSPECIFIED.,.F.,
  .F.,(2,2),(0.,0.664830805544),.PIECEWISE_BEZIER_KNOTS.);
#4724 = CARTESIAN_POINT('',(-13.55,15.56,4.8));
#4725 = CARTESIAN_POINT('',(-12.93,15.8,4.8));
#4726 = ORIENTED_EDGE('',*,*,#4727,.F.);
#4727 = EDGE_CURVE('',#1253,#4721,#4728,.T.);
#4728 = LINE('',#4729,#4730);
#4729 = CARTESIAN_POINT('',(-12.93,15.8,5.));
#4730 = VECTOR('',#4731,1.);
#4731 = DIRECTION('',(-0.,-0.,-1.));
#4732 = ORIENTED_EDGE('',*,*,#1259,.F.);
#4733 = SURFACE_OF_LINEAR_EXTRUSION('',#4734,#4737);
#4734 = B_SPLINE_CURVE_WITH_KNOTS('',1,(#4735,#4736),.UNSPECIFIED.,.F.,
  .F.,(2,2),(0.,0.664830805544),.PIECEWISE_BEZIER_KNOTS.);
#4735 = CARTESIAN_POINT('',(-13.55,15.56,5.));
#4736 = CARTESIAN_POINT('',(-12.93,15.8,5.));
#4737 = VECTOR('',#4738,1.);
#4738 = DIRECTION('',(0.,0.,1.));
#4739 = ADVANCED_FACE('',(#4740),#4757,.F.);
#4740 = FACE_BOUND('',#4741,.F.);
#4741 = EDGE_LOOP('',(#4742,#4743,#4750,#4756));
#4742 = ORIENTED_EDGE('',*,*,#4727,.T.);
#4743 = ORIENTED_EDGE('',*,*,#4744,.T.);
#4744 = EDGE_CURVE('',#4721,#4745,#4747,.T.);
#4745 = VERTEX_POINT('',#4746);
#4746 = CARTESIAN_POINT('',(-12.31,16.01,4.8));
#4747 = B_SPLINE_CURVE_WITH_KNOTS('',1,(#4748,#4749),.UNSPECIFIED.,.F.,
  .F.,(2,2),(0.,0.654599113962),.PIECEWISE_BEZIER_KNOTS.);
#4748 = CARTESIAN_POINT('',(-12.93,15.8,4.8));
#4749 = CARTESIAN_POINT('',(-12.31,16.01,4.8));
#4750 = ORIENTED_EDGE('',*,*,#4751,.F.);
#4751 = EDGE_CURVE('',#1246,#4745,#4752,.T.);
#4752 = LINE('',#4753,#4754);
#4753 = CARTESIAN_POINT('',(-12.31,16.01,5.));
#4754 = VECTOR('',#4755,1.);
#4755 = DIRECTION('',(-0.,-0.,-1.));
#4756 = ORIENTED_EDGE('',*,*,#1252,.F.);
#4757 = SURFACE_OF_LINEAR_EXTRUSION('',#4758,#4761);
#4758 = B_SPLINE_CURVE_WITH_KNOTS('',1,(#4759,#4760),.UNSPECIFIED.,.F.,
  .F.,(2,2),(0.,0.654599113962),.PIECEWISE_BEZIER_KNOTS.);
#4759 = CARTESIAN_POINT('',(-12.93,15.8,5.));
#4760 = CARTESIAN_POINT('',(-12.31,16.01,5.));
#4761 = VECTOR('',#4762,1.);
#4762 = DIRECTION('',(0.,0.,1.));
#4763 = ADVANCED_FACE('',(#4764),#4781,.F.);
#4764 = FACE_BOUND('',#4765,.F.);
#4765 = EDGE_LOOP('',(#4766,#4767,#4774,#4780));
#4766 = ORIENTED_EDGE('',*,*,#4751,.T.);
#4767 = ORIENTED_EDGE('',*,*,#4768,.T.);
#4768 = EDGE_CURVE('',#4745,#4769,#4771,.T.);
#4769 = VERTEX_POINT('',#4770);
#4770 = CARTESIAN_POINT('',(-12.24,17.41,4.8));
#4771 = B_SPLINE_CURVE_WITH_KNOTS('',1,(#4772,#4773),.UNSPECIFIED.,.F.,
  .F.,(2,2),(0.,1.401748907615),.PIECEWISE_BEZIER_KNOTS.);
#4772 = CARTESIAN_POINT('',(-12.31,16.01,4.8));
#4773 = CARTESIAN_POINT('',(-12.24,17.41,4.8));
#4774 = ORIENTED_EDGE('',*,*,#4775,.F.);
#4775 = EDGE_CURVE('',#1239,#4769,#4776,.T.);
#4776 = LINE('',#4777,#4778);
#4777 = CARTESIAN_POINT('',(-12.24,17.41,5.));
#4778 = VECTOR('',#4779,1.);
#4779 = DIRECTION('',(-0.,-0.,-1.));
#4780 = ORIENTED_EDGE('',*,*,#1245,.F.);
#4781 = SURFACE_OF_LINEAR_EXTRUSION('',#4782,#4785);
#4782 = B_SPLINE_CURVE_WITH_KNOTS('',1,(#4783,#4784),.UNSPECIFIED.,.F.,
  .F.,(2,2),(0.,1.401748907615),.PIECEWISE_BEZIER_KNOTS.);
#4783 = CARTESIAN_POINT('',(-12.31,16.01,5.));
#4784 = CARTESIAN_POINT('',(-12.24,17.41,5.));
#4785 = VECTOR('',#4786,1.);
#4786 = DIRECTION('',(0.,0.,1.));
#4787 = ADVANCED_FACE('',(#4788),#4805,.F.);
#4788 = FACE_BOUND('',#4789,.F.);
#4789 = EDGE_LOOP('',(#4790,#4791,#4798,#4804));
#4790 = ORIENTED_EDGE('',*,*,#4775,.T.);
#4791 = ORIENTED_EDGE('',*,*,#4792,.T.);
#4792 = EDGE_CURVE('',#4769,#4793,#4795,.T.);
#4793 = VERTEX_POINT('',#4794);
#4794 = CARTESIAN_POINT('',(-10.58,17.41,4.8));
#4795 = B_SPLINE_CURVE_WITH_KNOTS('',1,(#4796,#4797),.UNSPECIFIED.,.F.,
  .F.,(2,2),(0.,1.66),.PIECEWISE_BEZIER_KNOTS.);
#4796 = CARTESIAN_POINT('',(-12.24,17.41,4.8));
#4797 = CARTESIAN_POINT('',(-10.58,17.41,4.8));
#4798 = ORIENTED_EDGE('',*,*,#4799,.F.);
#4799 = EDGE_CURVE('',#1232,#4793,#4800,.T.);
#4800 = LINE('',#4801,#4802);
#4801 = CARTESIAN_POINT('',(-10.58,17.41,5.));
#4802 = VECTOR('',#4803,1.);
#4803 = DIRECTION('',(-0.,-0.,-1.));
#4804 = ORIENTED_EDGE('',*,*,#1238,.F.);
#4805 = SURFACE_OF_LINEAR_EXTRUSION('',#4806,#4809);
#4806 = B_SPLINE_CURVE_WITH_KNOTS('',1,(#4807,#4808),.UNSPECIFIED.,.F.,
  .F.,(2,2),(0.,1.66),.PIECEWISE_BEZIER_KNOTS.);
#4807 = CARTESIAN_POINT('',(-12.24,17.41,5.));
#4808 = CARTESIAN_POINT('',(-10.58,17.41,5.));
#4809 = VECTOR('',#4810,1.);
#4810 = DIRECTION('',(0.,0.,1.));
#4811 = ADVANCED_FACE('',(#4812),#4829,.F.);
#4812 = FACE_BOUND('',#4813,.F.);
#4813 = EDGE_LOOP('',(#4814,#4815,#4822,#4828));
#4814 = ORIENTED_EDGE('',*,*,#4799,.T.);
#4815 = ORIENTED_EDGE('',*,*,#4816,.T.);
#4816 = EDGE_CURVE('',#4793,#4817,#4819,.T.);
#4817 = VERTEX_POINT('',#4818);
#4818 = CARTESIAN_POINT('',(-10.58,19.12,4.8));
#4819 = B_SPLINE_CURVE_WITH_KNOTS('',1,(#4820,#4821),.UNSPECIFIED.,.F.,
  .F.,(2,2),(0.,1.71),.PIECEWISE_BEZIER_KNOTS.);
#4820 = CARTESIAN_POINT('',(-10.58,17.41,4.8));
#4821 = CARTESIAN_POINT('',(-10.58,19.12,4.8));
#4822 = ORIENTED_EDGE('',*,*,#4823,.F.);
#4823 = EDGE_CURVE('',#1225,#4817,#4824,.T.);
#4824 = LINE('',#4825,#4826);
#4825 = CARTESIAN_POINT('',(-10.58,19.12,5.));
#4826 = VECTOR('',#4827,1.);
#4827 = DIRECTION('',(-0.,-0.,-1.));
#4828 = ORIENTED_EDGE('',*,*,#1231,.F.);
#4829 = SURFACE_OF_LINEAR_EXTRUSION('',#4830,#4833);
#4830 = B_SPLINE_CURVE_WITH_KNOTS('',1,(#4831,#4832),.UNSPECIFIED.,.F.,
  .F.,(2,2),(0.,1.71),.PIECEWISE_BEZIER_KNOTS.);
#4831 = CARTESIAN_POINT('',(-10.58,17.41,5.));
#4832 = CARTESIAN_POINT('',(-10.58,19.12,5.));
#4833 = VECTOR('',#4834,1.);
#4834 = DIRECTION('',(0.,0.,1.));
#4835 = ADVANCED_FACE('',(#4836),#4853,.F.);
#4836 = FACE_BOUND('',#4837,.F.);
#4837 = EDGE_LOOP('',(#4838,#4839,#4846,#4852));
#4838 = ORIENTED_EDGE('',*,*,#4823,.T.);
#4839 = ORIENTED_EDGE('',*,*,#4840,.T.);
#4840 = EDGE_CURVE('',#4817,#4841,#4843,.T.);
#4841 = VERTEX_POINT('',#4842);
#4842 = CARTESIAN_POINT('',(-12.28,19.15,4.8));
#4843 = B_SPLINE_CURVE_WITH_KNOTS('',1,(#4844,#4845),.UNSPECIFIED.,.F.,
  .F.,(2,2),(0.,1.700264685277),.PIECEWISE_BEZIER_KNOTS.);
#4844 = CARTESIAN_POINT('',(-10.58,19.12,4.8));
#4845 = CARTESIAN_POINT('',(-12.28,19.15,4.8));
#4846 = ORIENTED_EDGE('',*,*,#4847,.F.);
#4847 = EDGE_CURVE('',#1218,#4841,#4848,.T.);
#4848 = LINE('',#4849,#4850);
#4849 = CARTESIAN_POINT('',(-12.28,19.15,5.));
#4850 = VECTOR('',#4851,1.);
#4851 = DIRECTION('',(-0.,-0.,-1.));
#4852 = ORIENTED_EDGE('',*,*,#1224,.F.);
#4853 = SURFACE_OF_LINEAR_EXTRUSION('',#4854,#4857);
#4854 = B_SPLINE_CURVE_WITH_KNOTS('',1,(#4855,#4856),.UNSPECIFIED.,.F.,
  .F.,(2,2),(0.,1.700264685277),.PIECEWISE_BEZIER_KNOTS.);
#4855 = CARTESIAN_POINT('',(-10.58,19.12,5.));
#4856 = CARTESIAN_POINT('',(-12.28,19.15,5.));
#4857 = VECTOR('',#4858,1.);
#4858 = DIRECTION('',(0.,0.,1.));
#4859 = ADVANCED_FACE('',(#4860),#4877,.F.);
#4860 = FACE_BOUND('',#4861,.F.);
#4861 = EDGE_LOOP('',(#4862,#4863,#4870,#4876));
#4862 = ORIENTED_EDGE('',*,*,#4847,.T.);
#4863 = ORIENTED_EDGE('',*,*,#4864,.T.);
#4864 = EDGE_CURVE('',#4841,#4865,#4867,.T.);
#4865 = VERTEX_POINT('',#4866);
#4866 = CARTESIAN_POINT('',(-12.28,23.63,4.8));
#4867 = B_SPLINE_CURVE_WITH_KNOTS('',1,(#4868,#4869),.UNSPECIFIED.,.F.,
  .F.,(2,2),(0.,4.48),.PIECEWISE_BEZIER_KNOTS.);
#4868 = CARTESIAN_POINT('',(-12.28,19.15,4.8));
#4869 = CARTESIAN_POINT('',(-12.28,23.63,4.8));
#4870 = ORIENTED_EDGE('',*,*,#4871,.F.);
#4871 = EDGE_CURVE('',#1211,#4865,#4872,.T.);
#4872 = LINE('',#4873,#4874);
#4873 = CARTESIAN_POINT('',(-12.28,23.63,5.));
#4874 = VECTOR('',#4875,1.);
#4875 = DIRECTION('',(-0.,-0.,-1.));
#4876 = ORIENTED_EDGE('',*,*,#1217,.F.);
#4877 = SURFACE_OF_LINEAR_EXTRUSION('',#4878,#4881);
#4878 = B_SPLINE_CURVE_WITH_KNOTS('',1,(#4879,#4880),.UNSPECIFIED.,.F.,
  .F.,(2,2),(0.,4.48),.PIECEWISE_BEZIER_KNOTS.);
#4879 = CARTESIAN_POINT('',(-12.28,19.15,5.));
#4880 = CARTESIAN_POINT('',(-12.28,23.63,5.));
#4881 = VECTOR('',#4882,1.);
#4882 = DIRECTION('',(0.,0.,1.));
#4883 = ADVANCED_FACE('',(#4884),#4901,.F.);
#4884 = FACE_BOUND('',#4885,.F.);
#4885 = EDGE_LOOP('',(#4886,#4887,#4894,#4900));
#4886 = ORIENTED_EDGE('',*,*,#4871,.T.);
#4887 = ORIENTED_EDGE('',*,*,#4888,.T.);
#4888 = EDGE_CURVE('',#4865,#4889,#4891,.T.);
#4889 = VERTEX_POINT('',#4890);
#4890 = CARTESIAN_POINT('',(-12.44,24.21,4.8));
#4891 = B_SPLINE_CURVE_WITH_KNOTS('',1,(#4892,#4893),.UNSPECIFIED.,.F.,
  .F.,(2,2),(0.,0.60166435826),.PIECEWISE_BEZIER_KNOTS.);
#4892 = CARTESIAN_POINT('',(-12.28,23.63,4.8));
#4893 = CARTESIAN_POINT('',(-12.44,24.21,4.8));
#4894 = ORIENTED_EDGE('',*,*,#4895,.F.);
#4895 = EDGE_CURVE('',#1204,#4889,#4896,.T.);
#4896 = LINE('',#4897,#4898);
#4897 = CARTESIAN_POINT('',(-12.44,24.21,5.));
#4898 = VECTOR('',#4899,1.);
#4899 = DIRECTION('',(-0.,-0.,-1.));
#4900 = ORIENTED_EDGE('',*,*,#1210,.F.);
#4901 = SURFACE_OF_LINEAR_EXTRUSION('',#4902,#4905);
#4902 = B_SPLINE_CURVE_WITH_KNOTS('',1,(#4903,#4904),.UNSPECIFIED.,.F.,
  .F.,(2,2),(0.,0.60166435826),.PIECEWISE_BEZIER_KNOTS.);
#4903 = CARTESIAN_POINT('',(-12.28,23.63,5.));
#4904 = CARTESIAN_POINT('',(-12.44,24.21,5.));
#4905 = VECTOR('',#4906,1.);
#4906 = DIRECTION('',(0.,0.,1.));
#4907 = ADVANCED_FACE('',(#4908),#4925,.F.);
#4908 = FACE_BOUND('',#4909,.F.);
#4909 = EDGE_LOOP('',(#4910,#4911,#4918,#4924));
#4910 = ORIENTED_EDGE('',*,*,#4895,.T.);
#4911 = ORIENTED_EDGE('',*,*,#4912,.T.);
#4912 = EDGE_CURVE('',#4889,#4913,#4915,.T.);
#4913 = VERTEX_POINT('',#4914);
#4914 = CARTESIAN_POINT('',(-12.64,24.57,4.8));
#4915 = B_SPLINE_CURVE_WITH_KNOTS('',1,(#4916,#4917),.UNSPECIFIED.,.F.,
  .F.,(2,2),(0.,0.411825205639),.PIECEWISE_BEZIER_KNOTS.);
#4916 = CARTESIAN_POINT('',(-12.44,24.21,4.8));
#4917 = CARTESIAN_POINT('',(-12.64,24.57,4.8));
#4918 = ORIENTED_EDGE('',*,*,#4919,.F.);
#4919 = EDGE_CURVE('',#1197,#4913,#4920,.T.);
#4920 = LINE('',#4921,#4922);
#4921 = CARTESIAN_POINT('',(-12.64,24.57,5.));
#4922 = VECTOR('',#4923,1.);
#4923 = DIRECTION('',(-0.,-0.,-1.));
#4924 = ORIENTED_EDGE('',*,*,#1203,.F.);
#4925 = SURFACE_OF_LINEAR_EXTRUSION('',#4926,#4929);
#4926 = B_SPLINE_CURVE_WITH_KNOTS('',1,(#4927,#4928),.UNSPECIFIED.,.F.,
  .F.,(2,2),(0.,0.411825205639),.PIECEWISE_BEZIER_KNOTS.);
#4927 = CARTESIAN_POINT('',(-12.44,24.21,5.));
#4928 = CARTESIAN_POINT('',(-12.64,24.57,5.));
#4929 = VECTOR('',#4930,1.);
#4930 = DIRECTION('',(0.,0.,1.));
#4931 = ADVANCED_FACE('',(#4932),#4949,.F.);
#4932 = FACE_BOUND('',#4933,.F.);
#4933 = EDGE_LOOP('',(#4934,#4935,#4942,#4948));
#4934 = ORIENTED_EDGE('',*,*,#4919,.T.);
#4935 = ORIENTED_EDGE('',*,*,#4936,.T.);
#4936 = EDGE_CURVE('',#4913,#4937,#4939,.T.);
#4937 = VERTEX_POINT('',#4938);
#4938 = CARTESIAN_POINT('',(-12.89,24.86,4.8));
#4939 = B_SPLINE_CURVE_WITH_KNOTS('',1,(#4940,#4941),.UNSPECIFIED.,.F.,
  .F.,(2,2),(0.,0.382883794382),.PIECEWISE_BEZIER_KNOTS.);
#4940 = CARTESIAN_POINT('',(-12.64,24.57,4.8));
#4941 = CARTESIAN_POINT('',(-12.89,24.86,4.8));
#4942 = ORIENTED_EDGE('',*,*,#4943,.F.);
#4943 = EDGE_CURVE('',#1190,#4937,#4944,.T.);
#4944 = LINE('',#4945,#4946);
#4945 = CARTESIAN_POINT('',(-12.89,24.86,5.));
#4946 = VECTOR('',#4947,1.);
#4947 = DIRECTION('',(-0.,-0.,-1.));
#4948 = ORIENTED_EDGE('',*,*,#1196,.F.);
#4949 = SURFACE_OF_LINEAR_EXTRUSION('',#4950,#4953);
#4950 = B_SPLINE_CURVE_WITH_KNOTS('',1,(#4951,#4952),.UNSPECIFIED.,.F.,
  .F.,(2,2),(0.,0.382883794382),.PIECEWISE_BEZIER_KNOTS.);
#4951 = CARTESIAN_POINT('',(-12.64,24.57,5.));
#4952 = CARTESIAN_POINT('',(-12.89,24.86,5.));
#4953 = VECTOR('',#4954,1.);
#4954 = DIRECTION('',(0.,0.,1.));
#4955 = ADVANCED_FACE('',(#4956),#4966,.F.);
#4956 = FACE_BOUND('',#4957,.F.);
#4957 = EDGE_LOOP('',(#4958,#4959,#4964,#4965));
#4958 = ORIENTED_EDGE('',*,*,#4943,.T.);
#4959 = ORIENTED_EDGE('',*,*,#4960,.T.);
#4960 = EDGE_CURVE('',#4937,#4185,#4961,.T.);
#4961 = B_SPLINE_CURVE_WITH_KNOTS('',1,(#4962,#4963),.UNSPECIFIED.,.F.,
  .F.,(2,2),(0.,3.E-02),.PIECEWISE_BEZIER_KNOTS.);
#4962 = CARTESIAN_POINT('',(-12.89,24.86,4.8));
#4963 = CARTESIAN_POINT('',(-12.89,24.89,4.8));
#4964 = ORIENTED_EDGE('',*,*,#4184,.F.);
#4965 = ORIENTED_EDGE('',*,*,#1189,.F.);
#4966 = SURFACE_OF_LINEAR_EXTRUSION('',#4967,#4970);
#4967 = B_SPLINE_CURVE_WITH_KNOTS('',1,(#4968,#4969),.UNSPECIFIED.,.F.,
  .F.,(2,2),(0.,3.E-02),.PIECEWISE_BEZIER_KNOTS.);
#4968 = CARTESIAN_POINT('',(-12.89,24.86,5.));
#4969 = CARTESIAN_POINT('',(-12.89,24.89,5.));
#4970 = VECTOR('',#4971,1.);
#4971 = DIRECTION('',(0.,0.,1.));
#4972 = ADVANCED_FACE('',(#4973),#4997,.F.);
#4973 = FACE_BOUND('',#4974,.F.);
#4974 = EDGE_LOOP('',(#4975,#4983,#4990,#4996));
#4975 = ORIENTED_EDGE('',*,*,#4976,.T.);
#4976 = EDGE_CURVE('',#1414,#4977,#4979,.T.);
#4977 = VERTEX_POINT('',#4978);
#4978 = CARTESIAN_POINT('',(1.09,19.08,4.8));
#4979 = LINE('',#4980,#4981);
#4980 = CARTESIAN_POINT('',(1.09,19.08,5.));
#4981 = VECTOR('',#4982,1.);
#4982 = DIRECTION('',(-0.,-0.,-1.));
#4983 = ORIENTED_EDGE('',*,*,#4984,.T.);
#4984 = EDGE_CURVE('',#4977,#4985,#4987,.T.);
#4985 = VERTEX_POINT('',#4986);
#4986 = CARTESIAN_POINT('',(1.16,19.11,4.8));
#4987 = B_SPLINE_CURVE_WITH_KNOTS('',1,(#4988,#4989),.UNSPECIFIED.,.F.,
  .F.,(2,2),(0.,7.615773105864E-02),.PIECEWISE_BEZIER_KNOTS.);
#4988 = CARTESIAN_POINT('',(1.09,19.08,4.8));
#4989 = CARTESIAN_POINT('',(1.16,19.11,4.8));
#4990 = ORIENTED_EDGE('',*,*,#4991,.F.);
#4991 = EDGE_CURVE('',#1416,#4985,#4992,.T.);
#4992 = LINE('',#4993,#4994);
#4993 = CARTESIAN_POINT('',(1.16,19.11,5.));
#4994 = VECTOR('',#4995,1.);
#4995 = DIRECTION('',(-0.,-0.,-1.));
#4996 = ORIENTED_EDGE('',*,*,#1413,.F.);
#4997 = SURFACE_OF_LINEAR_EXTRUSION('',#4998,#5001);
#4998 = B_SPLINE_CURVE_WITH_KNOTS('',1,(#4999,#5000),.UNSPECIFIED.,.F.,
  .F.,(2,2),(0.,7.615773105864E-02),.PIECEWISE_BEZIER_KNOTS.);
#4999 = CARTESIAN_POINT('',(1.09,19.08,5.));
#5000 = CARTESIAN_POINT('',(1.16,19.11,5.));
#5001 = VECTOR('',#5002,1.);
#5002 = DIRECTION('',(0.,0.,1.));
#5003 = ADVANCED_FACE('',(#5004),#5021,.F.);
#5004 = FACE_BOUND('',#5005,.F.);
#5005 = EDGE_LOOP('',(#5006,#5007,#5014,#5020));
#5006 = ORIENTED_EDGE('',*,*,#4991,.T.);
#5007 = ORIENTED_EDGE('',*,*,#5008,.T.);
#5008 = EDGE_CURVE('',#4985,#5009,#5011,.T.);
#5009 = VERTEX_POINT('',#5010);
#5010 = CARTESIAN_POINT('',(-6.68,19.11,4.8));
#5011 = B_SPLINE_CURVE_WITH_KNOTS('',1,(#5012,#5013),.UNSPECIFIED.,.F.,
  .F.,(2,2),(0.,7.84),.PIECEWISE_BEZIER_KNOTS.);
#5012 = CARTESIAN_POINT('',(1.16,19.11,4.8));
#5013 = CARTESIAN_POINT('',(-6.68,19.11,4.8));
#5014 = ORIENTED_EDGE('',*,*,#5015,.F.);
#5015 = EDGE_CURVE('',#1710,#5009,#5016,.T.);
#5016 = LINE('',#5017,#5018);
#5017 = CARTESIAN_POINT('',(-6.68,19.11,5.));
#5018 = VECTOR('',#5019,1.);
#5019 = DIRECTION('',(-0.,-0.,-1.));
#5020 = ORIENTED_EDGE('',*,*,#1716,.F.);
#5021 = SURFACE_OF_LINEAR_EXTRUSION('',#5022,#5025);
#5022 = B_SPLINE_CURVE_WITH_KNOTS('',1,(#5023,#5024),.UNSPECIFIED.,.F.,
  .F.,(2,2),(0.,7.84),.PIECEWISE_BEZIER_KNOTS.);
#5023 = CARTESIAN_POINT('',(1.16,19.11,5.));
#5024 = CARTESIAN_POINT('',(-6.68,19.11,5.));
#5025 = VECTOR('',#5026,1.);
#5026 = DIRECTION('',(0.,0.,1.));
#5027 = ADVANCED_FACE('',(#5028),#5045,.F.);
#5028 = FACE_BOUND('',#5029,.F.);
#5029 = EDGE_LOOP('',(#5030,#5031,#5038,#5044));
#5030 = ORIENTED_EDGE('',*,*,#5015,.T.);
#5031 = ORIENTED_EDGE('',*,*,#5032,.T.);
#5032 = EDGE_CURVE('',#5009,#5033,#5035,.T.);
#5033 = VERTEX_POINT('',#5034);
#5034 = CARTESIAN_POINT('',(-6.99,19.23,4.8));
#5035 = B_SPLINE_CURVE_WITH_KNOTS('',1,(#5036,#5037),.UNSPECIFIED.,.F.,
  .F.,(2,2),(0.,0.332415402772),.PIECEWISE_BEZIER_KNOTS.);
#5036 = CARTESIAN_POINT('',(-6.68,19.11,4.8));
#5037 = CARTESIAN_POINT('',(-6.99,19.23,4.8));
#5038 = ORIENTED_EDGE('',*,*,#5039,.F.);
#5039 = EDGE_CURVE('',#1703,#5033,#5040,.T.);
#5040 = LINE('',#5041,#5042);
#5041 = CARTESIAN_POINT('',(-6.99,19.23,5.));
#5042 = VECTOR('',#5043,1.);
#5043 = DIRECTION('',(-0.,-0.,-1.));
#5044 = ORIENTED_EDGE('',*,*,#1709,.F.);
#5045 = SURFACE_OF_LINEAR_EXTRUSION('',#5046,#5049);
#5046 = B_SPLINE_CURVE_WITH_KNOTS('',1,(#5047,#5048),.UNSPECIFIED.,.F.,
  .F.,(2,2),(0.,0.332415402772),.PIECEWISE_BEZIER_KNOTS.);
#5047 = CARTESIAN_POINT('',(-6.68,19.11,5.));
#5048 = CARTESIAN_POINT('',(-6.99,19.23,5.));
#5049 = VECTOR('',#5050,1.);
#5050 = DIRECTION('',(0.,0.,1.));
#5051 = ADVANCED_FACE('',(#5052),#5069,.F.);
#5052 = FACE_BOUND('',#5053,.F.);
#5053 = EDGE_LOOP('',(#5054,#5055,#5062,#5068));
#5054 = ORIENTED_EDGE('',*,*,#5039,.T.);
#5055 = ORIENTED_EDGE('',*,*,#5056,.T.);
#5056 = EDGE_CURVE('',#5033,#5057,#5059,.T.);
#5057 = VERTEX_POINT('',#5058);
#5058 = CARTESIAN_POINT('',(-7.32,19.53,4.8));
#5059 = B_SPLINE_CURVE_WITH_KNOTS('',1,(#5060,#5061),.UNSPECIFIED.,.F.,
  .F.,(2,2),(0.,0.44598206242),.PIECEWISE_BEZIER_KNOTS.);
#5060 = CARTESIAN_POINT('',(-6.99,19.23,4.8));
#5061 = CARTESIAN_POINT('',(-7.32,19.53,4.8));
#5062 = ORIENTED_EDGE('',*,*,#5063,.F.);
#5063 = EDGE_CURVE('',#1696,#5057,#5064,.T.);
#5064 = LINE('',#5065,#5066);
#5065 = CARTESIAN_POINT('',(-7.32,19.53,5.));
#5066 = VECTOR('',#5067,1.);
#5067 = DIRECTION('',(-0.,-0.,-1.));
#5068 = ORIENTED_EDGE('',*,*,#1702,.F.);
#5069 = SURFACE_OF_LINEAR_EXTRUSION('',#5070,#5073);
#5070 = B_SPLINE_CURVE_WITH_KNOTS('',1,(#5071,#5072),.UNSPECIFIED.,.F.,
  .F.,(2,2),(0.,0.44598206242),.PIECEWISE_BEZIER_KNOTS.);
#5071 = CARTESIAN_POINT('',(-6.99,19.23,5.));
#5072 = CARTESIAN_POINT('',(-7.32,19.53,5.));
#5073 = VECTOR('',#5074,1.);
#5074 = DIRECTION('',(0.,0.,1.));
#5075 = ADVANCED_FACE('',(#5076),#5093,.F.);
#5076 = FACE_BOUND('',#5077,.F.);
#5077 = EDGE_LOOP('',(#5078,#5079,#5086,#5092));
#5078 = ORIENTED_EDGE('',*,*,#5063,.T.);
#5079 = ORIENTED_EDGE('',*,*,#5080,.T.);
#5080 = EDGE_CURVE('',#5057,#5081,#5083,.T.);
#5081 = VERTEX_POINT('',#5082);
#5082 = CARTESIAN_POINT('',(-7.48,19.8,4.8));
#5083 = B_SPLINE_CURVE_WITH_KNOTS('',1,(#5084,#5085),.UNSPECIFIED.,.F.,
  .F.,(2,2),(0.,0.31384709653),.PIECEWISE_BEZIER_KNOTS.);
#5084 = CARTESIAN_POINT('',(-7.32,19.53,4.8));
#5085 = CARTESIAN_POINT('',(-7.48,19.8,4.8));
#5086 = ORIENTED_EDGE('',*,*,#5087,.F.);
#5087 = EDGE_CURVE('',#1689,#5081,#5088,.T.);
#5088 = LINE('',#5089,#5090);
#5089 = CARTESIAN_POINT('',(-7.48,19.8,5.));
#5090 = VECTOR('',#5091,1.);
#5091 = DIRECTION('',(-0.,-0.,-1.));
#5092 = ORIENTED_EDGE('',*,*,#1695,.F.);
#5093 = SURFACE_OF_LINEAR_EXTRUSION('',#5094,#5097);
#5094 = B_SPLINE_CURVE_WITH_KNOTS('',1,(#5095,#5096),.UNSPECIFIED.,.F.,
  .F.,(2,2),(0.,0.31384709653),.PIECEWISE_BEZIER_KNOTS.);
#5095 = CARTESIAN_POINT('',(-7.32,19.53,5.));
#5096 = CARTESIAN_POINT('',(-7.48,19.8,5.));
#5097 = VECTOR('',#5098,1.);
#5098 = DIRECTION('',(0.,0.,1.));
#5099 = ADVANCED_FACE('',(#5100),#5117,.F.);
#5100 = FACE_BOUND('',#5101,.F.);
#5101 = EDGE_LOOP('',(#5102,#5103,#5110,#5116));
#5102 = ORIENTED_EDGE('',*,*,#5087,.T.);
#5103 = ORIENTED_EDGE('',*,*,#5104,.T.);
#5104 = EDGE_CURVE('',#5081,#5105,#5107,.T.);
#5105 = VERTEX_POINT('',#5106);
#5106 = CARTESIAN_POINT('',(-7.51,20.02,4.8));
#5107 = B_SPLINE_CURVE_WITH_KNOTS('',1,(#5108,#5109),.UNSPECIFIED.,.F.,
  .F.,(2,2),(0.,0.222036033112),.PIECEWISE_BEZIER_KNOTS.);
#5108 = CARTESIAN_POINT('',(-7.48,19.8,4.8));
#5109 = CARTESIAN_POINT('',(-7.51,20.02,4.8));
#5110 = ORIENTED_EDGE('',*,*,#5111,.F.);
#5111 = EDGE_CURVE('',#1682,#5105,#5112,.T.);
#5112 = LINE('',#5113,#5114);
#5113 = CARTESIAN_POINT('',(-7.51,20.02,5.));
#5114 = VECTOR('',#5115,1.);
#5115 = DIRECTION('',(-0.,-0.,-1.));
#5116 = ORIENTED_EDGE('',*,*,#1688,.F.);
#5117 = SURFACE_OF_LINEAR_EXTRUSION('',#5118,#5121);
#5118 = B_SPLINE_CURVE_WITH_KNOTS('',1,(#5119,#5120),.UNSPECIFIED.,.F.,
  .F.,(2,2),(0.,0.222036033112),.PIECEWISE_BEZIER_KNOTS.);
#5119 = CARTESIAN_POINT('',(-7.48,19.8,5.));
#5120 = CARTESIAN_POINT('',(-7.51,20.02,5.));
#5121 = VECTOR('',#5122,1.);
#5122 = DIRECTION('',(0.,0.,1.));
#5123 = ADVANCED_FACE('',(#5124),#5141,.F.);
#5124 = FACE_BOUND('',#5125,.F.);
#5125 = EDGE_LOOP('',(#5126,#5127,#5134,#5140));
#5126 = ORIENTED_EDGE('',*,*,#5111,.T.);
#5127 = ORIENTED_EDGE('',*,*,#5128,.T.);
#5128 = EDGE_CURVE('',#5105,#5129,#5131,.T.);
#5129 = VERTEX_POINT('',#5130);
#5130 = CARTESIAN_POINT('',(-7.51,24.,4.8));
#5131 = B_SPLINE_CURVE_WITH_KNOTS('',1,(#5132,#5133),.UNSPECIFIED.,.F.,
  .F.,(2,2),(0.,3.98),.PIECEWISE_BEZIER_KNOTS.);
#5132 = CARTESIAN_POINT('',(-7.51,20.02,4.8));
#5133 = CARTESIAN_POINT('',(-7.51,24.,4.8));
#5134 = ORIENTED_EDGE('',*,*,#5135,.F.);
#5135 = EDGE_CURVE('',#1675,#5129,#5136,.T.);
#5136 = LINE('',#5137,#5138);
#5137 = CARTESIAN_POINT('',(-7.51,24.,5.));
#5138 = VECTOR('',#5139,1.);
#5139 = DIRECTION('',(-0.,-0.,-1.));
#5140 = ORIENTED_EDGE('',*,*,#1681,.F.);
#5141 = SURFACE_OF_LINEAR_EXTRUSION('',#5142,#5145);
#5142 = B_SPLINE_CURVE_WITH_KNOTS('',1,(#5143,#5144),.UNSPECIFIED.,.F.,
  .F.,(2,2),(0.,3.98),.PIECEWISE_BEZIER_KNOTS.);
#5143 = CARTESIAN_POINT('',(-7.51,20.02,5.));
#5144 = CARTESIAN_POINT('',(-7.51,24.,5.));
#5145 = VECTOR('',#5146,1.);
#5146 = DIRECTION('',(0.,0.,1.));
#5147 = ADVANCED_FACE('',(#5148),#5165,.F.);
#5148 = FACE_BOUND('',#5149,.F.);
#5149 = EDGE_LOOP('',(#5150,#5151,#5158,#5164));
#5150 = ORIENTED_EDGE('',*,*,#5135,.T.);
#5151 = ORIENTED_EDGE('',*,*,#5152,.T.);
#5152 = EDGE_CURVE('',#5129,#5153,#5155,.T.);
#5153 = VERTEX_POINT('',#5154);
#5154 = CARTESIAN_POINT('',(-7.44,24.15,4.8));
#5155 = B_SPLINE_CURVE_WITH_KNOTS('',1,(#5156,#5157),.UNSPECIFIED.,.F.,
  .F.,(2,2),(0.,0.165529453572),.PIECEWISE_BEZIER_KNOTS.);
#5156 = CARTESIAN_POINT('',(-7.51,24.,4.8));
#5157 = CARTESIAN_POINT('',(-7.44,24.15,4.8));
#5158 = ORIENTED_EDGE('',*,*,#5159,.F.);
#5159 = EDGE_CURVE('',#1668,#5153,#5160,.T.);
#5160 = LINE('',#5161,#5162);
#5161 = CARTESIAN_POINT('',(-7.44,24.15,5.));
#5162 = VECTOR('',#5163,1.);
#5163 = DIRECTION('',(-0.,-0.,-1.));
#5164 = ORIENTED_EDGE('',*,*,#1674,.F.);
#5165 = SURFACE_OF_LINEAR_EXTRUSION('',#5166,#5169);
#5166 = B_SPLINE_CURVE_WITH_KNOTS('',1,(#5167,#5168),.UNSPECIFIED.,.F.,
  .F.,(2,2),(0.,0.165529453572),.PIECEWISE_BEZIER_KNOTS.);
#5167 = CARTESIAN_POINT('',(-7.51,24.,5.));
#5168 = CARTESIAN_POINT('',(-7.44,24.15,5.));
#5169 = VECTOR('',#5170,1.);
#5170 = DIRECTION('',(0.,0.,1.));
#5171 = ADVANCED_FACE('',(#5172),#5189,.F.);
#5172 = FACE_BOUND('',#5173,.F.);
#5173 = EDGE_LOOP('',(#5174,#5175,#5182,#5188));
#5174 = ORIENTED_EDGE('',*,*,#5159,.T.);
#5175 = ORIENTED_EDGE('',*,*,#5176,.T.);
#5176 = EDGE_CURVE('',#5153,#5177,#5179,.T.);
#5177 = VERTEX_POINT('',#5178);
#5178 = CARTESIAN_POINT('',(-0.79,24.18,4.8));
#5179 = B_SPLINE_CURVE_WITH_KNOTS('',1,(#5180,#5181),.UNSPECIFIED.,.F.,
  .F.,(2,2),(0.,6.650067668829),.PIECEWISE_BEZIER_KNOTS.);
#5180 = CARTESIAN_POINT('',(-7.44,24.15,4.8));
#5181 = CARTESIAN_POINT('',(-0.79,24.18,4.8));
#5182 = ORIENTED_EDGE('',*,*,#5183,.F.);
#5183 = EDGE_CURVE('',#1661,#5177,#5184,.T.);
#5184 = LINE('',#5185,#5186);
#5185 = CARTESIAN_POINT('',(-0.79,24.18,5.));
#5186 = VECTOR('',#5187,1.);
#5187 = DIRECTION('',(-0.,-0.,-1.));
#5188 = ORIENTED_EDGE('',*,*,#1667,.F.);
#5189 = SURFACE_OF_LINEAR_EXTRUSION('',#5190,#5193);
#5190 = B_SPLINE_CURVE_WITH_KNOTS('',1,(#5191,#5192),.UNSPECIFIED.,.F.,
  .F.,(2,2),(0.,6.650067668829),.PIECEWISE_BEZIER_KNOTS.);
#5191 = CARTESIAN_POINT('',(-7.44,24.15,5.));
#5192 = CARTESIAN_POINT('',(-0.79,24.18,5.));
#5193 = VECTOR('',#5194,1.);
#5194 = DIRECTION('',(0.,0.,1.));
#5195 = ADVANCED_FACE('',(#5196),#5213,.F.);
#5196 = FACE_BOUND('',#5197,.F.);
#5197 = EDGE_LOOP('',(#5198,#5199,#5206,#5212));
#5198 = ORIENTED_EDGE('',*,*,#5183,.T.);
#5199 = ORIENTED_EDGE('',*,*,#5200,.T.);
#5200 = EDGE_CURVE('',#5177,#5201,#5203,.T.);
#5201 = VERTEX_POINT('',#5202);
#5202 = CARTESIAN_POINT('',(-0.43,24.01,4.8));
#5203 = B_SPLINE_CURVE_WITH_KNOTS('',1,(#5204,#5205),.UNSPECIFIED.,.F.,
  .F.,(2,2),(0.,0.398120584748),.PIECEWISE_BEZIER_KNOTS.);
#5204 = CARTESIAN_POINT('',(-0.79,24.18,4.8));
#5205 = CARTESIAN_POINT('',(-0.43,24.01,4.8));
#5206 = ORIENTED_EDGE('',*,*,#5207,.F.);
#5207 = EDGE_CURVE('',#1654,#5201,#5208,.T.);
#5208 = LINE('',#5209,#5210);
#5209 = CARTESIAN_POINT('',(-0.43,24.01,5.));
#5210 = VECTOR('',#5211,1.);
#5211 = DIRECTION('',(-0.,-0.,-1.));
#5212 = ORIENTED_EDGE('',*,*,#1660,.F.);
#5213 = SURFACE_OF_LINEAR_EXTRUSION('',#5214,#5217);
#5214 = B_SPLINE_CURVE_WITH_KNOTS('',1,(#5215,#5216),.UNSPECIFIED.,.F.,
  .F.,(2,2),(0.,0.398120584748),.PIECEWISE_BEZIER_KNOTS.);
#5215 = CARTESIAN_POINT('',(-0.79,24.18,5.));
#5216 = CARTESIAN_POINT('',(-0.43,24.01,5.));
#5217 = VECTOR('',#5218,1.);
#5218 = DIRECTION('',(0.,0.,1.));
#5219 = ADVANCED_FACE('',(#5220),#5237,.F.);
#5220 = FACE_BOUND('',#5221,.F.);
#5221 = EDGE_LOOP('',(#5222,#5223,#5230,#5236));
#5222 = ORIENTED_EDGE('',*,*,#5207,.T.);
#5223 = ORIENTED_EDGE('',*,*,#5224,.T.);
#5224 = EDGE_CURVE('',#5201,#5225,#5227,.T.);
#5225 = VERTEX_POINT('',#5226);
#5226 = CARTESIAN_POINT('',(-0.25,23.79,4.8));
#5227 = B_SPLINE_CURVE_WITH_KNOTS('',1,(#5228,#5229),.UNSPECIFIED.,.F.,
  .F.,(2,2),(0.,0.284253408071),.PIECEWISE_BEZIER_KNOTS.);
#5228 = CARTESIAN_POINT('',(-0.43,24.01,4.8));
#5229 = CARTESIAN_POINT('',(-0.25,23.79,4.8));
#5230 = ORIENTED_EDGE('',*,*,#5231,.F.);
#5231 = EDGE_CURVE('',#1647,#5225,#5232,.T.);
#5232 = LINE('',#5233,#5234);
#5233 = CARTESIAN_POINT('',(-0.25,23.79,5.));
#5234 = VECTOR('',#5235,1.);
#5235 = DIRECTION('',(-0.,-0.,-1.));
#5236 = ORIENTED_EDGE('',*,*,#1653,.F.);
#5237 = SURFACE_OF_LINEAR_EXTRUSION('',#5238,#5241);
#5238 = B_SPLINE_CURVE_WITH_KNOTS('',1,(#5239,#5240),.UNSPECIFIED.,.F.,
  .F.,(2,2),(0.,0.284253408071),.PIECEWISE_BEZIER_KNOTS.);
#5239 = CARTESIAN_POINT('',(-0.43,24.01,5.));
#5240 = CARTESIAN_POINT('',(-0.25,23.79,5.));
#5241 = VECTOR('',#5242,1.);
#5242 = DIRECTION('',(0.,0.,1.));
#5243 = ADVANCED_FACE('',(#5244),#5261,.F.);
#5244 = FACE_BOUND('',#5245,.F.);
#5245 = EDGE_LOOP('',(#5246,#5247,#5254,#5260));
#5246 = ORIENTED_EDGE('',*,*,#5231,.T.);
#5247 = ORIENTED_EDGE('',*,*,#5248,.T.);
#5248 = EDGE_CURVE('',#5225,#5249,#5251,.T.);
#5249 = VERTEX_POINT('',#5250);
#5250 = CARTESIAN_POINT('',(-0.16,23.63,4.8));
#5251 = B_SPLINE_CURVE_WITH_KNOTS('',1,(#5252,#5253),.UNSPECIFIED.,.F.,
  .F.,(2,2),(0.,0.183575597507),.PIECEWISE_BEZIER_KNOTS.);
#5252 = CARTESIAN_POINT('',(-0.25,23.79,4.8));
#5253 = CARTESIAN_POINT('',(-0.16,23.63,4.8));
#5254 = ORIENTED_EDGE('',*,*,#5255,.F.);
#5255 = EDGE_CURVE('',#1640,#5249,#5256,.T.);
#5256 = LINE('',#5257,#5258);
#5257 = CARTESIAN_POINT('',(-0.16,23.63,5.));
#5258 = VECTOR('',#5259,1.);
#5259 = DIRECTION('',(-0.,-0.,-1.));
#5260 = ORIENTED_EDGE('',*,*,#1646,.F.);
#5261 = SURFACE_OF_LINEAR_EXTRUSION('',#5262,#5265);
#5262 = B_SPLINE_CURVE_WITH_KNOTS('',1,(#5263,#5264),.UNSPECIFIED.,.F.,
  .F.,(2,2),(0.,0.183575597507),.PIECEWISE_BEZIER_KNOTS.);
#5263 = CARTESIAN_POINT('',(-0.25,23.79,5.));
#5264 = CARTESIAN_POINT('',(-0.16,23.63,5.));
#5265 = VECTOR('',#5266,1.);
#5266 = DIRECTION('',(0.,0.,1.));
#5267 = ADVANCED_FACE('',(#5268),#5285,.F.);
#5268 = FACE_BOUND('',#5269,.F.);
#5269 = EDGE_LOOP('',(#5270,#5271,#5278,#5284));
#5270 = ORIENTED_EDGE('',*,*,#5255,.T.);
#5271 = ORIENTED_EDGE('',*,*,#5272,.T.);
#5272 = EDGE_CURVE('',#5249,#5273,#5275,.T.);
#5273 = VERTEX_POINT('',#5274);
#5274 = CARTESIAN_POINT('',(-0.16,22.63,4.8));
#5275 = B_SPLINE_CURVE_WITH_KNOTS('',1,(#5276,#5277),.UNSPECIFIED.,.F.,
  .F.,(2,2),(0.,1.),.PIECEWISE_BEZIER_KNOTS.);
#5276 = CARTESIAN_POINT('',(-0.16,23.63,4.8));
#5277 = CARTESIAN_POINT('',(-0.16,22.63,4.8));
#5278 = ORIENTED_EDGE('',*,*,#5279,.F.);
#5279 = EDGE_CURVE('',#1633,#5273,#5280,.T.);
#5280 = LINE('',#5281,#5282);
#5281 = CARTESIAN_POINT('',(-0.16,22.63,5.));
#5282 = VECTOR('',#5283,1.);
#5283 = DIRECTION('',(-0.,-0.,-1.));
#5284 = ORIENTED_EDGE('',*,*,#1639,.F.);
#5285 = SURFACE_OF_LINEAR_EXTRUSION('',#5286,#5289);
#5286 = B_SPLINE_CURVE_WITH_KNOTS('',1,(#5287,#5288),.UNSPECIFIED.,.F.,
  .F.,(2,2),(0.,1.),.PIECEWISE_BEZIER_KNOTS.);
#5287 = CARTESIAN_POINT('',(-0.16,23.63,5.));
#5288 = CARTESIAN_POINT('',(-0.16,22.63,5.));
#5289 = VECTOR('',#5290,1.);
#5290 = DIRECTION('',(0.,0.,1.));
#5291 = ADVANCED_FACE('',(#5292),#5309,.F.);
#5292 = FACE_BOUND('',#5293,.F.);
#5293 = EDGE_LOOP('',(#5294,#5295,#5302,#5308));
#5294 = ORIENTED_EDGE('',*,*,#5279,.T.);
#5295 = ORIENTED_EDGE('',*,*,#5296,.T.);
#5296 = EDGE_CURVE('',#5273,#5297,#5299,.T.);
#5297 = VERTEX_POINT('',#5298);
#5298 = CARTESIAN_POINT('',(-0.25,22.43,4.8));
#5299 = B_SPLINE_CURVE_WITH_KNOTS('',1,(#5300,#5301),.UNSPECIFIED.,.F.,
  .F.,(2,2),(0.,0.219317121995),.PIECEWISE_BEZIER_KNOTS.);
#5300 = CARTESIAN_POINT('',(-0.16,22.63,4.8));
#5301 = CARTESIAN_POINT('',(-0.25,22.43,4.8));
#5302 = ORIENTED_EDGE('',*,*,#5303,.F.);
#5303 = EDGE_CURVE('',#1626,#5297,#5304,.T.);
#5304 = LINE('',#5305,#5306);
#5305 = CARTESIAN_POINT('',(-0.25,22.43,5.));
#5306 = VECTOR('',#5307,1.);
#5307 = DIRECTION('',(-0.,-0.,-1.));
#5308 = ORIENTED_EDGE('',*,*,#1632,.F.);
#5309 = SURFACE_OF_LINEAR_EXTRUSION('',#5310,#5313);
#5310 = B_SPLINE_CURVE_WITH_KNOTS('',1,(#5311,#5312),.UNSPECIFIED.,.F.,
  .F.,(2,2),(0.,0.219317121995),.PIECEWISE_BEZIER_KNOTS.);
#5311 = CARTESIAN_POINT('',(-0.16,22.63,5.));
#5312 = CARTESIAN_POINT('',(-0.25,22.43,5.));
#5313 = VECTOR('',#5314,1.);
#5314 = DIRECTION('',(0.,0.,1.));
#5315 = ADVANCED_FACE('',(#5316),#5333,.F.);
#5316 = FACE_BOUND('',#5317,.F.);
#5317 = EDGE_LOOP('',(#5318,#5319,#5326,#5332));
#5318 = ORIENTED_EDGE('',*,*,#5303,.T.);
#5319 = ORIENTED_EDGE('',*,*,#5320,.T.);
#5320 = EDGE_CURVE('',#5297,#5321,#5323,.T.);
#5321 = VERTEX_POINT('',#5322);
#5322 = CARTESIAN_POINT('',(-0.51,22.16,4.8));
#5323 = B_SPLINE_CURVE_WITH_KNOTS('',1,(#5324,#5325),.UNSPECIFIED.,.F.,
  .F.,(2,2),(0.,0.37483329628),.PIECEWISE_BEZIER_KNOTS.);
#5324 = CARTESIAN_POINT('',(-0.25,22.43,4.8));
#5325 = CARTESIAN_POINT('',(-0.51,22.16,4.8));
#5326 = ORIENTED_EDGE('',*,*,#5327,.F.);
#5327 = EDGE_CURVE('',#1619,#5321,#5328,.T.);
#5328 = LINE('',#5329,#5330);
#5329 = CARTESIAN_POINT('',(-0.51,22.16,5.));
#5330 = VECTOR('',#5331,1.);
#5331 = DIRECTION('',(-0.,-0.,-1.));
#5332 = ORIENTED_EDGE('',*,*,#1625,.F.);
#5333 = SURFACE_OF_LINEAR_EXTRUSION('',#5334,#5337);
#5334 = B_SPLINE_CURVE_WITH_KNOTS('',1,(#5335,#5336),.UNSPECIFIED.,.F.,
  .F.,(2,2),(0.,0.37483329628),.PIECEWISE_BEZIER_KNOTS.);
#5335 = CARTESIAN_POINT('',(-0.25,22.43,5.));
#5336 = CARTESIAN_POINT('',(-0.51,22.16,5.));
#5337 = VECTOR('',#5338,1.);
#5338 = DIRECTION('',(0.,0.,1.));
#5339 = ADVANCED_FACE('',(#5340),#5357,.F.);
#5340 = FACE_BOUND('',#5341,.F.);
#5341 = EDGE_LOOP('',(#5342,#5343,#5350,#5356));
#5342 = ORIENTED_EDGE('',*,*,#5327,.T.);
#5343 = ORIENTED_EDGE('',*,*,#5344,.T.);
#5344 = EDGE_CURVE('',#5321,#5345,#5347,.T.);
#5345 = VERTEX_POINT('',#5346);
#5346 = CARTESIAN_POINT('',(-0.75,22.04,4.8));
#5347 = B_SPLINE_CURVE_WITH_KNOTS('',1,(#5348,#5349),.UNSPECIFIED.,.F.,
  .F.,(2,2),(0.,0.2683281573),.PIECEWISE_BEZIER_KNOTS.);
#5348 = CARTESIAN_POINT('',(-0.51,22.16,4.8));
#5349 = CARTESIAN_POINT('',(-0.75,22.04,4.8));
#5350 = ORIENTED_EDGE('',*,*,#5351,.F.);
#5351 = EDGE_CURVE('',#1612,#5345,#5352,.T.);
#5352 = LINE('',#5353,#5354);
#5353 = CARTESIAN_POINT('',(-0.75,22.04,5.));
#5354 = VECTOR('',#5355,1.);
#5355 = DIRECTION('',(-0.,-0.,-1.));
#5356 = ORIENTED_EDGE('',*,*,#1618,.F.);
#5357 = SURFACE_OF_LINEAR_EXTRUSION('',#5358,#5361);
#5358 = B_SPLINE_CURVE_WITH_KNOTS('',1,(#5359,#5360),.UNSPECIFIED.,.F.,
  .F.,(2,2),(0.,0.2683281573),.PIECEWISE_BEZIER_KNOTS.);
#5359 = CARTESIAN_POINT('',(-0.51,22.16,5.));
#5360 = CARTESIAN_POINT('',(-0.75,22.04,5.));
#5361 = VECTOR('',#5362,1.);
#5362 = DIRECTION('',(0.,0.,1.));
#5363 = ADVANCED_FACE('',(#5364),#5381,.F.);
#5364 = FACE_BOUND('',#5365,.F.);
#5365 = EDGE_LOOP('',(#5366,#5367,#5374,#5380));
#5366 = ORIENTED_EDGE('',*,*,#5351,.T.);
#5367 = ORIENTED_EDGE('',*,*,#5368,.T.);
#5368 = EDGE_CURVE('',#5345,#5369,#5371,.T.);
#5369 = VERTEX_POINT('',#5370);
#5370 = CARTESIAN_POINT('',(-6.6,22.04,4.8));
#5371 = B_SPLINE_CURVE_WITH_KNOTS('',1,(#5372,#5373),.UNSPECIFIED.,.F.,
  .F.,(2,2),(0.,5.85),.PIECEWISE_BEZIER_KNOTS.);
#5372 = CARTESIAN_POINT('',(-0.75,22.04,4.8));
#5373 = CARTESIAN_POINT('',(-6.6,22.04,4.8));
#5374 = ORIENTED_EDGE('',*,*,#5375,.F.);
#5375 = EDGE_CURVE('',#1605,#5369,#5376,.T.);
#5376 = LINE('',#5377,#5378);
#5377 = CARTESIAN_POINT('',(-6.6,22.04,5.));
#5378 = VECTOR('',#5379,1.);
#5379 = DIRECTION('',(-0.,-0.,-1.));
#5380 = ORIENTED_EDGE('',*,*,#1611,.F.);
#5381 = SURFACE_OF_LINEAR_EXTRUSION('',#5382,#5385);
#5382 = B_SPLINE_CURVE_WITH_KNOTS('',1,(#5383,#5384),.UNSPECIFIED.,.F.,
  .F.,(2,2),(0.,5.85),.PIECEWISE_BEZIER_KNOTS.);
#5383 = CARTESIAN_POINT('',(-0.75,22.04,5.));
#5384 = CARTESIAN_POINT('',(-6.6,22.04,5.));
#5385 = VECTOR('',#5386,1.);
#5386 = DIRECTION('',(0.,0.,1.));
#5387 = ADVANCED_FACE('',(#5388),#5405,.F.);
#5388 = FACE_BOUND('',#5389,.F.);
#5389 = EDGE_LOOP('',(#5390,#5391,#5398,#5404));
#5390 = ORIENTED_EDGE('',*,*,#5375,.T.);
#5391 = ORIENTED_EDGE('',*,*,#5392,.T.);
#5392 = EDGE_CURVE('',#5369,#5393,#5395,.T.);
#5393 = VERTEX_POINT('',#5394);
#5394 = CARTESIAN_POINT('',(-6.6,20.68,4.8));
#5395 = B_SPLINE_CURVE_WITH_KNOTS('',1,(#5396,#5397),.UNSPECIFIED.,.F.,
  .F.,(2,2),(0.,1.36),.PIECEWISE_BEZIER_KNOTS.);
#5396 = CARTESIAN_POINT('',(-6.6,22.04,4.8));
#5397 = CARTESIAN_POINT('',(-6.6,20.68,4.8));
#5398 = ORIENTED_EDGE('',*,*,#5399,.F.);
#5399 = EDGE_CURVE('',#1598,#5393,#5400,.T.);
#5400 = LINE('',#5401,#5402);
#5401 = CARTESIAN_POINT('',(-6.6,20.68,5.));
#5402 = VECTOR('',#5403,1.);
#5403 = DIRECTION('',(-0.,-0.,-1.));
#5404 = ORIENTED_EDGE('',*,*,#1604,.F.);
#5405 = SURFACE_OF_LINEAR_EXTRUSION('',#5406,#5409);
#5406 = B_SPLINE_CURVE_WITH_KNOTS('',1,(#5407,#5408),.UNSPECIFIED.,.F.,
  .F.,(2,2),(0.,1.36),.PIECEWISE_BEZIER_KNOTS.);
#5407 = CARTESIAN_POINT('',(-6.6,22.04,5.));
#5408 = CARTESIAN_POINT('',(-6.6,20.68,5.));
#5409 = VECTOR('',#5410,1.);
#5410 = DIRECTION('',(0.,0.,1.));
#5411 = ADVANCED_FACE('',(#5412),#5429,.F.);
#5412 = FACE_BOUND('',#5413,.F.);
#5413 = EDGE_LOOP('',(#5414,#5415,#5422,#5428));
#5414 = ORIENTED_EDGE('',*,*,#5399,.T.);
#5415 = ORIENTED_EDGE('',*,*,#5416,.T.);
#5416 = EDGE_CURVE('',#5393,#5417,#5419,.T.);
#5417 = VERTEX_POINT('',#5418);
#5418 = CARTESIAN_POINT('',(3.552713678801E-15,20.68,4.8));
#5419 = B_SPLINE_CURVE_WITH_KNOTS('',1,(#5420,#5421),.UNSPECIFIED.,.F.,
  .F.,(2,2),(0.,6.6),.PIECEWISE_BEZIER_KNOTS.);
#5420 = CARTESIAN_POINT('',(-6.6,20.68,4.8));
#5421 = CARTESIAN_POINT('',(3.552713678801E-15,20.68,4.8));
#5422 = ORIENTED_EDGE('',*,*,#5423,.F.);
#5423 = EDGE_CURVE('',#1591,#5417,#5424,.T.);
#5424 = LINE('',#5425,#5426);
#5425 = CARTESIAN_POINT('',(3.552713678801E-15,20.68,5.));
#5426 = VECTOR('',#5427,1.);
#5427 = DIRECTION('',(-0.,-0.,-1.));
#5428 = ORIENTED_EDGE('',*,*,#1597,.F.);
#5429 = SURFACE_OF_LINEAR_EXTRUSION('',#5430,#5433);
#5430 = B_SPLINE_CURVE_WITH_KNOTS('',1,(#5431,#5432),.UNSPECIFIED.,.F.,
  .F.,(2,2),(0.,6.6),.PIECEWISE_BEZIER_KNOTS.);
#5431 = CARTESIAN_POINT('',(-6.6,20.68,5.));
#5432 = CARTESIAN_POINT('',(3.552713678801E-15,20.68,5.));
#5433 = VECTOR('',#5434,1.);
#5434 = DIRECTION('',(0.,0.,1.));
#5435 = ADVANCED_FACE('',(#5436),#5453,.F.);
#5436 = FACE_BOUND('',#5437,.F.);
#5437 = EDGE_LOOP('',(#5438,#5439,#5446,#5452));
#5438 = ORIENTED_EDGE('',*,*,#5423,.T.);
#5439 = ORIENTED_EDGE('',*,*,#5440,.T.);
#5440 = EDGE_CURVE('',#5417,#5441,#5443,.T.);
#5441 = VERTEX_POINT('',#5442);
#5442 = CARTESIAN_POINT('',(0.42,20.77,4.8));
#5443 = B_SPLINE_CURVE_WITH_KNOTS('',1,(#5444,#5445),.UNSPECIFIED.,.F.,
  .F.,(2,2),(0.,0.429534631898),.PIECEWISE_BEZIER_KNOTS.);
#5444 = CARTESIAN_POINT('',(3.552713678801E-15,20.68,4.8));
#5445 = CARTESIAN_POINT('',(0.42,20.77,4.8));
#5446 = ORIENTED_EDGE('',*,*,#5447,.F.);
#5447 = EDGE_CURVE('',#1584,#5441,#5448,.T.);
#5448 = LINE('',#5449,#5450);
#5449 = CARTESIAN_POINT('',(0.42,20.77,5.));
#5450 = VECTOR('',#5451,1.);
#5451 = DIRECTION('',(-0.,-0.,-1.));
#5452 = ORIENTED_EDGE('',*,*,#1590,.F.);
#5453 = SURFACE_OF_LINEAR_EXTRUSION('',#5454,#5457);
#5454 = B_SPLINE_CURVE_WITH_KNOTS('',1,(#5455,#5456),.UNSPECIFIED.,.F.,
  .F.,(2,2),(0.,0.429534631898),.PIECEWISE_BEZIER_KNOTS.);
#5455 = CARTESIAN_POINT('',(3.552713678801E-15,20.68,5.));
#5456 = CARTESIAN_POINT('',(0.42,20.77,5.));
#5457 = VECTOR('',#5458,1.);
#5458 = DIRECTION('',(0.,0.,1.));
#5459 = ADVANCED_FACE('',(#5460),#5477,.F.);
#5460 = FACE_BOUND('',#5461,.F.);
#5461 = EDGE_LOOP('',(#5462,#5463,#5470,#5476));
#5462 = ORIENTED_EDGE('',*,*,#5447,.T.);
#5463 = ORIENTED_EDGE('',*,*,#5464,.T.);
#5464 = EDGE_CURVE('',#5441,#5465,#5467,.T.);
#5465 = VERTEX_POINT('',#5466);
#5466 = CARTESIAN_POINT('',(0.91,21.,4.8));
#5467 = B_SPLINE_CURVE_WITH_KNOTS('',1,(#5468,#5469),.UNSPECIFIED.,.F.,
  .F.,(2,2),(0.,0.541294744109),.PIECEWISE_BEZIER_KNOTS.);
#5468 = CARTESIAN_POINT('',(0.42,20.77,4.8));
#5469 = CARTESIAN_POINT('',(0.91,21.,4.8));
#5470 = ORIENTED_EDGE('',*,*,#5471,.F.);
#5471 = EDGE_CURVE('',#1577,#5465,#5472,.T.);
#5472 = LINE('',#5473,#5474);
#5473 = CARTESIAN_POINT('',(0.91,21.,5.));
#5474 = VECTOR('',#5475,1.);
#5475 = DIRECTION('',(-0.,-0.,-1.));
#5476 = ORIENTED_EDGE('',*,*,#1583,.F.);
#5477 = SURFACE_OF_LINEAR_EXTRUSION('',#5478,#5481);
#5478 = B_SPLINE_CURVE_WITH_KNOTS('',1,(#5479,#5480),.UNSPECIFIED.,.F.,
  .F.,(2,2),(0.,0.541294744109),.PIECEWISE_BEZIER_KNOTS.);
#5479 = CARTESIAN_POINT('',(0.42,20.77,5.));
#5480 = CARTESIAN_POINT('',(0.91,21.,5.));
#5481 = VECTOR('',#5482,1.);
#5482 = DIRECTION('',(0.,0.,1.));
#5483 = ADVANCED_FACE('',(#5484),#5501,.F.);
#5484 = FACE_BOUND('',#5485,.F.);
#5485 = EDGE_LOOP('',(#5486,#5487,#5494,#5500));
#5486 = ORIENTED_EDGE('',*,*,#5471,.T.);
#5487 = ORIENTED_EDGE('',*,*,#5488,.T.);
#5488 = EDGE_CURVE('',#5465,#5489,#5491,.T.);
#5489 = VERTEX_POINT('',#5490);
#5490 = CARTESIAN_POINT('',(1.13,21.16,4.8));
#5491 = B_SPLINE_CURVE_WITH_KNOTS('',1,(#5492,#5493),.UNSPECIFIED.,.F.,
  .F.,(2,2),(0.,0.272029410175),.PIECEWISE_BEZIER_KNOTS.);
#5492 = CARTESIAN_POINT('',(0.91,21.,4.8));
#5493 = CARTESIAN_POINT('',(1.13,21.16,4.8));
#5494 = ORIENTED_EDGE('',*,*,#5495,.F.);
#5495 = EDGE_CURVE('',#1570,#5489,#5496,.T.);
#5496 = LINE('',#5497,#5498);
#5497 = CARTESIAN_POINT('',(1.13,21.16,5.));
#5498 = VECTOR('',#5499,1.);
#5499 = DIRECTION('',(-0.,-0.,-1.));
#5500 = ORIENTED_EDGE('',*,*,#1576,.F.);
#5501 = SURFACE_OF_LINEAR_EXTRUSION('',#5502,#5505);
#5502 = B_SPLINE_CURVE_WITH_KNOTS('',1,(#5503,#5504),.UNSPECIFIED.,.F.,
  .F.,(2,2),(0.,0.272029410175),.PIECEWISE_BEZIER_KNOTS.);
#5503 = CARTESIAN_POINT('',(0.91,21.,5.));
#5504 = CARTESIAN_POINT('',(1.13,21.16,5.));
#5505 = VECTOR('',#5506,1.);
#5506 = DIRECTION('',(0.,0.,1.));
#5507 = ADVANCED_FACE('',(#5508),#5525,.F.);
#5508 = FACE_BOUND('',#5509,.F.);
#5509 = EDGE_LOOP('',(#5510,#5511,#5518,#5524));
#5510 = ORIENTED_EDGE('',*,*,#5495,.T.);
#5511 = ORIENTED_EDGE('',*,*,#5512,.T.);
#5512 = EDGE_CURVE('',#5489,#5513,#5515,.T.);
#5513 = VERTEX_POINT('',#5514);
#5514 = CARTESIAN_POINT('',(1.49,21.53,4.8));
#5515 = B_SPLINE_CURVE_WITH_KNOTS('',1,(#5516,#5517),.UNSPECIFIED.,.F.,
  .F.,(2,2),(0.,0.516236379966),.PIECEWISE_BEZIER_KNOTS.);
#5516 = CARTESIAN_POINT('',(1.13,21.16,4.8));
#5517 = CARTESIAN_POINT('',(1.49,21.53,4.8));
#5518 = ORIENTED_EDGE('',*,*,#5519,.F.);
#5519 = EDGE_CURVE('',#1563,#5513,#5520,.T.);
#5520 = LINE('',#5521,#5522);
#5521 = CARTESIAN_POINT('',(1.49,21.53,5.));
#5522 = VECTOR('',#5523,1.);
#5523 = DIRECTION('',(-0.,-0.,-1.));
#5524 = ORIENTED_EDGE('',*,*,#1569,.F.);
#5525 = SURFACE_OF_LINEAR_EXTRUSION('',#5526,#5529);
#5526 = B_SPLINE_CURVE_WITH_KNOTS('',1,(#5527,#5528),.UNSPECIFIED.,.F.,
  .F.,(2,2),(0.,0.516236379966),.PIECEWISE_BEZIER_KNOTS.);
#5527 = CARTESIAN_POINT('',(1.13,21.16,5.));
#5528 = CARTESIAN_POINT('',(1.49,21.53,5.));
#5529 = VECTOR('',#5530,1.);
#5530 = DIRECTION('',(0.,0.,1.));
#5531 = ADVANCED_FACE('',(#5532),#5549,.F.);
#5532 = FACE_BOUND('',#5533,.F.);
#5533 = EDGE_LOOP('',(#5534,#5535,#5542,#5548));
#5534 = ORIENTED_EDGE('',*,*,#5519,.T.);
#5535 = ORIENTED_EDGE('',*,*,#5536,.T.);
#5536 = EDGE_CURVE('',#5513,#5537,#5539,.T.);
#5537 = VERTEX_POINT('',#5538);
#5538 = CARTESIAN_POINT('',(1.75,21.98,4.8));
#5539 = B_SPLINE_CURVE_WITH_KNOTS('',1,(#5540,#5541),.UNSPECIFIED.,.F.,
  .F.,(2,2),(0.,0.519711458407),.PIECEWISE_BEZIER_KNOTS.);
#5540 = CARTESIAN_POINT('',(1.49,21.53,4.8));
#5541 = CARTESIAN_POINT('',(1.75,21.98,4.8));
#5542 = ORIENTED_EDGE('',*,*,#5543,.F.);
#5543 = EDGE_CURVE('',#1556,#5537,#5544,.T.);
#5544 = LINE('',#5545,#5546);
#5545 = CARTESIAN_POINT('',(1.75,21.98,5.));
#5546 = VECTOR('',#5547,1.);
#5547 = DIRECTION('',(-0.,-0.,-1.));
#5548 = ORIENTED_EDGE('',*,*,#1562,.F.);
#5549 = SURFACE_OF_LINEAR_EXTRUSION('',#5550,#5553);
#5550 = B_SPLINE_CURVE_WITH_KNOTS('',1,(#5551,#5552),.UNSPECIFIED.,.F.,
  .F.,(2,2),(0.,0.519711458407),.PIECEWISE_BEZIER_KNOTS.);
#5551 = CARTESIAN_POINT('',(1.49,21.53,5.));
#5552 = CARTESIAN_POINT('',(1.75,21.98,5.));
#5553 = VECTOR('',#5554,1.);
#5554 = DIRECTION('',(0.,0.,1.));
#5555 = ADVANCED_FACE('',(#5556),#5573,.F.);
#5556 = FACE_BOUND('',#5557,.F.);
#5557 = EDGE_LOOP('',(#5558,#5559,#5566,#5572));
#5558 = ORIENTED_EDGE('',*,*,#5543,.T.);
#5559 = ORIENTED_EDGE('',*,*,#5560,.T.);
#5560 = EDGE_CURVE('',#5537,#5561,#5563,.T.);
#5561 = VERTEX_POINT('',#5562);
#5562 = CARTESIAN_POINT('',(1.88,22.43,4.8));
#5563 = B_SPLINE_CURVE_WITH_KNOTS('',1,(#5564,#5565),.UNSPECIFIED.,.F.,
  .F.,(2,2),(0.,0.468401537145),.PIECEWISE_BEZIER_KNOTS.);
#5564 = CARTESIAN_POINT('',(1.75,21.98,4.8));
#5565 = CARTESIAN_POINT('',(1.88,22.43,4.8));
#5566 = ORIENTED_EDGE('',*,*,#5567,.F.);
#5567 = EDGE_CURVE('',#1549,#5561,#5568,.T.);
#5568 = LINE('',#5569,#5570);
#5569 = CARTESIAN_POINT('',(1.88,22.43,5.));
#5570 = VECTOR('',#5571,1.);
#5571 = DIRECTION('',(-0.,-0.,-1.));
#5572 = ORIENTED_EDGE('',*,*,#1555,.F.);
#5573 = SURFACE_OF_LINEAR_EXTRUSION('',#5574,#5577);
#5574 = B_SPLINE_CURVE_WITH_KNOTS('',1,(#5575,#5576),.UNSPECIFIED.,.F.,
  .F.,(2,2),(0.,0.468401537145),.PIECEWISE_BEZIER_KNOTS.);
#5575 = CARTESIAN_POINT('',(1.75,21.98,5.));
#5576 = CARTESIAN_POINT('',(1.88,22.43,5.));
#5577 = VECTOR('',#5578,1.);
#5578 = DIRECTION('',(0.,0.,1.));
#5579 = ADVANCED_FACE('',(#5580),#5597,.F.);
#5580 = FACE_BOUND('',#5581,.F.);
#5581 = EDGE_LOOP('',(#5582,#5583,#5590,#5596));
#5582 = ORIENTED_EDGE('',*,*,#5567,.T.);
#5583 = ORIENTED_EDGE('',*,*,#5584,.T.);
#5584 = EDGE_CURVE('',#5561,#5585,#5587,.T.);
#5585 = VERTEX_POINT('',#5586);
#5586 = CARTESIAN_POINT('',(1.88,24.04,4.8));
#5587 = B_SPLINE_CURVE_WITH_KNOTS('',1,(#5588,#5589),.UNSPECIFIED.,.F.,
  .F.,(2,2),(0.,1.61),.PIECEWISE_BEZIER_KNOTS.);
#5588 = CARTESIAN_POINT('',(1.88,22.43,4.8));
#5589 = CARTESIAN_POINT('',(1.88,24.04,4.8));
#5590 = ORIENTED_EDGE('',*,*,#5591,.F.);
#5591 = EDGE_CURVE('',#1542,#5585,#5592,.T.);
#5592 = LINE('',#5593,#5594);
#5593 = CARTESIAN_POINT('',(1.88,24.04,5.));
#5594 = VECTOR('',#5595,1.);
#5595 = DIRECTION('',(-0.,-0.,-1.));
#5596 = ORIENTED_EDGE('',*,*,#1548,.F.);
#5597 = SURFACE_OF_LINEAR_EXTRUSION('',#5598,#5601);
#5598 = B_SPLINE_CURVE_WITH_KNOTS('',1,(#5599,#5600),.UNSPECIFIED.,.F.,
  .F.,(2,2),(0.,1.61),.PIECEWISE_BEZIER_KNOTS.);
#5599 = CARTESIAN_POINT('',(1.88,22.43,5.));
#5600 = CARTESIAN_POINT('',(1.88,24.04,5.));
#5601 = VECTOR('',#5602,1.);
#5602 = DIRECTION('',(0.,0.,1.));
#5603 = ADVANCED_FACE('',(#5604),#5621,.F.);
#5604 = FACE_BOUND('',#5605,.F.);
#5605 = EDGE_LOOP('',(#5606,#5607,#5614,#5620));
#5606 = ORIENTED_EDGE('',*,*,#5591,.T.);
#5607 = ORIENTED_EDGE('',*,*,#5608,.T.);
#5608 = EDGE_CURVE('',#5585,#5609,#5611,.T.);
#5609 = VERTEX_POINT('',#5610);
#5610 = CARTESIAN_POINT('',(1.82,24.32,4.8));
#5611 = B_SPLINE_CURVE_WITH_KNOTS('',1,(#5612,#5613),.UNSPECIFIED.,.F.,
  .F.,(2,2),(0.,0.286356421266),.PIECEWISE_BEZIER_KNOTS.);
#5612 = CARTESIAN_POINT('',(1.88,24.04,4.8));
#5613 = CARTESIAN_POINT('',(1.82,24.32,4.8));
#5614 = ORIENTED_EDGE('',*,*,#5615,.F.);
#5615 = EDGE_CURVE('',#1535,#5609,#5616,.T.);
#5616 = LINE('',#5617,#5618);
#5617 = CARTESIAN_POINT('',(1.82,24.32,5.));
#5618 = VECTOR('',#5619,1.);
#5619 = DIRECTION('',(-0.,-0.,-1.));
#5620 = ORIENTED_EDGE('',*,*,#1541,.F.);
#5621 = SURFACE_OF_LINEAR_EXTRUSION('',#5622,#5625);
#5622 = B_SPLINE_CURVE_WITH_KNOTS('',1,(#5623,#5624),.UNSPECIFIED.,.F.,
  .F.,(2,2),(0.,0.286356421266),.PIECEWISE_BEZIER_KNOTS.);
#5623 = CARTESIAN_POINT('',(1.88,24.04,5.));
#5624 = CARTESIAN_POINT('',(1.82,24.32,5.));
#5625 = VECTOR('',#5626,1.);
#5626 = DIRECTION('',(0.,0.,1.));
#5627 = ADVANCED_FACE('',(#5628),#5645,.F.);
#5628 = FACE_BOUND('',#5629,.F.);
#5629 = EDGE_LOOP('',(#5630,#5631,#5638,#5644));
#5630 = ORIENTED_EDGE('',*,*,#5615,.T.);
#5631 = ORIENTED_EDGE('',*,*,#5632,.T.);
#5632 = EDGE_CURVE('',#5609,#5633,#5635,.T.);
#5633 = VERTEX_POINT('',#5634);
#5634 = CARTESIAN_POINT('',(1.62,24.75,4.8));
#5635 = B_SPLINE_CURVE_WITH_KNOTS('',1,(#5636,#5637),.UNSPECIFIED.,.F.,
  .F.,(2,2),(0.,0.474236228055),.PIECEWISE_BEZIER_KNOTS.);
#5636 = CARTESIAN_POINT('',(1.82,24.32,4.8));
#5637 = CARTESIAN_POINT('',(1.62,24.75,4.8));
#5638 = ORIENTED_EDGE('',*,*,#5639,.F.);
#5639 = EDGE_CURVE('',#1528,#5633,#5640,.T.);
#5640 = LINE('',#5641,#5642);
#5641 = CARTESIAN_POINT('',(1.62,24.75,5.));
#5642 = VECTOR('',#5643,1.);
#5643 = DIRECTION('',(-0.,-0.,-1.));
#5644 = ORIENTED_EDGE('',*,*,#1534,.F.);
#5645 = SURFACE_OF_LINEAR_EXTRUSION('',#5646,#5649);
#5646 = B_SPLINE_CURVE_WITH_KNOTS('',1,(#5647,#5648),.UNSPECIFIED.,.F.,
  .F.,(2,2),(0.,0.474236228055),.PIECEWISE_BEZIER_KNOTS.);
#5647 = CARTESIAN_POINT('',(1.82,24.32,5.));
#5648 = CARTESIAN_POINT('',(1.62,24.75,5.));
#5649 = VECTOR('',#5650,1.);
#5650 = DIRECTION('',(0.,0.,1.));
#5651 = ADVANCED_FACE('',(#5652),#5669,.F.);
#5652 = FACE_BOUND('',#5653,.F.);
#5653 = EDGE_LOOP('',(#5654,#5655,#5662,#5668));
#5654 = ORIENTED_EDGE('',*,*,#5639,.T.);
#5655 = ORIENTED_EDGE('',*,*,#5656,.T.);
#5656 = EDGE_CURVE('',#5633,#5657,#5659,.T.);
#5657 = VERTEX_POINT('',#5658);
#5658 = CARTESIAN_POINT('',(1.43,25.,4.8));
#5659 = B_SPLINE_CURVE_WITH_KNOTS('',1,(#5660,#5661),.UNSPECIFIED.,.F.,
  .F.,(2,2),(0.,0.314006369362),.PIECEWISE_BEZIER_KNOTS.);
#5660 = CARTESIAN_POINT('',(1.62,24.75,4.8));
#5661 = CARTESIAN_POINT('',(1.43,25.,4.8));
#5662 = ORIENTED_EDGE('',*,*,#5663,.F.);
#5663 = EDGE_CURVE('',#1521,#5657,#5664,.T.);
#5664 = LINE('',#5665,#5666);
#5665 = CARTESIAN_POINT('',(1.43,25.,5.));
#5666 = VECTOR('',#5667,1.);
#5667 = DIRECTION('',(-0.,-0.,-1.));
#5668 = ORIENTED_EDGE('',*,*,#1527,.F.);
#5669 = SURFACE_OF_LINEAR_EXTRUSION('',#5670,#5673);
#5670 = B_SPLINE_CURVE_WITH_KNOTS('',1,(#5671,#5672),.UNSPECIFIED.,.F.,
  .F.,(2,2),(0.,0.314006369362),.PIECEWISE_BEZIER_KNOTS.);
#5671 = CARTESIAN_POINT('',(1.62,24.75,5.));
#5672 = CARTESIAN_POINT('',(1.43,25.,5.));
#5673 = VECTOR('',#5674,1.);
#5674 = DIRECTION('',(0.,0.,1.));
#5675 = ADVANCED_FACE('',(#5676),#5693,.F.);
#5676 = FACE_BOUND('',#5677,.F.);
#5677 = EDGE_LOOP('',(#5678,#5679,#5686,#5692));
#5678 = ORIENTED_EDGE('',*,*,#5663,.T.);
#5679 = ORIENTED_EDGE('',*,*,#5680,.T.);
#5680 = EDGE_CURVE('',#5657,#5681,#5683,.T.);
#5681 = VERTEX_POINT('',#5682);
#5682 = CARTESIAN_POINT('',(1.27,25.16,4.8));
#5683 = B_SPLINE_CURVE_WITH_KNOTS('',1,(#5684,#5685),.UNSPECIFIED.,.F.,
  .F.,(2,2),(0.,0.22627416998),.PIECEWISE_BEZIER_KNOTS.);
#5684 = CARTESIAN_POINT('',(1.43,25.,4.8));
#5685 = CARTESIAN_POINT('',(1.27,25.16,4.8));
#5686 = ORIENTED_EDGE('',*,*,#5687,.F.);
#5687 = EDGE_CURVE('',#1514,#5681,#5688,.T.);
#5688 = LINE('',#5689,#5690);
#5689 = CARTESIAN_POINT('',(1.27,25.16,5.));
#5690 = VECTOR('',#5691,1.);
#5691 = DIRECTION('',(-0.,-0.,-1.));
#5692 = ORIENTED_EDGE('',*,*,#1520,.F.);
#5693 = SURFACE_OF_LINEAR_EXTRUSION('',#5694,#5697);
#5694 = B_SPLINE_CURVE_WITH_KNOTS('',1,(#5695,#5696),.UNSPECIFIED.,.F.,
  .F.,(2,2),(0.,0.22627416998),.PIECEWISE_BEZIER_KNOTS.);
#5695 = CARTESIAN_POINT('',(1.43,25.,5.));
#5696 = CARTESIAN_POINT('',(1.27,25.16,5.));
#5697 = VECTOR('',#5698,1.);
#5698 = DIRECTION('',(0.,0.,1.));
#5699 = ADVANCED_FACE('',(#5700),#5717,.F.);
#5700 = FACE_BOUND('',#5701,.F.);
#5701 = EDGE_LOOP('',(#5702,#5703,#5710,#5716));
#5702 = ORIENTED_EDGE('',*,*,#5687,.T.);
#5703 = ORIENTED_EDGE('',*,*,#5704,.T.);
#5704 = EDGE_CURVE('',#5681,#5705,#5707,.T.);
#5705 = VERTEX_POINT('',#5706);
#5706 = CARTESIAN_POINT('',(0.91,25.42,4.8));
#5707 = B_SPLINE_CURVE_WITH_KNOTS('',1,(#5708,#5709),.UNSPECIFIED.,.F.,
  .F.,(2,2),(0.,0.444072066223),.PIECEWISE_BEZIER_KNOTS.);
#5708 = CARTESIAN_POINT('',(1.27,25.16,4.8));
#5709 = CARTESIAN_POINT('',(0.91,25.42,4.8));
#5710 = ORIENTED_EDGE('',*,*,#5711,.F.);
#5711 = EDGE_CURVE('',#1507,#5705,#5712,.T.);
#5712 = LINE('',#5713,#5714);
#5713 = CARTESIAN_POINT('',(0.91,25.42,5.));
#5714 = VECTOR('',#5715,1.);
#5715 = DIRECTION('',(-0.,-0.,-1.));
#5716 = ORIENTED_EDGE('',*,*,#1513,.F.);
#5717 = SURFACE_OF_LINEAR_EXTRUSION('',#5718,#5721);
#5718 = B_SPLINE_CURVE_WITH_KNOTS('',1,(#5719,#5720),.UNSPECIFIED.,.F.,
  .F.,(2,2),(0.,0.444072066223),.PIECEWISE_BEZIER_KNOTS.);
#5719 = CARTESIAN_POINT('',(1.27,25.16,5.));
#5720 = CARTESIAN_POINT('',(0.91,25.42,5.));
#5721 = VECTOR('',#5722,1.);
#5722 = DIRECTION('',(0.,0.,1.));
#5723 = ADVANCED_FACE('',(#5724),#5741,.F.);
#5724 = FACE_BOUND('',#5725,.F.);
#5725 = EDGE_LOOP('',(#5726,#5727,#5734,#5740));
#5726 = ORIENTED_EDGE('',*,*,#5711,.T.);
#5727 = ORIENTED_EDGE('',*,*,#5728,.T.);
#5728 = EDGE_CURVE('',#5705,#5729,#5731,.T.);
#5729 = VERTEX_POINT('',#5730);
#5730 = CARTESIAN_POINT('',(0.39,25.65,4.8));
#5731 = B_SPLINE_CURVE_WITH_KNOTS('',1,(#5732,#5733),.UNSPECIFIED.,.F.,
  .F.,(2,2),(0.,0.568594759033),.PIECEWISE_BEZIER_KNOTS.);
#5732 = CARTESIAN_POINT('',(0.91,25.42,4.8));
#5733 = CARTESIAN_POINT('',(0.39,25.65,4.8));
#5734 = ORIENTED_EDGE('',*,*,#5735,.F.);
#5735 = EDGE_CURVE('',#1500,#5729,#5736,.T.);
#5736 = LINE('',#5737,#5738);
#5737 = CARTESIAN_POINT('',(0.39,25.65,5.));
#5738 = VECTOR('',#5739,1.);
#5739 = DIRECTION('',(-0.,-0.,-1.));
#5740 = ORIENTED_EDGE('',*,*,#1506,.F.);
#5741 = SURFACE_OF_LINEAR_EXTRUSION('',#5742,#5745);
#5742 = B_SPLINE_CURVE_WITH_KNOTS('',1,(#5743,#5744),.UNSPECIFIED.,.F.,
  .F.,(2,2),(0.,0.568594759033),.PIECEWISE_BEZIER_KNOTS.);
#5743 = CARTESIAN_POINT('',(0.91,25.42,5.));
#5744 = CARTESIAN_POINT('',(0.39,25.65,5.));
#5745 = VECTOR('',#5746,1.);
#5746 = DIRECTION('',(0.,0.,1.));
#5747 = ADVANCED_FACE('',(#5748),#5765,.F.);
#5748 = FACE_BOUND('',#5749,.F.);
#5749 = EDGE_LOOP('',(#5750,#5751,#5758,#5764));
#5750 = ORIENTED_EDGE('',*,*,#5735,.T.);
#5751 = ORIENTED_EDGE('',*,*,#5752,.T.);
#5752 = EDGE_CURVE('',#5729,#5753,#5755,.T.);
#5753 = VERTEX_POINT('',#5754);
#5754 = CARTESIAN_POINT('',(-1.E-01,25.75,4.8));
#5755 = B_SPLINE_CURVE_WITH_KNOTS('',1,(#5756,#5757),.UNSPECIFIED.,.F.,
  .F.,(2,2),(0.,0.500099990002),.PIECEWISE_BEZIER_KNOTS.);
#5756 = CARTESIAN_POINT('',(0.39,25.65,4.8));
#5757 = CARTESIAN_POINT('',(-1.E-01,25.75,4.8));
#5758 = ORIENTED_EDGE('',*,*,#5759,.F.);
#5759 = EDGE_CURVE('',#1493,#5753,#5760,.T.);
#5760 = LINE('',#5761,#5762);
#5761 = CARTESIAN_POINT('',(-1.E-01,25.75,5.));
#5762 = VECTOR('',#5763,1.);
#5763 = DIRECTION('',(-0.,-0.,-1.));
#5764 = ORIENTED_EDGE('',*,*,#1499,.F.);
#5765 = SURFACE_OF_LINEAR_EXTRUSION('',#5766,#5769);
#5766 = B_SPLINE_CURVE_WITH_KNOTS('',1,(#5767,#5768),.UNSPECIFIED.,.F.,
  .F.,(2,2),(0.,0.500099990002),.PIECEWISE_BEZIER_KNOTS.);
#5767 = CARTESIAN_POINT('',(0.39,25.65,5.));
#5768 = CARTESIAN_POINT('',(-1.E-01,25.75,5.));
#5769 = VECTOR('',#5770,1.);
#5770 = DIRECTION('',(0.,0.,1.));
#5771 = ADVANCED_FACE('',(#5772),#5789,.F.);
#5772 = FACE_BOUND('',#5773,.F.);
#5773 = EDGE_LOOP('',(#5774,#5775,#5782,#5788));
#5774 = ORIENTED_EDGE('',*,*,#5759,.T.);
#5775 = ORIENTED_EDGE('',*,*,#5776,.T.);
#5776 = EDGE_CURVE('',#5753,#5777,#5779,.T.);
#5777 = VERTEX_POINT('',#5778);
#5778 = CARTESIAN_POINT('',(-9.73,25.75,4.8));
#5779 = B_SPLINE_CURVE_WITH_KNOTS('',1,(#5780,#5781),.UNSPECIFIED.,.F.,
  .F.,(2,2),(0.,9.63),.PIECEWISE_BEZIER_KNOTS.);
#5780 = CARTESIAN_POINT('',(-1.E-01,25.75,4.8));
#5781 = CARTESIAN_POINT('',(-9.73,25.75,4.8));
#5782 = ORIENTED_EDGE('',*,*,#5783,.F.);
#5783 = EDGE_CURVE('',#1486,#5777,#5784,.T.);
#5784 = LINE('',#5785,#5786);
#5785 = CARTESIAN_POINT('',(-9.73,25.75,5.));
#5786 = VECTOR('',#5787,1.);
#5787 = DIRECTION('',(-0.,-0.,-1.));
#5788 = ORIENTED_EDGE('',*,*,#1492,.F.);
#5789 = SURFACE_OF_LINEAR_EXTRUSION('',#5790,#5793);
#5790 = B_SPLINE_CURVE_WITH_KNOTS('',1,(#5791,#5792),.UNSPECIFIED.,.F.,
  .F.,(2,2),(0.,9.63),.PIECEWISE_BEZIER_KNOTS.);
#5791 = CARTESIAN_POINT('',(-1.E-01,25.75,5.));
#5792 = CARTESIAN_POINT('',(-9.73,25.75,5.));
#5793 = VECTOR('',#5794,1.);
#5794 = DIRECTION('',(0.,0.,1.));
#5795 = ADVANCED_FACE('',(#5796),#5813,.F.);
#5796 = FACE_BOUND('',#5797,.F.);
#5797 = EDGE_LOOP('',(#5798,#5799,#5806,#5812));
#5798 = ORIENTED_EDGE('',*,*,#5783,.T.);
#5799 = ORIENTED_EDGE('',*,*,#5800,.T.);
#5800 = EDGE_CURVE('',#5777,#5801,#5803,.T.);
#5801 = VERTEX_POINT('',#5802);
#5802 = CARTESIAN_POINT('',(-9.76,20.61,4.8));
#5803 = B_SPLINE_CURVE_WITH_KNOTS('',1,(#5804,#5805),.UNSPECIFIED.,.F.,
  .F.,(2,2),(0.,5.140087547893),.PIECEWISE_BEZIER_KNOTS.);
#5804 = CARTESIAN_POINT('',(-9.73,25.75,4.8));
#5805 = CARTESIAN_POINT('',(-9.76,20.61,4.8));
#5806 = ORIENTED_EDGE('',*,*,#5807,.F.);
#5807 = EDGE_CURVE('',#1479,#5801,#5808,.T.);
#5808 = LINE('',#5809,#5810);
#5809 = CARTESIAN_POINT('',(-9.76,20.61,5.));
#5810 = VECTOR('',#5811,1.);
#5811 = DIRECTION('',(-0.,-0.,-1.));
#5812 = ORIENTED_EDGE('',*,*,#1485,.F.);
#5813 = SURFACE_OF_LINEAR_EXTRUSION('',#5814,#5817);
#5814 = B_SPLINE_CURVE_WITH_KNOTS('',1,(#5815,#5816),.UNSPECIFIED.,.F.,
  .F.,(2,2),(0.,5.140087547893),.PIECEWISE_BEZIER_KNOTS.);
#5815 = CARTESIAN_POINT('',(-9.73,25.75,5.));
#5816 = CARTESIAN_POINT('',(-9.76,20.61,5.));
#5817 = VECTOR('',#5818,1.);
#5818 = DIRECTION('',(0.,0.,1.));
#5819 = ADVANCED_FACE('',(#5820),#5837,.F.);
#5820 = FACE_BOUND('',#5821,.F.);
#5821 = EDGE_LOOP('',(#5822,#5823,#5830,#5836));
#5822 = ORIENTED_EDGE('',*,*,#5807,.T.);
#5823 = ORIENTED_EDGE('',*,*,#5824,.T.);
#5824 = EDGE_CURVE('',#5801,#5825,#5827,.T.);
#5825 = VERTEX_POINT('',#5826);
#5826 = CARTESIAN_POINT('',(-9.73,19.43,4.8));
#5827 = B_SPLINE_CURVE_WITH_KNOTS('',1,(#5828,#5829),.UNSPECIFIED.,.F.,
  .F.,(2,2),(0.,1.180381294328),.PIECEWISE_BEZIER_KNOTS.);
#5828 = CARTESIAN_POINT('',(-9.76,20.61,4.8));
#5829 = CARTESIAN_POINT('',(-9.73,19.43,4.8));
#5830 = ORIENTED_EDGE('',*,*,#5831,.F.);
#5831 = EDGE_CURVE('',#1472,#5825,#5832,.T.);
#5832 = LINE('',#5833,#5834);
#5833 = CARTESIAN_POINT('',(-9.73,19.43,5.));
#5834 = VECTOR('',#5835,1.);
#5835 = DIRECTION('',(-0.,-0.,-1.));
#5836 = ORIENTED_EDGE('',*,*,#1478,.F.);
#5837 = SURFACE_OF_LINEAR_EXTRUSION('',#5838,#5841);
#5838 = B_SPLINE_CURVE_WITH_KNOTS('',1,(#5839,#5840),.UNSPECIFIED.,.F.,
  .F.,(2,2),(0.,1.180381294328),.PIECEWISE_BEZIER_KNOTS.);
#5839 = CARTESIAN_POINT('',(-9.76,20.61,5.));
#5840 = CARTESIAN_POINT('',(-9.73,19.43,5.));
#5841 = VECTOR('',#5842,1.);
#5842 = DIRECTION('',(0.,0.,1.));
#5843 = ADVANCED_FACE('',(#5844),#5861,.F.);
#5844 = FACE_BOUND('',#5845,.F.);
#5845 = EDGE_LOOP('',(#5846,#5847,#5854,#5860));
#5846 = ORIENTED_EDGE('',*,*,#5831,.T.);
#5847 = ORIENTED_EDGE('',*,*,#5848,.T.);
#5848 = EDGE_CURVE('',#5825,#5849,#5851,.T.);
#5849 = VERTEX_POINT('',#5850);
#5850 = CARTESIAN_POINT('',(-9.53,18.82,4.8));
#5851 = B_SPLINE_CURVE_WITH_KNOTS('',1,(#5852,#5853),.UNSPECIFIED.,.F.,
  .F.,(2,2),(0.,0.641950153828),.PIECEWISE_BEZIER_KNOTS.);
#5852 = CARTESIAN_POINT('',(-9.73,19.43,4.8));
#5853 = CARTESIAN_POINT('',(-9.53,18.82,4.8));
#5854 = ORIENTED_EDGE('',*,*,#5855,.F.);
#5855 = EDGE_CURVE('',#1465,#5849,#5856,.T.);
#5856 = LINE('',#5857,#5858);
#5857 = CARTESIAN_POINT('',(-9.53,18.82,5.));
#5858 = VECTOR('',#5859,1.);
#5859 = DIRECTION('',(-0.,-0.,-1.));
#5860 = ORIENTED_EDGE('',*,*,#1471,.F.);
#5861 = SURFACE_OF_LINEAR_EXTRUSION('',#5862,#5865);
#5862 = B_SPLINE_CURVE_WITH_KNOTS('',1,(#5863,#5864),.UNSPECIFIED.,.F.,
  .F.,(2,2),(0.,0.641950153828),.PIECEWISE_BEZIER_KNOTS.);
#5863 = CARTESIAN_POINT('',(-9.73,19.43,5.));
#5864 = CARTESIAN_POINT('',(-9.53,18.82,5.));
#5865 = VECTOR('',#5866,1.);
#5866 = DIRECTION('',(0.,0.,1.));
#5867 = ADVANCED_FACE('',(#5868),#5885,.F.);
#5868 = FACE_BOUND('',#5869,.F.);
#5869 = EDGE_LOOP('',(#5870,#5871,#5878,#5884));
#5870 = ORIENTED_EDGE('',*,*,#5855,.T.);
#5871 = ORIENTED_EDGE('',*,*,#5872,.T.);
#5872 = EDGE_CURVE('',#5849,#5873,#5875,.T.);
#5873 = VERTEX_POINT('',#5874);
#5874 = CARTESIAN_POINT('',(-9.27,18.39,4.8));
#5875 = B_SPLINE_CURVE_WITH_KNOTS('',1,(#5876,#5877),.UNSPECIFIED.,.F.,
  .F.,(2,2),(0.,0.502493781056),.PIECEWISE_BEZIER_KNOTS.);
#5876 = CARTESIAN_POINT('',(-9.53,18.82,4.8));
#5877 = CARTESIAN_POINT('',(-9.27,18.39,4.8));
#5878 = ORIENTED_EDGE('',*,*,#5879,.F.);
#5879 = EDGE_CURVE('',#1458,#5873,#5880,.T.);
#5880 = LINE('',#5881,#5882);
#5881 = CARTESIAN_POINT('',(-9.27,18.39,5.));
#5882 = VECTOR('',#5883,1.);
#5883 = DIRECTION('',(-0.,-0.,-1.));
#5884 = ORIENTED_EDGE('',*,*,#1464,.F.);
#5885 = SURFACE_OF_LINEAR_EXTRUSION('',#5886,#5889);
#5886 = B_SPLINE_CURVE_WITH_KNOTS('',1,(#5887,#5888),.UNSPECIFIED.,.F.,
  .F.,(2,2),(0.,0.502493781056),.PIECEWISE_BEZIER_KNOTS.);
#5887 = CARTESIAN_POINT('',(-9.53,18.82,5.));
#5888 = CARTESIAN_POINT('',(-9.27,18.39,5.));
#5889 = VECTOR('',#5890,1.);
#5890 = DIRECTION('',(0.,0.,1.));
#5891 = ADVANCED_FACE('',(#5892),#5909,.F.);
#5892 = FACE_BOUND('',#5893,.F.);
#5893 = EDGE_LOOP('',(#5894,#5895,#5902,#5908));
#5894 = ORIENTED_EDGE('',*,*,#5879,.T.);
#5895 = ORIENTED_EDGE('',*,*,#5896,.T.);
#5896 = EDGE_CURVE('',#5873,#5897,#5899,.T.);
#5897 = VERTEX_POINT('',#5898);
#5898 = CARTESIAN_POINT('',(-8.98,18.06,4.8));
#5899 = B_SPLINE_CURVE_WITH_KNOTS('',1,(#5900,#5901),.UNSPECIFIED.,.F.,
  .F.,(2,2),(0.,0.43931765273),.PIECEWISE_BEZIER_KNOTS.);
#5900 = CARTESIAN_POINT('',(-9.27,18.39,4.8));
#5901 = CARTESIAN_POINT('',(-8.98,18.06,4.8));
#5902 = ORIENTED_EDGE('',*,*,#5903,.F.);
#5903 = EDGE_CURVE('',#1451,#5897,#5904,.T.);
#5904 = LINE('',#5905,#5906);
#5905 = CARTESIAN_POINT('',(-8.98,18.06,5.));
#5906 = VECTOR('',#5907,1.);
#5907 = DIRECTION('',(-0.,-0.,-1.));
#5908 = ORIENTED_EDGE('',*,*,#1457,.F.);
#5909 = SURFACE_OF_LINEAR_EXTRUSION('',#5910,#5913);
#5910 = B_SPLINE_CURVE_WITH_KNOTS('',1,(#5911,#5912),.UNSPECIFIED.,.F.,
  .F.,(2,2),(0.,0.43931765273),.PIECEWISE_BEZIER_KNOTS.);
#5911 = CARTESIAN_POINT('',(-9.27,18.39,5.));
#5912 = CARTESIAN_POINT('',(-8.98,18.06,5.));
#5913 = VECTOR('',#5914,1.);
#5914 = DIRECTION('',(0.,0.,1.));
#5915 = ADVANCED_FACE('',(#5916),#5933,.F.);
#5916 = FACE_BOUND('',#5917,.F.);
#5917 = EDGE_LOOP('',(#5918,#5919,#5926,#5932));
#5918 = ORIENTED_EDGE('',*,*,#5903,.T.);
#5919 = ORIENTED_EDGE('',*,*,#5920,.T.);
#5920 = EDGE_CURVE('',#5897,#5921,#5923,.T.);
#5921 = VERTEX_POINT('',#5922);
#5922 = CARTESIAN_POINT('',(-8.52,17.74,4.8));
#5923 = B_SPLINE_CURVE_WITH_KNOTS('',1,(#5924,#5925),.UNSPECIFIED.,.F.,
  .F.,(2,2),(0.,0.560357029045),.PIECEWISE_BEZIER_KNOTS.);
#5924 = CARTESIAN_POINT('',(-8.98,18.06,4.8));
#5925 = CARTESIAN_POINT('',(-8.52,17.74,4.8));
#5926 = ORIENTED_EDGE('',*,*,#5927,.F.);
#5927 = EDGE_CURVE('',#1444,#5921,#5928,.T.);
#5928 = LINE('',#5929,#5930);
#5929 = CARTESIAN_POINT('',(-8.52,17.74,5.));
#5930 = VECTOR('',#5931,1.);
#5931 = DIRECTION('',(-0.,-0.,-1.));
#5932 = ORIENTED_EDGE('',*,*,#1450,.F.);
#5933 = SURFACE_OF_LINEAR_EXTRUSION('',#5934,#5937);
#5934 = B_SPLINE_CURVE_WITH_KNOTS('',1,(#5935,#5936),.UNSPECIFIED.,.F.,
  .F.,(2,2),(0.,0.560357029045),.PIECEWISE_BEZIER_KNOTS.);
#5935 = CARTESIAN_POINT('',(-8.98,18.06,5.));
#5936 = CARTESIAN_POINT('',(-8.52,17.74,5.));
#5937 = VECTOR('',#5938,1.);
#5938 = DIRECTION('',(0.,0.,1.));
#5939 = ADVANCED_FACE('',(#5940),#5957,.F.);
#5940 = FACE_BOUND('',#5941,.F.);
#5941 = EDGE_LOOP('',(#5942,#5943,#5950,#5956));
#5942 = ORIENTED_EDGE('',*,*,#5927,.T.);
#5943 = ORIENTED_EDGE('',*,*,#5944,.T.);
#5944 = EDGE_CURVE('',#5921,#5945,#5947,.T.);
#5945 = VERTEX_POINT('',#5946);
#5946 = CARTESIAN_POINT('',(-7.96,17.51,4.8));
#5947 = B_SPLINE_CURVE_WITH_KNOTS('',1,(#5948,#5949),.UNSPECIFIED.,.F.,
  .F.,(2,2),(0.,0.605392434707),.PIECEWISE_BEZIER_KNOTS.);
#5948 = CARTESIAN_POINT('',(-8.52,17.74,4.8));
#5949 = CARTESIAN_POINT('',(-7.96,17.51,4.8));
#5950 = ORIENTED_EDGE('',*,*,#5951,.F.);
#5951 = EDGE_CURVE('',#1437,#5945,#5952,.T.);
#5952 = LINE('',#5953,#5954);
#5953 = CARTESIAN_POINT('',(-7.96,17.51,5.));
#5954 = VECTOR('',#5955,1.);
#5955 = DIRECTION('',(-0.,-0.,-1.));
#5956 = ORIENTED_EDGE('',*,*,#1443,.F.);
#5957 = SURFACE_OF_LINEAR_EXTRUSION('',#5958,#5961);
#5958 = B_SPLINE_CURVE_WITH_KNOTS('',1,(#5959,#5960),.UNSPECIFIED.,.F.,
  .F.,(2,2),(0.,0.605392434707),.PIECEWISE_BEZIER_KNOTS.);
#5959 = CARTESIAN_POINT('',(-8.52,17.74,5.));
#5960 = CARTESIAN_POINT('',(-7.96,17.51,5.));
#5961 = VECTOR('',#5962,1.);
#5962 = DIRECTION('',(0.,0.,1.));
#5963 = ADVANCED_FACE('',(#5964),#5981,.F.);
#5964 = FACE_BOUND('',#5965,.F.);
#5965 = EDGE_LOOP('',(#5966,#5967,#5974,#5980));
#5966 = ORIENTED_EDGE('',*,*,#5951,.T.);
#5967 = ORIENTED_EDGE('',*,*,#5968,.T.);
#5968 = EDGE_CURVE('',#5945,#5969,#5971,.T.);
#5969 = VERTEX_POINT('',#5970);
#5970 = CARTESIAN_POINT('',(-7.44,17.41,4.8));
#5971 = B_SPLINE_CURVE_WITH_KNOTS('',1,(#5972,#5973),.UNSPECIFIED.,.F.,
  .F.,(2,2),(0.,0.529528091795),.PIECEWISE_BEZIER_KNOTS.);
#5972 = CARTESIAN_POINT('',(-7.96,17.51,4.8));
#5973 = CARTESIAN_POINT('',(-7.44,17.41,4.8));
#5974 = ORIENTED_EDGE('',*,*,#5975,.F.);
#5975 = EDGE_CURVE('',#1430,#5969,#5976,.T.);
#5976 = LINE('',#5977,#5978);
#5977 = CARTESIAN_POINT('',(-7.44,17.41,5.));
#5978 = VECTOR('',#5979,1.);
#5979 = DIRECTION('',(-0.,-0.,-1.));
#5980 = ORIENTED_EDGE('',*,*,#1436,.F.);
#5981 = SURFACE_OF_LINEAR_EXTRUSION('',#5982,#5985);
#5982 = B_SPLINE_CURVE_WITH_KNOTS('',1,(#5983,#5984),.UNSPECIFIED.,.F.,
  .F.,(2,2),(0.,0.529528091795),.PIECEWISE_BEZIER_KNOTS.);
#5983 = CARTESIAN_POINT('',(-7.96,17.51,5.));
#5984 = CARTESIAN_POINT('',(-7.44,17.41,5.));
#5985 = VECTOR('',#5986,1.);
#5986 = DIRECTION('',(0.,0.,1.));
#5987 = ADVANCED_FACE('',(#5988),#6005,.F.);
#5988 = FACE_BOUND('',#5989,.F.);
#5989 = EDGE_LOOP('',(#5990,#5991,#5998,#6004));
#5990 = ORIENTED_EDGE('',*,*,#5975,.T.);
#5991 = ORIENTED_EDGE('',*,*,#5992,.T.);
#5992 = EDGE_CURVE('',#5969,#5993,#5995,.T.);
#5993 = VERTEX_POINT('',#5994);
#5994 = CARTESIAN_POINT('',(-0.74,17.41,4.8));
#5995 = B_SPLINE_CURVE_WITH_KNOTS('',1,(#5996,#5997),.UNSPECIFIED.,.F.,
  .F.,(2,2),(0.,6.7),.PIECEWISE_BEZIER_KNOTS.);
#5996 = CARTESIAN_POINT('',(-7.44,17.41,4.8));
#5997 = CARTESIAN_POINT('',(-0.74,17.41,4.8));
#5998 = ORIENTED_EDGE('',*,*,#5999,.F.);
#5999 = EDGE_CURVE('',#1423,#5993,#6000,.T.);
#6000 = LINE('',#6001,#6002);
#6001 = CARTESIAN_POINT('',(-0.74,17.41,5.));
#6002 = VECTOR('',#6003,1.);
#6003 = DIRECTION('',(-0.,-0.,-1.));
#6004 = ORIENTED_EDGE('',*,*,#1429,.F.);
#6005 = SURFACE_OF_LINEAR_EXTRUSION('',#6006,#6009);
#6006 = B_SPLINE_CURVE_WITH_KNOTS('',1,(#6007,#6008),.UNSPECIFIED.,.F.,
  .F.,(2,2),(0.,6.7),.PIECEWISE_BEZIER_KNOTS.);
#6007 = CARTESIAN_POINT('',(-7.44,17.41,5.));
#6008 = CARTESIAN_POINT('',(-0.74,17.41,5.));
#6009 = VECTOR('',#6010,1.);
#6010 = DIRECTION('',(0.,0.,1.));
#6011 = ADVANCED_FACE('',(#6012),#6022,.F.);
#6012 = FACE_BOUND('',#6013,.F.);
#6013 = EDGE_LOOP('',(#6014,#6015,#6020,#6021));
#6014 = ORIENTED_EDGE('',*,*,#5999,.T.);
#6015 = ORIENTED_EDGE('',*,*,#6016,.T.);
#6016 = EDGE_CURVE('',#5993,#4977,#6017,.T.);
#6017 = B_SPLINE_CURVE_WITH_KNOTS('',1,(#6018,#6019),.UNSPECIFIED.,.F.,
  .F.,(2,2),(0.,2.477458375029),.PIECEWISE_BEZIER_KNOTS.);
#6018 = CARTESIAN_POINT('',(-0.74,17.41,4.8));
#6019 = CARTESIAN_POINT('',(1.09,19.08,4.8));
#6020 = ORIENTED_EDGE('',*,*,#4976,.F.);
#6021 = ORIENTED_EDGE('',*,*,#1422,.F.);
#6022 = SURFACE_OF_LINEAR_EXTRUSION('',#6023,#6026);
#6023 = B_SPLINE_CURVE_WITH_KNOTS('',1,(#6024,#6025),.UNSPECIFIED.,.F.,
  .F.,(2,2),(0.,2.477458375029),.PIECEWISE_BEZIER_KNOTS.);
#6024 = CARTESIAN_POINT('',(-0.74,17.41,5.));
#6025 = CARTESIAN_POINT('',(1.09,19.08,5.));
#6026 = VECTOR('',#6027,1.);
#6027 = DIRECTION('',(0.,0.,1.));
#6028 = ADVANCED_FACE('',(#6029),#6040,.F.);
#6029 = FACE_BOUND('',#6030,.F.);
#6030 = EDGE_LOOP('',(#6031,#6037,#6038,#6039));
#6031 = ORIENTED_EDGE('',*,*,#6032,.T.);
#6032 = EDGE_CURVE('',#1724,#2742,#6033,.T.);
#6033 = LINE('',#6034,#6035);
#6034 = CARTESIAN_POINT('',(-32.500042,45.49963,5.));
#6035 = VECTOR('',#6036,1.);
#6036 = DIRECTION('',(-0.,-0.,-1.));
#6037 = ORIENTED_EDGE('',*,*,#2741,.T.);
#6038 = ORIENTED_EDGE('',*,*,#6032,.F.);
#6039 = ORIENTED_EDGE('',*,*,#1723,.F.);
#6040 = CYLINDRICAL_SURFACE('',#6041,5.5);
#6041 = AXIS2_PLACEMENT_3D('',#6042,#6043,#6044);
#6042 = CARTESIAN_POINT('',(-38.000042,45.49963,5.));
#6043 = DIRECTION('',(0.,0.,1.));
#6044 = DIRECTION('',(1.,0.,0.));
#6045 = ADVANCED_FACE('',(#6046),#6062,.F.);
#6046 = FACE_BOUND('',#6047,.F.);
#6047 = EDGE_LOOP('',(#6048,#6049,#6055,#6056));
#6048 = ORIENTED_EDGE('',*,*,#1734,.F.);
#6049 = ORIENTED_EDGE('',*,*,#6050,.T.);
#6050 = EDGE_CURVE('',#1735,#2753,#6051,.T.);
#6051 = LINE('',#6052,#6053);
#6052 = CARTESIAN_POINT('',(-24.15669378717,49.999718244591,5.));
#6053 = VECTOR('',#6054,1.);
#6054 = DIRECTION('',(-0.,-0.,-1.));
#6055 = ORIENTED_EDGE('',*,*,#2752,.T.);
#6056 = ORIENTED_EDGE('',*,*,#6057,.F.);
#6057 = EDGE_CURVE('',#1737,#2755,#6058,.T.);
#6058 = LINE('',#6059,#6060);
#6059 = CARTESIAN_POINT('',(-24.58393173705,49.878534971128,5.));
#6060 = VECTOR('',#6061,1.);
#6061 = DIRECTION('',(-0.,-0.,-1.));
#6062 = CYLINDRICAL_SURFACE('',#6063,0.813716472372);
#6063 = AXIS2_PLACEMENT_3D('',#6064,#6065,#6066);
#6064 = CARTESIAN_POINT('',(-24.15669378717,49.186001772219,5.));
#6065 = DIRECTION('',(0.,0.,1.));
#6066 = DIRECTION('',(1.,0.,0.));
#6067 = ADVANCED_FACE('',(#6068),#6079,.T.);
#6068 = FACE_BOUND('',#6069,.T.);
#6069 = EDGE_LOOP('',(#6070,#6071,#6072,#6073));
#6070 = ORIENTED_EDGE('',*,*,#1745,.F.);
#6071 = ORIENTED_EDGE('',*,*,#6050,.T.);
#6072 = ORIENTED_EDGE('',*,*,#2763,.T.);
#6073 = ORIENTED_EDGE('',*,*,#6074,.F.);
#6074 = EDGE_CURVE('',#1746,#2764,#6075,.T.);
#6075 = LINE('',#6076,#6077);
#6076 = CARTESIAN_POINT('',(-18.84386868329,49.999718244591,5.));
#6077 = VECTOR('',#6078,1.);
#6078 = DIRECTION('',(-0.,-0.,-1.));
#6079 = PLANE('',#6080);
#6080 = AXIS2_PLACEMENT_3D('',#6081,#6082,#6083);
#6081 = CARTESIAN_POINT('',(-24.15669378717,49.999718244591,5.));
#6082 = DIRECTION('',(0.,-1.,0.));
#6083 = DIRECTION('',(1.,0.,0.));
#6084 = ADVANCED_FACE('',(#6085),#6096,.F.);
#6085 = FACE_BOUND('',#6086,.F.);
#6086 = EDGE_LOOP('',(#6087,#6088,#6089,#6090));
#6087 = ORIENTED_EDGE('',*,*,#1797,.F.);
#6088 = ORIENTED_EDGE('',*,*,#6057,.T.);
#6089 = ORIENTED_EDGE('',*,*,#2815,.T.);
#6090 = ORIENTED_EDGE('',*,*,#6091,.F.);
#6091 = EDGE_CURVE('',#1789,#2807,#6092,.T.);
#6092 = LINE('',#6093,#6094);
#6093 = CARTESIAN_POINT('',(-24.57871354397,40.513502178957,5.));
#6094 = VECTOR('',#6095,1.);
#6095 = DIRECTION('',(-0.,-0.,-1.));
#6096 = CYLINDRICAL_SURFACE('',#6097,5.5);
#6097 = AXIS2_PLACEMENT_3D('',#6098,#6099,#6100);
#6098 = CARTESIAN_POINT('',(-21.69618298901,45.197626173872,5.));
#6099 = DIRECTION('',(0.,0.,1.));
#6100 = DIRECTION('',(1.,0.,0.));
#6101 = ADVANCED_FACE('',(#6102),#6113,.F.);
#6102 = FACE_BOUND('',#6103,.F.);
#6103 = EDGE_LOOP('',(#6104,#6105,#6111,#6112));
#6104 = ORIENTED_EDGE('',*,*,#1753,.F.);
#6105 = ORIENTED_EDGE('',*,*,#6106,.T.);
#6106 = EDGE_CURVE('',#1754,#2772,#6107,.T.);
#6107 = LINE('',#6108,#6109);
#6108 = CARTESIAN_POINT('',(-18.40032501852,49.873046091813,5.));
#6109 = VECTOR('',#6110,1.);
#6110 = DIRECTION('',(-0.,-0.,-1.));
#6111 = ORIENTED_EDGE('',*,*,#2771,.T.);
#6112 = ORIENTED_EDGE('',*,*,#6074,.F.);
#6113 = CYLINDRICAL_SURFACE('',#6114,0.839872111524);
#6114 = AXIS2_PLACEMENT_3D('',#6115,#6116,#6117);
#6115 = CARTESIAN_POINT('',(-18.84386868329,49.159846133067,5.));
#6116 = DIRECTION('',(0.,0.,1.));
#6117 = DIRECTION('',(1.,0.,0.));
#6118 = ADVANCED_FACE('',(#6119),#6130,.F.);
#6119 = FACE_BOUND('',#6120,.F.);
#6120 = EDGE_LOOP('',(#6121,#6122,#6123,#6124));
#6121 = ORIENTED_EDGE('',*,*,#1788,.F.);
#6122 = ORIENTED_EDGE('',*,*,#6091,.T.);
#6123 = ORIENTED_EDGE('',*,*,#2806,.T.);
#6124 = ORIENTED_EDGE('',*,*,#6125,.F.);
#6125 = EDGE_CURVE('',#1781,#2799,#6126,.T.);
#6126 = LINE('',#6127,#6128);
#6127 = CARTESIAN_POINT('',(-24.17670789068,40.399717863344,5.));
#6128 = VECTOR('',#6129,1.);
#6129 = DIRECTION('',(-0.,-0.,-1.));
#6130 = CYLINDRICAL_SURFACE('',#6131,0.767045153886);
#6131 = AXIS2_PLACEMENT_3D('',#6132,#6133,#6134);
#6132 = CARTESIAN_POINT('',(-24.17670789068,41.166763017229,5.));
#6133 = DIRECTION('',(0.,0.,1.));
#6134 = DIRECTION('',(1.,0.,0.));
#6135 = ADVANCED_FACE('',(#6136),#6147,.F.);
#6136 = FACE_BOUND('',#6137,.F.);
#6137 = EDGE_LOOP('',(#6138,#6139,#6145,#6146));
#6138 = ORIENTED_EDGE('',*,*,#1762,.F.);
#6139 = ORIENTED_EDGE('',*,*,#6140,.T.);
#6140 = EDGE_CURVE('',#1763,#2781,#6141,.T.);
#6141 = LINE('',#6142,#6143);
#6142 = CARTESIAN_POINT('',(-18.4139881121,40.5236311788,5.));
#6143 = VECTOR('',#6144,1.);
#6144 = DIRECTION('',(-0.,-0.,-1.));
#6145 = ORIENTED_EDGE('',*,*,#2780,.T.);
#6146 = ORIENTED_EDGE('',*,*,#6106,.F.);
#6147 = CYLINDRICAL_SURFACE('',#6148,5.5);
#6148 = AXIS2_PLACEMENT_3D('',#6149,#6150,#6151);
#6149 = CARTESIAN_POINT('',(-21.30492218608,45.202573386168,5.));
#6150 = DIRECTION('',(0.,0.,1.));
#6151 = DIRECTION('',(1.,0.,0.));
#6152 = ADVANCED_FACE('',(#6153),#6164,.F.);
#6153 = FACE_BOUND('',#6154,.F.);
#6154 = EDGE_LOOP('',(#6155,#6156,#6157,#6158));
#6155 = ORIENTED_EDGE('',*,*,#1780,.F.);
#6156 = ORIENTED_EDGE('',*,*,#6125,.T.);
#6157 = ORIENTED_EDGE('',*,*,#2798,.T.);
#6158 = ORIENTED_EDGE('',*,*,#6159,.F.);
#6159 = EDGE_CURVE('',#1772,#2790,#6160,.T.);
#6160 = LINE('',#6161,#6162);
#6161 = CARTESIAN_POINT('',(-18.85028532417,40.399717863344,5.));
#6162 = VECTOR('',#6163,1.);
#6163 = DIRECTION('',(-0.,-0.,-1.));
#6164 = PLANE('',#6165);
#6165 = AXIS2_PLACEMENT_3D('',#6166,#6167,#6168);
#6166 = CARTESIAN_POINT('',(-24.17670789068,40.399717863344,5.));
#6167 = DIRECTION('',(0.,-1.,0.));
#6168 = DIRECTION('',(1.,0.,0.));
#6169 = ADVANCED_FACE('',(#6170),#6176,.F.);
#6170 = FACE_BOUND('',#6171,.F.);
#6171 = EDGE_LOOP('',(#6172,#6173,#6174,#6175));
#6172 = ORIENTED_EDGE('',*,*,#1771,.F.);
#6173 = ORIENTED_EDGE('',*,*,#6159,.T.);
#6174 = ORIENTED_EDGE('',*,*,#2789,.T.);
#6175 = ORIENTED_EDGE('',*,*,#6140,.F.);
#6176 = CYLINDRICAL_SURFACE('',#6177,0.830055132692);
#6177 = AXIS2_PLACEMENT_3D('',#6178,#6179,#6180);
#6178 = CARTESIAN_POINT('',(-18.85028532417,41.229772996035,5.));
#6179 = DIRECTION('',(0.,0.,1.));
#6180 = DIRECTION('',(1.,0.,0.));
#6181 = ADVANCED_FACE('',(#6182),#6201,.F.);
#6182 = FACE_BOUND('',#6183,.T.);
#6183 = EDGE_LOOP('',(#6184,#6192,#6193,#6194));
#6184 = ORIENTED_EDGE('',*,*,#6185,.F.);
#6185 = EDGE_CURVE('',#1818,#6186,#6188,.T.);
#6186 = VERTEX_POINT('',#6187);
#6187 = CARTESIAN_POINT('',(-2.400124,49.000004,3.1));
#6188 = LINE('',#6189,#6190);
#6189 = CARTESIAN_POINT('',(-0.500124,49.000004,5.));
#6190 = VECTOR('',#6191,1.);
#6191 = DIRECTION('',(-0.707106781187,0.,-0.707106781187));
#6192 = ORIENTED_EDGE('',*,*,#1817,.T.);
#6193 = ORIENTED_EDGE('',*,*,#6185,.T.);
#6194 = ORIENTED_EDGE('',*,*,#6195,.F.);
#6195 = EDGE_CURVE('',#6186,#6186,#6196,.T.);
#6196 = CIRCLE('',#6197,1.6);
#6197 = AXIS2_PLACEMENT_3D('',#6198,#6199,#6200);
#6198 = CARTESIAN_POINT('',(-4.000124,49.000004,3.1));
#6199 = DIRECTION('',(0.,0.,1.));
#6200 = DIRECTION('',(1.,0.,0.));
#6201 = CONICAL_SURFACE('',#6202,3.5,0.785398163397);
#6202 = AXIS2_PLACEMENT_3D('',#6203,#6204,#6205);
#6203 = CARTESIAN_POINT('',(-4.000124,49.000004,5.));
#6204 = DIRECTION('',(0.,0.,1.));
#6205 = DIRECTION('',(1.,0.,0.));
#6206 = ADVANCED_FACE('',(#6207),#6231,.F.);
#6207 = FACE_BOUND('',#6208,.F.);
#6208 = EDGE_LOOP('',(#6209,#6217,#6224,#6230));
#6209 = ORIENTED_EDGE('',*,*,#6210,.T.);
#6210 = EDGE_CURVE('',#1840,#6211,#6213,.T.);
#6211 = VERTEX_POINT('',#6212);
#6212 = CARTESIAN_POINT('',(20.,13.68,4.8));
#6213 = LINE('',#6214,#6215);
#6214 = CARTESIAN_POINT('',(20.,13.68,5.));
#6215 = VECTOR('',#6216,1.);
#6216 = DIRECTION('',(-0.,-0.,-1.));
#6217 = ORIENTED_EDGE('',*,*,#6218,.T.);
#6218 = EDGE_CURVE('',#6211,#6219,#6221,.T.);
#6219 = VERTEX_POINT('',#6220);
#6220 = CARTESIAN_POINT('',(20.31,14.2,4.8));
#6221 = B_SPLINE_CURVE_WITH_KNOTS('',1,(#6222,#6223),.UNSPECIFIED.,.F.,
  .F.,(2,2),(0.,0.605392434707),.PIECEWISE_BEZIER_KNOTS.);
#6222 = CARTESIAN_POINT('',(20.,13.68,4.8));
#6223 = CARTESIAN_POINT('',(20.31,14.2,4.8));
#6224 = ORIENTED_EDGE('',*,*,#6225,.F.);
#6225 = EDGE_CURVE('',#1842,#6219,#6226,.T.);
#6226 = LINE('',#6227,#6228);
#6227 = CARTESIAN_POINT('',(20.31,14.2,5.));
#6228 = VECTOR('',#6229,1.);
#6229 = DIRECTION('',(-0.,-0.,-1.));
#6230 = ORIENTED_EDGE('',*,*,#1839,.F.);
#6231 = SURFACE_OF_LINEAR_EXTRUSION('',#6232,#6235);
#6232 = B_SPLINE_CURVE_WITH_KNOTS('',1,(#6233,#6234),.UNSPECIFIED.,.F.,
  .F.,(2,2),(0.,0.605392434707),.PIECEWISE_BEZIER_KNOTS.);
#6233 = CARTESIAN_POINT('',(20.,13.68,5.));
#6234 = CARTESIAN_POINT('',(20.31,14.2,5.));
#6235 = VECTOR('',#6236,1.);
#6236 = DIRECTION('',(0.,0.,1.));
#6237 = ADVANCED_FACE('',(#6238),#6255,.F.);
#6238 = FACE_BOUND('',#6239,.F.);
#6239 = EDGE_LOOP('',(#6240,#6241,#6248,#6254));
#6240 = ORIENTED_EDGE('',*,*,#6225,.T.);
#6241 = ORIENTED_EDGE('',*,*,#6242,.T.);
#6242 = EDGE_CURVE('',#6219,#6243,#6245,.T.);
#6243 = VERTEX_POINT('',#6244);
#6244 = CARTESIAN_POINT('',(20.54,14.49,4.8));
#6245 = B_SPLINE_CURVE_WITH_KNOTS('',1,(#6246,#6247),.UNSPECIFIED.,.F.,
  .F.,(2,2),(0.,0.370135110466),.PIECEWISE_BEZIER_KNOTS.);
#6246 = CARTESIAN_POINT('',(20.31,14.2,4.8));
#6247 = CARTESIAN_POINT('',(20.54,14.49,4.8));
#6248 = ORIENTED_EDGE('',*,*,#6249,.F.);
#6249 = EDGE_CURVE('',#2073,#6243,#6250,.T.);
#6250 = LINE('',#6251,#6252);
#6251 = CARTESIAN_POINT('',(20.54,14.49,5.));
#6252 = VECTOR('',#6253,1.);
#6253 = DIRECTION('',(-0.,-0.,-1.));
#6254 = ORIENTED_EDGE('',*,*,#2079,.F.);
#6255 = SURFACE_OF_LINEAR_EXTRUSION('',#6256,#6259);
#6256 = B_SPLINE_CURVE_WITH_KNOTS('',1,(#6257,#6258),.UNSPECIFIED.,.F.,
  .F.,(2,2),(0.,0.370135110466),.PIECEWISE_BEZIER_KNOTS.);
#6257 = CARTESIAN_POINT('',(20.31,14.2,5.));
#6258 = CARTESIAN_POINT('',(20.54,14.49,5.));
#6259 = VECTOR('',#6260,1.);
#6260 = DIRECTION('',(0.,0.,1.));
#6261 = ADVANCED_FACE('',(#6262),#6279,.F.);
#6262 = FACE_BOUND('',#6263,.F.);
#6263 = EDGE_LOOP('',(#6264,#6265,#6272,#6278));
#6264 = ORIENTED_EDGE('',*,*,#6249,.T.);
#6265 = ORIENTED_EDGE('',*,*,#6266,.T.);
#6266 = EDGE_CURVE('',#6243,#6267,#6269,.T.);
#6267 = VERTEX_POINT('',#6268);
#6268 = CARTESIAN_POINT('',(20.45,14.59,4.8));
#6269 = B_SPLINE_CURVE_WITH_KNOTS('',1,(#6270,#6271),.UNSPECIFIED.,.F.,
  .F.,(2,2),(0.,0.134536240471),.PIECEWISE_BEZIER_KNOTS.);
#6270 = CARTESIAN_POINT('',(20.54,14.49,4.8));
#6271 = CARTESIAN_POINT('',(20.45,14.59,4.8));
#6272 = ORIENTED_EDGE('',*,*,#6273,.F.);
#6273 = EDGE_CURVE('',#2066,#6267,#6274,.T.);
#6274 = LINE('',#6275,#6276);
#6275 = CARTESIAN_POINT('',(20.45,14.59,5.));
#6276 = VECTOR('',#6277,1.);
#6277 = DIRECTION('',(-0.,-0.,-1.));
#6278 = ORIENTED_EDGE('',*,*,#2072,.F.);
#6279 = SURFACE_OF_LINEAR_EXTRUSION('',#6280,#6283);
#6280 = B_SPLINE_CURVE_WITH_KNOTS('',1,(#6281,#6282),.UNSPECIFIED.,.F.,
  .F.,(2,2),(0.,0.134536240471),.PIECEWISE_BEZIER_KNOTS.);
#6281 = CARTESIAN_POINT('',(20.54,14.49,5.));
#6282 = CARTESIAN_POINT('',(20.45,14.59,5.));
#6283 = VECTOR('',#6284,1.);
#6284 = DIRECTION('',(0.,0.,1.));
#6285 = ADVANCED_FACE('',(#6286),#6303,.F.);
#6286 = FACE_BOUND('',#6287,.F.);
#6287 = EDGE_LOOP('',(#6288,#6289,#6296,#6302));
#6288 = ORIENTED_EDGE('',*,*,#6273,.T.);
#6289 = ORIENTED_EDGE('',*,*,#6290,.T.);
#6290 = EDGE_CURVE('',#6267,#6291,#6293,.T.);
#6291 = VERTEX_POINT('',#6292);
#6292 = CARTESIAN_POINT('',(19.74,15.3,4.8));
#6293 = B_SPLINE_CURVE_WITH_KNOTS('',1,(#6294,#6295),.UNSPECIFIED.,.F.,
  .F.,(2,2),(0.,1.004091629285),.PIECEWISE_BEZIER_KNOTS.);
#6294 = CARTESIAN_POINT('',(20.45,14.59,4.8));
#6295 = CARTESIAN_POINT('',(19.74,15.3,4.8));
#6296 = ORIENTED_EDGE('',*,*,#6297,.F.);
#6297 = EDGE_CURVE('',#2059,#6291,#6298,.T.);
#6298 = LINE('',#6299,#6300);
#6299 = CARTESIAN_POINT('',(19.74,15.3,5.));
#6300 = VECTOR('',#6301,1.);
#6301 = DIRECTION('',(-0.,-0.,-1.));
#6302 = ORIENTED_EDGE('',*,*,#2065,.F.);
#6303 = SURFACE_OF_LINEAR_EXTRUSION('',#6304,#6307);
#6304 = B_SPLINE_CURVE_WITH_KNOTS('',1,(#6305,#6306),.UNSPECIFIED.,.F.,
  .F.,(2,2),(0.,1.004091629285),.PIECEWISE_BEZIER_KNOTS.);
#6305 = CARTESIAN_POINT('',(20.45,14.59,5.));
#6306 = CARTESIAN_POINT('',(19.74,15.3,5.));
#6307 = VECTOR('',#6308,1.);
#6308 = DIRECTION('',(0.,0.,1.));
#6309 = ADVANCED_FACE('',(#6310),#6327,.F.);
#6310 = FACE_BOUND('',#6311,.F.);
#6311 = EDGE_LOOP('',(#6312,#6313,#6320,#6326));
#6312 = ORIENTED_EDGE('',*,*,#6297,.T.);
#6313 = ORIENTED_EDGE('',*,*,#6314,.T.);
#6314 = EDGE_CURVE('',#6291,#6315,#6317,.T.);
#6315 = VERTEX_POINT('',#6316);
#6316 = CARTESIAN_POINT('',(18.96,16.19,4.8));
#6317 = B_SPLINE_CURVE_WITH_KNOTS('',1,(#6318,#6319),.UNSPECIFIED.,.F.,
  .F.,(2,2),(0.,1.183427226322),.PIECEWISE_BEZIER_KNOTS.);
#6318 = CARTESIAN_POINT('',(19.74,15.3,4.8));
#6319 = CARTESIAN_POINT('',(18.96,16.19,4.8));
#6320 = ORIENTED_EDGE('',*,*,#6321,.F.);
#6321 = EDGE_CURVE('',#2052,#6315,#6322,.T.);
#6322 = LINE('',#6323,#6324);
#6323 = CARTESIAN_POINT('',(18.96,16.19,5.));
#6324 = VECTOR('',#6325,1.);
#6325 = DIRECTION('',(-0.,-0.,-1.));
#6326 = ORIENTED_EDGE('',*,*,#2058,.F.);
#6327 = SURFACE_OF_LINEAR_EXTRUSION('',#6328,#6331);
#6328 = B_SPLINE_CURVE_WITH_KNOTS('',1,(#6329,#6330),.UNSPECIFIED.,.F.,
  .F.,(2,2),(0.,1.183427226322),.PIECEWISE_BEZIER_KNOTS.);
#6329 = CARTESIAN_POINT('',(19.74,15.3,5.));
#6330 = CARTESIAN_POINT('',(18.96,16.19,5.));
#6331 = VECTOR('',#6332,1.);
#6332 = DIRECTION('',(0.,0.,1.));
#6333 = ADVANCED_FACE('',(#6334),#6351,.F.);
#6334 = FACE_BOUND('',#6335,.F.);
#6335 = EDGE_LOOP('',(#6336,#6337,#6344,#6350));
#6336 = ORIENTED_EDGE('',*,*,#6321,.T.);
#6337 = ORIENTED_EDGE('',*,*,#6338,.T.);
#6338 = EDGE_CURVE('',#6315,#6339,#6341,.T.);
#6339 = VERTEX_POINT('',#6340);
#6340 = CARTESIAN_POINT('',(18.62,16.49,4.8));
#6341 = B_SPLINE_CURVE_WITH_KNOTS('',1,(#6342,#6343),.UNSPECIFIED.,.F.,
  .F.,(2,2),(0.,0.45343136195),.PIECEWISE_BEZIER_KNOTS.);
#6342 = CARTESIAN_POINT('',(18.96,16.19,4.8));
#6343 = CARTESIAN_POINT('',(18.62,16.49,4.8));
#6344 = ORIENTED_EDGE('',*,*,#6345,.F.);
#6345 = EDGE_CURVE('',#2045,#6339,#6346,.T.);
#6346 = LINE('',#6347,#6348);
#6347 = CARTESIAN_POINT('',(18.62,16.49,5.));
#6348 = VECTOR('',#6349,1.);
#6349 = DIRECTION('',(-0.,-0.,-1.));
#6350 = ORIENTED_EDGE('',*,*,#2051,.F.);
#6351 = SURFACE_OF_LINEAR_EXTRUSION('',#6352,#6355);
#6352 = B_SPLINE_CURVE_WITH_KNOTS('',1,(#6353,#6354),.UNSPECIFIED.,.F.,
  .F.,(2,2),(0.,0.45343136195),.PIECEWISE_BEZIER_KNOTS.);
#6353 = CARTESIAN_POINT('',(18.96,16.19,5.));
#6354 = CARTESIAN_POINT('',(18.62,16.49,5.));
#6355 = VECTOR('',#6356,1.);
#6356 = DIRECTION('',(0.,0.,1.));
#6357 = ADVANCED_FACE('',(#6358),#6375,.F.);
#6358 = FACE_BOUND('',#6359,.F.);
#6359 = EDGE_LOOP('',(#6360,#6361,#6368,#6374));
#6360 = ORIENTED_EDGE('',*,*,#6345,.T.);
#6361 = ORIENTED_EDGE('',*,*,#6362,.T.);
#6362 = EDGE_CURVE('',#6339,#6363,#6365,.T.);
#6363 = VERTEX_POINT('',#6364);
#6364 = CARTESIAN_POINT('',(16.68,18.46,4.8));
#6365 = B_SPLINE_CURVE_WITH_KNOTS('',1,(#6366,#6367),.UNSPECIFIED.,.F.,
  .F.,(2,2),(0.,2.764868893818),.PIECEWISE_BEZIER_KNOTS.);
#6366 = CARTESIAN_POINT('',(18.62,16.49,4.8));
#6367 = CARTESIAN_POINT('',(16.68,18.46,4.8));
#6368 = ORIENTED_EDGE('',*,*,#6369,.F.);
#6369 = EDGE_CURVE('',#2038,#6363,#6370,.T.);
#6370 = LINE('',#6371,#6372);
#6371 = CARTESIAN_POINT('',(16.68,18.46,5.));
#6372 = VECTOR('',#6373,1.);
#6373 = DIRECTION('',(-0.,-0.,-1.));
#6374 = ORIENTED_EDGE('',*,*,#2044,.F.);
#6375 = SURFACE_OF_LINEAR_EXTRUSION('',#6376,#6379);
#6376 = B_SPLINE_CURVE_WITH_KNOTS('',1,(#6377,#6378),.UNSPECIFIED.,.F.,
  .F.,(2,2),(0.,2.764868893818),.PIECEWISE_BEZIER_KNOTS.);
#6377 = CARTESIAN_POINT('',(18.62,16.49,5.));
#6378 = CARTESIAN_POINT('',(16.68,18.46,5.));
#6379 = VECTOR('',#6380,1.);
#6380 = DIRECTION('',(0.,0.,1.));
#6381 = ADVANCED_FACE('',(#6382),#6399,.F.);
#6382 = FACE_BOUND('',#6383,.F.);
#6383 = EDGE_LOOP('',(#6384,#6385,#6392,#6398));
#6384 = ORIENTED_EDGE('',*,*,#6369,.T.);
#6385 = ORIENTED_EDGE('',*,*,#6386,.T.);
#6386 = EDGE_CURVE('',#6363,#6387,#6389,.T.);
#6387 = VERTEX_POINT('',#6388);
#6388 = CARTESIAN_POINT('',(12.39,22.62,4.8));
#6389 = B_SPLINE_CURVE_WITH_KNOTS('',1,(#6390,#6391),.UNSPECIFIED.,.F.,
  .F.,(2,2),(0.,5.975759365972),.PIECEWISE_BEZIER_KNOTS.);
#6390 = CARTESIAN_POINT('',(16.68,18.46,4.8));
#6391 = CARTESIAN_POINT('',(12.39,22.62,4.8));
#6392 = ORIENTED_EDGE('',*,*,#6393,.F.);
#6393 = EDGE_CURVE('',#2031,#6387,#6394,.T.);
#6394 = LINE('',#6395,#6396);
#6395 = CARTESIAN_POINT('',(12.39,22.62,5.));
#6396 = VECTOR('',#6397,1.);
#6397 = DIRECTION('',(-0.,-0.,-1.));
#6398 = ORIENTED_EDGE('',*,*,#2037,.F.);
#6399 = SURFACE_OF_LINEAR_EXTRUSION('',#6400,#6403);
#6400 = B_SPLINE_CURVE_WITH_KNOTS('',1,(#6401,#6402),.UNSPECIFIED.,.F.,
  .F.,(2,2),(0.,5.975759365972),.PIECEWISE_BEZIER_KNOTS.);
#6401 = CARTESIAN_POINT('',(16.68,18.46,5.));
#6402 = CARTESIAN_POINT('',(12.39,22.62,5.));
#6403 = VECTOR('',#6404,1.);
#6404 = DIRECTION('',(0.,0.,1.));
#6405 = ADVANCED_FACE('',(#6406),#6423,.F.);
#6406 = FACE_BOUND('',#6407,.F.);
#6407 = EDGE_LOOP('',(#6408,#6409,#6416,#6422));
#6408 = ORIENTED_EDGE('',*,*,#6393,.T.);
#6409 = ORIENTED_EDGE('',*,*,#6410,.T.);
#6410 = EDGE_CURVE('',#6387,#6411,#6413,.T.);
#6411 = VERTEX_POINT('',#6412);
#6412 = CARTESIAN_POINT('',(11.75,22.07,4.8));
#6413 = B_SPLINE_CURVE_WITH_KNOTS('',1,(#6414,#6415),.UNSPECIFIED.,.F.,
  .F.,(2,2),(0.,0.843860177992),.PIECEWISE_BEZIER_KNOTS.);
#6414 = CARTESIAN_POINT('',(12.39,22.62,4.8));
#6415 = CARTESIAN_POINT('',(11.75,22.07,4.8));
#6416 = ORIENTED_EDGE('',*,*,#6417,.F.);
#6417 = EDGE_CURVE('',#2024,#6411,#6418,.T.);
#6418 = LINE('',#6419,#6420);
#6419 = CARTESIAN_POINT('',(11.75,22.07,5.));
#6420 = VECTOR('',#6421,1.);
#6421 = DIRECTION('',(-0.,-0.,-1.));
#6422 = ORIENTED_EDGE('',*,*,#2030,.F.);
#6423 = SURFACE_OF_LINEAR_EXTRUSION('',#6424,#6427);
#6424 = B_SPLINE_CURVE_WITH_KNOTS('',1,(#6425,#6426),.UNSPECIFIED.,.F.,
  .F.,(2,2),(0.,0.843860177992),.PIECEWISE_BEZIER_KNOTS.);
#6425 = CARTESIAN_POINT('',(12.39,22.62,5.));
#6426 = CARTESIAN_POINT('',(11.75,22.07,5.));
#6427 = VECTOR('',#6428,1.);
#6428 = DIRECTION('',(0.,0.,1.));
#6429 = ADVANCED_FACE('',(#6430),#6447,.F.);
#6430 = FACE_BOUND('',#6431,.F.);
#6431 = EDGE_LOOP('',(#6432,#6433,#6440,#6446));
#6432 = ORIENTED_EDGE('',*,*,#6417,.T.);
#6433 = ORIENTED_EDGE('',*,*,#6434,.T.);
#6434 = EDGE_CURVE('',#6411,#6435,#6437,.T.);
#6435 = VERTEX_POINT('',#6436);
#6436 = CARTESIAN_POINT('',(10.28,20.67,4.8));
#6437 = B_SPLINE_CURVE_WITH_KNOTS('',1,(#6438,#6439),.UNSPECIFIED.,.F.,
  .F.,(2,2),(0.,2.03),.PIECEWISE_BEZIER_KNOTS.);
#6438 = CARTESIAN_POINT('',(11.75,22.07,4.8));
#6439 = CARTESIAN_POINT('',(10.28,20.67,4.8));
#6440 = ORIENTED_EDGE('',*,*,#6441,.F.);
#6441 = EDGE_CURVE('',#2017,#6435,#6442,.T.);
#6442 = LINE('',#6443,#6444);
#6443 = CARTESIAN_POINT('',(10.28,20.67,5.));
#6444 = VECTOR('',#6445,1.);
#6445 = DIRECTION('',(-0.,-0.,-1.));
#6446 = ORIENTED_EDGE('',*,*,#2023,.F.);
#6447 = SURFACE_OF_LINEAR_EXTRUSION('',#6448,#6451);
#6448 = B_SPLINE_CURVE_WITH_KNOTS('',1,(#6449,#6450),.UNSPECIFIED.,.F.,
  .F.,(2,2),(0.,2.03),.PIECEWISE_BEZIER_KNOTS.);
#6449 = CARTESIAN_POINT('',(11.75,22.07,5.));
#6450 = CARTESIAN_POINT('',(10.28,20.67,5.));
#6451 = VECTOR('',#6452,1.);
#6452 = DIRECTION('',(0.,0.,1.));
#6453 = ADVANCED_FACE('',(#6454),#6471,.F.);
#6454 = FACE_BOUND('',#6455,.F.);
#6455 = EDGE_LOOP('',(#6456,#6457,#6464,#6470));
#6456 = ORIENTED_EDGE('',*,*,#6441,.T.);
#6457 = ORIENTED_EDGE('',*,*,#6458,.T.);
#6458 = EDGE_CURVE('',#6435,#6459,#6461,.T.);
#6459 = VERTEX_POINT('',#6460);
#6460 = CARTESIAN_POINT('',(9.92,20.37,4.8));
#6461 = B_SPLINE_CURVE_WITH_KNOTS('',1,(#6462,#6463),.UNSPECIFIED.,.F.,
  .F.,(2,2),(0.,0.468614980554),.PIECEWISE_BEZIER_KNOTS.);
#6462 = CARTESIAN_POINT('',(10.28,20.67,4.8));
#6463 = CARTESIAN_POINT('',(9.92,20.37,4.8));
#6464 = ORIENTED_EDGE('',*,*,#6465,.F.);
#6465 = EDGE_CURVE('',#2010,#6459,#6466,.T.);
#6466 = LINE('',#6467,#6468);
#6467 = CARTESIAN_POINT('',(9.92,20.37,5.));
#6468 = VECTOR('',#6469,1.);
#6469 = DIRECTION('',(-0.,-0.,-1.));
#6470 = ORIENTED_EDGE('',*,*,#2016,.F.);
#6471 = SURFACE_OF_LINEAR_EXTRUSION('',#6472,#6475);
#6472 = B_SPLINE_CURVE_WITH_KNOTS('',1,(#6473,#6474),.UNSPECIFIED.,.F.,
  .F.,(2,2),(0.,0.468614980554),.PIECEWISE_BEZIER_KNOTS.);
#6473 = CARTESIAN_POINT('',(10.28,20.67,5.));
#6474 = CARTESIAN_POINT('',(9.92,20.37,5.));
#6475 = VECTOR('',#6476,1.);
#6476 = DIRECTION('',(0.,0.,1.));
#6477 = ADVANCED_FACE('',(#6478),#6495,.F.);
#6478 = FACE_BOUND('',#6479,.F.);
#6479 = EDGE_LOOP('',(#6480,#6481,#6488,#6494));
#6480 = ORIENTED_EDGE('',*,*,#6465,.T.);
#6481 = ORIENTED_EDGE('',*,*,#6482,.T.);
#6482 = EDGE_CURVE('',#6459,#6483,#6485,.T.);
#6483 = VERTEX_POINT('',#6484);
#6484 = CARTESIAN_POINT('',(9.81,20.23,4.8));
#6485 = B_SPLINE_CURVE_WITH_KNOTS('',1,(#6486,#6487),.UNSPECIFIED.,.F.,
  .F.,(2,2),(0.,0.178044938148),.PIECEWISE_BEZIER_KNOTS.);
#6486 = CARTESIAN_POINT('',(9.92,20.37,4.8));
#6487 = CARTESIAN_POINT('',(9.81,20.23,4.8));
#6488 = ORIENTED_EDGE('',*,*,#6489,.F.);
#6489 = EDGE_CURVE('',#2003,#6483,#6490,.T.);
#6490 = LINE('',#6491,#6492);
#6491 = CARTESIAN_POINT('',(9.81,20.23,5.));
#6492 = VECTOR('',#6493,1.);
#6493 = DIRECTION('',(-0.,-0.,-1.));
#6494 = ORIENTED_EDGE('',*,*,#2009,.F.);
#6495 = SURFACE_OF_LINEAR_EXTRUSION('',#6496,#6499);
#6496 = B_SPLINE_CURVE_WITH_KNOTS('',1,(#6497,#6498),.UNSPECIFIED.,.F.,
  .F.,(2,2),(0.,0.178044938148),.PIECEWISE_BEZIER_KNOTS.);
#6497 = CARTESIAN_POINT('',(9.92,20.37,5.));
#6498 = CARTESIAN_POINT('',(9.81,20.23,5.));
#6499 = VECTOR('',#6500,1.);
#6500 = DIRECTION('',(0.,0.,1.));
#6501 = ADVANCED_FACE('',(#6502),#6519,.F.);
#6502 = FACE_BOUND('',#6503,.F.);
#6503 = EDGE_LOOP('',(#6504,#6505,#6512,#6518));
#6504 = ORIENTED_EDGE('',*,*,#6489,.T.);
#6505 = ORIENTED_EDGE('',*,*,#6506,.T.);
#6506 = EDGE_CURVE('',#6483,#6507,#6509,.T.);
#6507 = VERTEX_POINT('',#6508);
#6508 = CARTESIAN_POINT('',(9.5,19.99,4.8));
#6509 = B_SPLINE_CURVE_WITH_KNOTS('',1,(#6510,#6511),.UNSPECIFIED.,.F.,
  .F.,(2,2),(0.,0.392045915678),.PIECEWISE_BEZIER_KNOTS.);
#6510 = CARTESIAN_POINT('',(9.81,20.23,4.8));
#6511 = CARTESIAN_POINT('',(9.5,19.99,4.8));
#6512 = ORIENTED_EDGE('',*,*,#6513,.F.);
#6513 = EDGE_CURVE('',#1996,#6507,#6514,.T.);
#6514 = LINE('',#6515,#6516);
#6515 = CARTESIAN_POINT('',(9.5,19.99,5.));
#6516 = VECTOR('',#6517,1.);
#6517 = DIRECTION('',(-0.,-0.,-1.));
#6518 = ORIENTED_EDGE('',*,*,#2002,.F.);
#6519 = SURFACE_OF_LINEAR_EXTRUSION('',#6520,#6523);
#6520 = B_SPLINE_CURVE_WITH_KNOTS('',1,(#6521,#6522),.UNSPECIFIED.,.F.,
  .F.,(2,2),(0.,0.392045915678),.PIECEWISE_BEZIER_KNOTS.);
#6521 = CARTESIAN_POINT('',(9.81,20.23,5.));
#6522 = CARTESIAN_POINT('',(9.5,19.99,5.));
#6523 = VECTOR('',#6524,1.);
#6524 = DIRECTION('',(0.,0.,1.));
#6525 = ADVANCED_FACE('',(#6526),#6543,.F.);
#6526 = FACE_BOUND('',#6527,.F.);
#6527 = EDGE_LOOP('',(#6528,#6529,#6536,#6542));
#6528 = ORIENTED_EDGE('',*,*,#6513,.T.);
#6529 = ORIENTED_EDGE('',*,*,#6530,.T.);
#6530 = EDGE_CURVE('',#6507,#6531,#6533,.T.);
#6531 = VERTEX_POINT('',#6532);
#6532 = CARTESIAN_POINT('',(7.32,17.95,4.8));
#6533 = B_SPLINE_CURVE_WITH_KNOTS('',1,(#6534,#6535),.UNSPECIFIED.,.F.,
  .F.,(2,2),(0.,2.985632261348),.PIECEWISE_BEZIER_KNOTS.);
#6534 = CARTESIAN_POINT('',(9.5,19.99,4.8));
#6535 = CARTESIAN_POINT('',(7.32,17.95,4.8));
#6536 = ORIENTED_EDGE('',*,*,#6537,.F.);
#6537 = EDGE_CURVE('',#1989,#6531,#6538,.T.);
#6538 = LINE('',#6539,#6540);
#6539 = CARTESIAN_POINT('',(7.32,17.95,5.));
#6540 = VECTOR('',#6541,1.);
#6541 = DIRECTION('',(-0.,-0.,-1.));
#6542 = ORIENTED_EDGE('',*,*,#1995,.F.);
#6543 = SURFACE_OF_LINEAR_EXTRUSION('',#6544,#6547);
#6544 = B_SPLINE_CURVE_WITH_KNOTS('',1,(#6545,#6546),.UNSPECIFIED.,.F.,
  .F.,(2,2),(0.,2.985632261348),.PIECEWISE_BEZIER_KNOTS.);
#6545 = CARTESIAN_POINT('',(9.5,19.99,5.));
#6546 = CARTESIAN_POINT('',(7.32,17.95,5.));
#6547 = VECTOR('',#6548,1.);
#6548 = DIRECTION('',(0.,0.,1.));
#6549 = ADVANCED_FACE('',(#6550),#6567,.F.);
#6550 = FACE_BOUND('',#6551,.F.);
#6551 = EDGE_LOOP('',(#6552,#6553,#6560,#6566));
#6552 = ORIENTED_EDGE('',*,*,#6537,.T.);
#6553 = ORIENTED_EDGE('',*,*,#6554,.T.);
#6554 = EDGE_CURVE('',#6531,#6555,#6557,.T.);
#6555 = VERTEX_POINT('',#6556);
#6556 = CARTESIAN_POINT('',(6.95,17.64,4.8));
#6557 = B_SPLINE_CURVE_WITH_KNOTS('',1,(#6558,#6559),.UNSPECIFIED.,.F.,
  .F.,(2,2),(0.,0.482700735446),.PIECEWISE_BEZIER_KNOTS.);
#6558 = CARTESIAN_POINT('',(7.32,17.95,4.8));
#6559 = CARTESIAN_POINT('',(6.95,17.64,4.8));
#6560 = ORIENTED_EDGE('',*,*,#6561,.F.);
#6561 = EDGE_CURVE('',#1982,#6555,#6562,.T.);
#6562 = LINE('',#6563,#6564);
#6563 = CARTESIAN_POINT('',(6.95,17.64,5.));
#6564 = VECTOR('',#6565,1.);
#6565 = DIRECTION('',(-0.,-0.,-1.));
#6566 = ORIENTED_EDGE('',*,*,#1988,.F.);
#6567 = SURFACE_OF_LINEAR_EXTRUSION('',#6568,#6571);
#6568 = B_SPLINE_CURVE_WITH_KNOTS('',1,(#6569,#6570),.UNSPECIFIED.,.F.,
  .F.,(2,2),(0.,0.482700735446),.PIECEWISE_BEZIER_KNOTS.);
#6569 = CARTESIAN_POINT('',(7.32,17.95,5.));
#6570 = CARTESIAN_POINT('',(6.95,17.64,5.));
#6571 = VECTOR('',#6572,1.);
#6572 = DIRECTION('',(0.,0.,1.));
#6573 = ADVANCED_FACE('',(#6574),#6591,.F.);
#6574 = FACE_BOUND('',#6575,.F.);
#6575 = EDGE_LOOP('',(#6576,#6577,#6584,#6590));
#6576 = ORIENTED_EDGE('',*,*,#6561,.T.);
#6577 = ORIENTED_EDGE('',*,*,#6578,.T.);
#6578 = EDGE_CURVE('',#6555,#6579,#6581,.T.);
#6579 = VERTEX_POINT('',#6580);
#6580 = CARTESIAN_POINT('',(6.47,17.17,4.8));
#6581 = B_SPLINE_CURVE_WITH_KNOTS('',1,(#6582,#6583),.UNSPECIFIED.,.F.,
  .F.,(2,2),(0.,0.671788657243),.PIECEWISE_BEZIER_KNOTS.);
#6582 = CARTESIAN_POINT('',(6.95,17.64,4.8));
#6583 = CARTESIAN_POINT('',(6.47,17.17,4.8));
#6584 = ORIENTED_EDGE('',*,*,#6585,.F.);
#6585 = EDGE_CURVE('',#1975,#6579,#6586,.T.);
#6586 = LINE('',#6587,#6588);
#6587 = CARTESIAN_POINT('',(6.47,17.17,5.));
#6588 = VECTOR('',#6589,1.);
#6589 = DIRECTION('',(-0.,-0.,-1.));
#6590 = ORIENTED_EDGE('',*,*,#1981,.F.);
#6591 = SURFACE_OF_LINEAR_EXTRUSION('',#6592,#6595);
#6592 = B_SPLINE_CURVE_WITH_KNOTS('',1,(#6593,#6594),.UNSPECIFIED.,.F.,
  .F.,(2,2),(0.,0.671788657243),.PIECEWISE_BEZIER_KNOTS.);
#6593 = CARTESIAN_POINT('',(6.95,17.64,5.));
#6594 = CARTESIAN_POINT('',(6.47,17.17,5.));
#6595 = VECTOR('',#6596,1.);
#6596 = DIRECTION('',(0.,0.,1.));
#6597 = ADVANCED_FACE('',(#6598),#6615,.F.);
#6598 = FACE_BOUND('',#6599,.F.);
#6599 = EDGE_LOOP('',(#6600,#6601,#6608,#6614));
#6600 = ORIENTED_EDGE('',*,*,#6585,.T.);
#6601 = ORIENTED_EDGE('',*,*,#6602,.T.);
#6602 = EDGE_CURVE('',#6579,#6603,#6605,.T.);
#6603 = VERTEX_POINT('',#6604);
#6604 = CARTESIAN_POINT('',(6.1,16.86,4.8));
#6605 = B_SPLINE_CURVE_WITH_KNOTS('',1,(#6606,#6607),.UNSPECIFIED.,.F.,
  .F.,(2,2),(0.,0.482700735446),.PIECEWISE_BEZIER_KNOTS.);
#6606 = CARTESIAN_POINT('',(6.47,17.17,4.8));
#6607 = CARTESIAN_POINT('',(6.1,16.86,4.8));
#6608 = ORIENTED_EDGE('',*,*,#6609,.F.);
#6609 = EDGE_CURVE('',#1968,#6603,#6610,.T.);
#6610 = LINE('',#6611,#6612);
#6611 = CARTESIAN_POINT('',(6.1,16.86,5.));
#6612 = VECTOR('',#6613,1.);
#6613 = DIRECTION('',(-0.,-0.,-1.));
#6614 = ORIENTED_EDGE('',*,*,#1974,.F.);
#6615 = SURFACE_OF_LINEAR_EXTRUSION('',#6616,#6619);
#6616 = B_SPLINE_CURVE_WITH_KNOTS('',1,(#6617,#6618),.UNSPECIFIED.,.F.,
  .F.,(2,2),(0.,0.482700735446),.PIECEWISE_BEZIER_KNOTS.);
#6617 = CARTESIAN_POINT('',(6.47,17.17,5.));
#6618 = CARTESIAN_POINT('',(6.1,16.86,5.));
#6619 = VECTOR('',#6620,1.);
#6620 = DIRECTION('',(0.,0.,1.));
#6621 = ADVANCED_FACE('',(#6622),#6639,.F.);
#6622 = FACE_BOUND('',#6623,.F.);
#6623 = EDGE_LOOP('',(#6624,#6625,#6632,#6638));
#6624 = ORIENTED_EDGE('',*,*,#6609,.T.);
#6625 = ORIENTED_EDGE('',*,*,#6626,.T.);
#6626 = EDGE_CURVE('',#6603,#6627,#6629,.T.);
#6627 = VERTEX_POINT('',#6628);
#6628 = CARTESIAN_POINT('',(5.66,16.42,4.8));
#6629 = B_SPLINE_CURVE_WITH_KNOTS('',1,(#6630,#6631),.UNSPECIFIED.,.F.,
  .F.,(2,2),(0.,0.622253967444),.PIECEWISE_BEZIER_KNOTS.);
#6630 = CARTESIAN_POINT('',(6.1,16.86,4.8));
#6631 = CARTESIAN_POINT('',(5.66,16.42,4.8));
#6632 = ORIENTED_EDGE('',*,*,#6633,.F.);
#6633 = EDGE_CURVE('',#1961,#6627,#6634,.T.);
#6634 = LINE('',#6635,#6636);
#6635 = CARTESIAN_POINT('',(5.66,16.42,5.));
#6636 = VECTOR('',#6637,1.);
#6637 = DIRECTION('',(-0.,-0.,-1.));
#6638 = ORIENTED_EDGE('',*,*,#1967,.F.);
#6639 = SURFACE_OF_LINEAR_EXTRUSION('',#6640,#6643);
#6640 = B_SPLINE_CURVE_WITH_KNOTS('',1,(#6641,#6642),.UNSPECIFIED.,.F.,
  .F.,(2,2),(0.,0.622253967444),.PIECEWISE_BEZIER_KNOTS.);
#6641 = CARTESIAN_POINT('',(6.1,16.86,5.));
#6642 = CARTESIAN_POINT('',(5.66,16.42,5.));
#6643 = VECTOR('',#6644,1.);
#6644 = DIRECTION('',(0.,0.,1.));
#6645 = ADVANCED_FACE('',(#6646),#6663,.F.);
#6646 = FACE_BOUND('',#6647,.F.);
#6647 = EDGE_LOOP('',(#6648,#6649,#6656,#6662));
#6648 = ORIENTED_EDGE('',*,*,#6633,.T.);
#6649 = ORIENTED_EDGE('',*,*,#6650,.T.);
#6650 = EDGE_CURVE('',#6627,#6651,#6653,.T.);
#6651 = VERTEX_POINT('',#6652);
#6652 = CARTESIAN_POINT('',(5.28,16.11,4.8));
#6653 = B_SPLINE_CURVE_WITH_KNOTS('',1,(#6654,#6655),.UNSPECIFIED.,.F.,
  .F.,(2,2),(0.,0.49040799341),.PIECEWISE_BEZIER_KNOTS.);
#6654 = CARTESIAN_POINT('',(5.66,16.42,4.8));
#6655 = CARTESIAN_POINT('',(5.28,16.11,4.8));
#6656 = ORIENTED_EDGE('',*,*,#6657,.F.);
#6657 = EDGE_CURVE('',#1954,#6651,#6658,.T.);
#6658 = LINE('',#6659,#6660);
#6659 = CARTESIAN_POINT('',(5.28,16.11,5.));
#6660 = VECTOR('',#6661,1.);
#6661 = DIRECTION('',(-0.,-0.,-1.));
#6662 = ORIENTED_EDGE('',*,*,#1960,.F.);
#6663 = SURFACE_OF_LINEAR_EXTRUSION('',#6664,#6667);
#6664 = B_SPLINE_CURVE_WITH_KNOTS('',1,(#6665,#6666),.UNSPECIFIED.,.F.,
  .F.,(2,2),(0.,0.49040799341),.PIECEWISE_BEZIER_KNOTS.);
#6665 = CARTESIAN_POINT('',(5.66,16.42,5.));
#6666 = CARTESIAN_POINT('',(5.28,16.11,5.));
#6667 = VECTOR('',#6668,1.);
#6668 = DIRECTION('',(0.,0.,1.));
#6669 = ADVANCED_FACE('',(#6670),#6687,.F.);
#6670 = FACE_BOUND('',#6671,.F.);
#6671 = EDGE_LOOP('',(#6672,#6673,#6680,#6686));
#6672 = ORIENTED_EDGE('',*,*,#6657,.T.);
#6673 = ORIENTED_EDGE('',*,*,#6674,.T.);
#6674 = EDGE_CURVE('',#6651,#6675,#6677,.T.);
#6675 = VERTEX_POINT('',#6676);
#6676 = CARTESIAN_POINT('',(3.55,14.51,4.8));
#6677 = B_SPLINE_CURVE_WITH_KNOTS('',1,(#6678,#6679),.UNSPECIFIED.,.F.,
  .F.,(2,2),(0.,2.356459208219),.PIECEWISE_BEZIER_KNOTS.);
#6678 = CARTESIAN_POINT('',(5.28,16.11,4.8));
#6679 = CARTESIAN_POINT('',(3.55,14.51,4.8));
#6680 = ORIENTED_EDGE('',*,*,#6681,.F.);
#6681 = EDGE_CURVE('',#1947,#6675,#6682,.T.);
#6682 = LINE('',#6683,#6684);
#6683 = CARTESIAN_POINT('',(3.55,14.51,5.));
#6684 = VECTOR('',#6685,1.);
#6685 = DIRECTION('',(-0.,-0.,-1.));
#6686 = ORIENTED_EDGE('',*,*,#1953,.F.);
#6687 = SURFACE_OF_LINEAR_EXTRUSION('',#6688,#6691);
#6688 = B_SPLINE_CURVE_WITH_KNOTS('',1,(#6689,#6690),.UNSPECIFIED.,.F.,
  .F.,(2,2),(0.,2.356459208219),.PIECEWISE_BEZIER_KNOTS.);
#6689 = CARTESIAN_POINT('',(5.28,16.11,5.));
#6690 = CARTESIAN_POINT('',(3.55,14.51,5.));
#6691 = VECTOR('',#6692,1.);
#6692 = DIRECTION('',(0.,0.,1.));
#6693 = ADVANCED_FACE('',(#6694),#6711,.F.);
#6694 = FACE_BOUND('',#6695,.F.);
#6695 = EDGE_LOOP('',(#6696,#6697,#6704,#6710));
#6696 = ORIENTED_EDGE('',*,*,#6681,.T.);
#6697 = ORIENTED_EDGE('',*,*,#6698,.T.);
#6698 = EDGE_CURVE('',#6675,#6699,#6701,.T.);
#6699 = VERTEX_POINT('',#6700);
#6700 = CARTESIAN_POINT('',(3.55,13.53,4.8));
#6701 = B_SPLINE_CURVE_WITH_KNOTS('',1,(#6702,#6703),.UNSPECIFIED.,.F.,
  .F.,(2,2),(0.,0.98),.PIECEWISE_BEZIER_KNOTS.);
#6702 = CARTESIAN_POINT('',(3.55,14.51,4.8));
#6703 = CARTESIAN_POINT('',(3.55,13.53,4.8));
#6704 = ORIENTED_EDGE('',*,*,#6705,.F.);
#6705 = EDGE_CURVE('',#1940,#6699,#6706,.T.);
#6706 = LINE('',#6707,#6708);
#6707 = CARTESIAN_POINT('',(3.55,13.53,5.));
#6708 = VECTOR('',#6709,1.);
#6709 = DIRECTION('',(-0.,-0.,-1.));
#6710 = ORIENTED_EDGE('',*,*,#1946,.F.);
#6711 = SURFACE_OF_LINEAR_EXTRUSION('',#6712,#6715);
#6712 = B_SPLINE_CURVE_WITH_KNOTS('',1,(#6713,#6714),.UNSPECIFIED.,.F.,
  .F.,(2,2),(0.,0.98),.PIECEWISE_BEZIER_KNOTS.);
#6713 = CARTESIAN_POINT('',(3.55,14.51,5.));
#6714 = CARTESIAN_POINT('',(3.55,13.53,5.));
#6715 = VECTOR('',#6716,1.);
#6716 = DIRECTION('',(0.,0.,1.));
#6717 = ADVANCED_FACE('',(#6718),#6735,.F.);
#6718 = FACE_BOUND('',#6719,.F.);
#6719 = EDGE_LOOP('',(#6720,#6721,#6728,#6734));
#6720 = ORIENTED_EDGE('',*,*,#6705,.T.);
#6721 = ORIENTED_EDGE('',*,*,#6722,.T.);
#6722 = EDGE_CURVE('',#6699,#6723,#6725,.T.);
#6723 = VERTEX_POINT('',#6724);
#6724 = CARTESIAN_POINT('',(6.3,13.53,4.8));
#6725 = B_SPLINE_CURVE_WITH_KNOTS('',1,(#6726,#6727),.UNSPECIFIED.,.F.,
  .F.,(2,2),(0.,2.75),.PIECEWISE_BEZIER_KNOTS.);
#6726 = CARTESIAN_POINT('',(3.55,13.53,4.8));
#6727 = CARTESIAN_POINT('',(6.3,13.53,4.8));
#6728 = ORIENTED_EDGE('',*,*,#6729,.F.);
#6729 = EDGE_CURVE('',#1933,#6723,#6730,.T.);
#6730 = LINE('',#6731,#6732);
#6731 = CARTESIAN_POINT('',(6.3,13.53,5.));
#6732 = VECTOR('',#6733,1.);
#6733 = DIRECTION('',(-0.,-0.,-1.));
#6734 = ORIENTED_EDGE('',*,*,#1939,.F.);
#6735 = SURFACE_OF_LINEAR_EXTRUSION('',#6736,#6739);
#6736 = B_SPLINE_CURVE_WITH_KNOTS('',1,(#6737,#6738),.UNSPECIFIED.,.F.,
  .F.,(2,2),(0.,2.75),.PIECEWISE_BEZIER_KNOTS.);
#6737 = CARTESIAN_POINT('',(3.55,13.53,5.));
#6738 = CARTESIAN_POINT('',(6.3,13.53,5.));
#6739 = VECTOR('',#6740,1.);
#6740 = DIRECTION('',(0.,0.,1.));
#6741 = ADVANCED_FACE('',(#6742),#6759,.F.);
#6742 = FACE_BOUND('',#6743,.F.);
#6743 = EDGE_LOOP('',(#6744,#6745,#6752,#6758));
#6744 = ORIENTED_EDGE('',*,*,#6729,.T.);
#6745 = ORIENTED_EDGE('',*,*,#6746,.T.);
#6746 = EDGE_CURVE('',#6723,#6747,#6749,.T.);
#6747 = VERTEX_POINT('',#6748);
#6748 = CARTESIAN_POINT('',(11.41,18.4,4.8));
#6749 = B_SPLINE_CURVE_WITH_KNOTS('',1,(#6750,#6751),.UNSPECIFIED.,.F.,
  .F.,(2,2),(0.,7.058965929936),.PIECEWISE_BEZIER_KNOTS.);
#6750 = CARTESIAN_POINT('',(6.3,13.53,4.8));
#6751 = CARTESIAN_POINT('',(11.41,18.4,4.8));
#6752 = ORIENTED_EDGE('',*,*,#6753,.F.);
#6753 = EDGE_CURVE('',#1926,#6747,#6754,.T.);
#6754 = LINE('',#6755,#6756);
#6755 = CARTESIAN_POINT('',(11.41,18.4,5.));
#6756 = VECTOR('',#6757,1.);
#6757 = DIRECTION('',(-0.,-0.,-1.));
#6758 = ORIENTED_EDGE('',*,*,#1932,.F.);
#6759 = SURFACE_OF_LINEAR_EXTRUSION('',#6760,#6763);
#6760 = B_SPLINE_CURVE_WITH_KNOTS('',1,(#6761,#6762),.UNSPECIFIED.,.F.,
  .F.,(2,2),(0.,7.058965929936),.PIECEWISE_BEZIER_KNOTS.);
#6761 = CARTESIAN_POINT('',(6.3,13.53,5.));
#6762 = CARTESIAN_POINT('',(11.41,18.4,5.));
#6763 = VECTOR('',#6764,1.);
#6764 = DIRECTION('',(0.,0.,1.));
#6765 = ADVANCED_FACE('',(#6766),#6783,.F.);
#6766 = FACE_BOUND('',#6767,.F.);
#6767 = EDGE_LOOP('',(#6768,#6769,#6776,#6782));
#6768 = ORIENTED_EDGE('',*,*,#6753,.T.);
#6769 = ORIENTED_EDGE('',*,*,#6770,.T.);
#6770 = EDGE_CURVE('',#6747,#6771,#6773,.T.);
#6771 = VERTEX_POINT('',#6772);
#6772 = CARTESIAN_POINT('',(12.2,19.2,4.8));
#6773 = B_SPLINE_CURVE_WITH_KNOTS('',1,(#6774,#6775),.UNSPECIFIED.,.F.,
  .F.,(2,2),(0.,1.124322017929),.PIECEWISE_BEZIER_KNOTS.);
#6774 = CARTESIAN_POINT('',(11.41,18.4,4.8));
#6775 = CARTESIAN_POINT('',(12.2,19.2,4.8));
#6776 = ORIENTED_EDGE('',*,*,#6777,.F.);
#6777 = EDGE_CURVE('',#1919,#6771,#6778,.T.);
#6778 = LINE('',#6779,#6780);
#6779 = CARTESIAN_POINT('',(12.2,19.2,5.));
#6780 = VECTOR('',#6781,1.);
#6781 = DIRECTION('',(-0.,-0.,-1.));
#6782 = ORIENTED_EDGE('',*,*,#1925,.F.);
#6783 = SURFACE_OF_LINEAR_EXTRUSION('',#6784,#6787);
#6784 = B_SPLINE_CURVE_WITH_KNOTS('',1,(#6785,#6786),.UNSPECIFIED.,.F.,
  .F.,(2,2),(0.,1.124322017929),.PIECEWISE_BEZIER_KNOTS.);
#6785 = CARTESIAN_POINT('',(11.41,18.4,5.));
#6786 = CARTESIAN_POINT('',(12.2,19.2,5.));
#6787 = VECTOR('',#6788,1.);
#6788 = DIRECTION('',(0.,0.,1.));
#6789 = ADVANCED_FACE('',(#6790),#6807,.F.);
#6790 = FACE_BOUND('',#6791,.F.);
#6791 = EDGE_LOOP('',(#6792,#6793,#6800,#6806));
#6792 = ORIENTED_EDGE('',*,*,#6777,.T.);
#6793 = ORIENTED_EDGE('',*,*,#6794,.T.);
#6794 = EDGE_CURVE('',#6771,#6795,#6797,.T.);
#6795 = VERTEX_POINT('',#6796);
#6796 = CARTESIAN_POINT('',(12.41,19.3,4.8));
#6797 = B_SPLINE_CURVE_WITH_KNOTS('',1,(#6798,#6799),.UNSPECIFIED.,.F.,
  .F.,(2,2),(0.,0.232594066992),.PIECEWISE_BEZIER_KNOTS.);
#6798 = CARTESIAN_POINT('',(12.2,19.2,4.8));
#6799 = CARTESIAN_POINT('',(12.41,19.3,4.8));
#6800 = ORIENTED_EDGE('',*,*,#6801,.F.);
#6801 = EDGE_CURVE('',#1912,#6795,#6802,.T.);
#6802 = LINE('',#6803,#6804);
#6803 = CARTESIAN_POINT('',(12.41,19.3,5.));
#6804 = VECTOR('',#6805,1.);
#6805 = DIRECTION('',(-0.,-0.,-1.));
#6806 = ORIENTED_EDGE('',*,*,#1918,.F.);
#6807 = SURFACE_OF_LINEAR_EXTRUSION('',#6808,#6811);
#6808 = B_SPLINE_CURVE_WITH_KNOTS('',1,(#6809,#6810),.UNSPECIFIED.,.F.,
  .F.,(2,2),(0.,0.232594066992),.PIECEWISE_BEZIER_KNOTS.);
#6809 = CARTESIAN_POINT('',(12.2,19.2,5.));
#6810 = CARTESIAN_POINT('',(12.41,19.3,5.));
#6811 = VECTOR('',#6812,1.);
#6812 = DIRECTION('',(0.,0.,1.));
#6813 = ADVANCED_FACE('',(#6814),#6831,.F.);
#6814 = FACE_BOUND('',#6815,.F.);
#6815 = EDGE_LOOP('',(#6816,#6817,#6824,#6830));
#6816 = ORIENTED_EDGE('',*,*,#6801,.T.);
#6817 = ORIENTED_EDGE('',*,*,#6818,.T.);
#6818 = EDGE_CURVE('',#6795,#6819,#6821,.T.);
#6819 = VERTEX_POINT('',#6820);
#6820 = CARTESIAN_POINT('',(12.6,19.15,4.8));
#6821 = B_SPLINE_CURVE_WITH_KNOTS('',1,(#6822,#6823),.UNSPECIFIED.,.F.,
  .F.,(2,2),(0.,0.242074368738),.PIECEWISE_BEZIER_KNOTS.);
#6822 = CARTESIAN_POINT('',(12.41,19.3,4.8));
#6823 = CARTESIAN_POINT('',(12.6,19.15,4.8));
#6824 = ORIENTED_EDGE('',*,*,#6825,.F.);
#6825 = EDGE_CURVE('',#1905,#6819,#6826,.T.);
#6826 = LINE('',#6827,#6828);
#6827 = CARTESIAN_POINT('',(12.6,19.15,5.));
#6828 = VECTOR('',#6829,1.);
#6829 = DIRECTION('',(-0.,-0.,-1.));
#6830 = ORIENTED_EDGE('',*,*,#1911,.F.);
#6831 = SURFACE_OF_LINEAR_EXTRUSION('',#6832,#6835);
#6832 = B_SPLINE_CURVE_WITH_KNOTS('',1,(#6833,#6834),.UNSPECIFIED.,.F.,
  .F.,(2,2),(0.,0.242074368738),.PIECEWISE_BEZIER_KNOTS.);
#6833 = CARTESIAN_POINT('',(12.41,19.3,5.));
#6834 = CARTESIAN_POINT('',(12.6,19.15,5.));
#6835 = VECTOR('',#6836,1.);
#6836 = DIRECTION('',(0.,0.,1.));
#6837 = ADVANCED_FACE('',(#6838),#6855,.F.);
#6838 = FACE_BOUND('',#6839,.F.);
#6839 = EDGE_LOOP('',(#6840,#6841,#6848,#6854));
#6840 = ORIENTED_EDGE('',*,*,#6825,.T.);
#6841 = ORIENTED_EDGE('',*,*,#6842,.T.);
#6842 = EDGE_CURVE('',#6819,#6843,#6845,.T.);
#6843 = VERTEX_POINT('',#6844);
#6844 = CARTESIAN_POINT('',(13.42,18.33,4.8));
#6845 = B_SPLINE_CURVE_WITH_KNOTS('',1,(#6846,#6847),.UNSPECIFIED.,.F.,
  .F.,(2,2),(0.,1.159655121146),.PIECEWISE_BEZIER_KNOTS.);
#6846 = CARTESIAN_POINT('',(12.6,19.15,4.8));
#6847 = CARTESIAN_POINT('',(13.42,18.33,4.8));
#6848 = ORIENTED_EDGE('',*,*,#6849,.F.);
#6849 = EDGE_CURVE('',#1898,#6843,#6850,.T.);
#6850 = LINE('',#6851,#6852);
#6851 = CARTESIAN_POINT('',(13.42,18.33,5.));
#6852 = VECTOR('',#6853,1.);
#6853 = DIRECTION('',(-0.,-0.,-1.));
#6854 = ORIENTED_EDGE('',*,*,#1904,.F.);
#6855 = SURFACE_OF_LINEAR_EXTRUSION('',#6856,#6859);
#6856 = B_SPLINE_CURVE_WITH_KNOTS('',1,(#6857,#6858),.UNSPECIFIED.,.F.,
  .F.,(2,2),(0.,1.159655121146),.PIECEWISE_BEZIER_KNOTS.);
#6857 = CARTESIAN_POINT('',(12.6,19.15,5.));
#6858 = CARTESIAN_POINT('',(13.42,18.33,5.));
#6859 = VECTOR('',#6860,1.);
#6860 = DIRECTION('',(0.,0.,1.));
#6861 = ADVANCED_FACE('',(#6862),#6879,.F.);
#6862 = FACE_BOUND('',#6863,.F.);
#6863 = EDGE_LOOP('',(#6864,#6865,#6872,#6878));
#6864 = ORIENTED_EDGE('',*,*,#6849,.T.);
#6865 = ORIENTED_EDGE('',*,*,#6866,.T.);
#6866 = EDGE_CURVE('',#6843,#6867,#6869,.T.);
#6867 = VERTEX_POINT('',#6868);
#6868 = CARTESIAN_POINT('',(14.2,17.62,4.8));
#6869 = B_SPLINE_CURVE_WITH_KNOTS('',1,(#6870,#6871),.UNSPECIFIED.,.F.,
  .F.,(2,2),(0.,1.054751155486),.PIECEWISE_BEZIER_KNOTS.);
#6870 = CARTESIAN_POINT('',(13.42,18.33,4.8));
#6871 = CARTESIAN_POINT('',(14.2,17.62,4.8));
#6872 = ORIENTED_EDGE('',*,*,#6873,.F.);
#6873 = EDGE_CURVE('',#1891,#6867,#6874,.T.);
#6874 = LINE('',#6875,#6876);
#6875 = CARTESIAN_POINT('',(14.2,17.62,5.));
#6876 = VECTOR('',#6877,1.);
#6877 = DIRECTION('',(-0.,-0.,-1.));
#6878 = ORIENTED_EDGE('',*,*,#1897,.F.);
#6879 = SURFACE_OF_LINEAR_EXTRUSION('',#6880,#6883);
#6880 = B_SPLINE_CURVE_WITH_KNOTS('',1,(#6881,#6882),.UNSPECIFIED.,.F.,
  .F.,(2,2),(0.,1.054751155486),.PIECEWISE_BEZIER_KNOTS.);
#6881 = CARTESIAN_POINT('',(13.42,18.33,5.));
#6882 = CARTESIAN_POINT('',(14.2,17.62,5.));
#6883 = VECTOR('',#6884,1.);
#6884 = DIRECTION('',(0.,0.,1.));
#6885 = ADVANCED_FACE('',(#6886),#6903,.F.);
#6886 = FACE_BOUND('',#6887,.F.);
#6887 = EDGE_LOOP('',(#6888,#6889,#6896,#6902));
#6888 = ORIENTED_EDGE('',*,*,#6873,.T.);
#6889 = ORIENTED_EDGE('',*,*,#6890,.T.);
#6890 = EDGE_CURVE('',#6867,#6891,#6893,.T.);
#6891 = VERTEX_POINT('',#6892);
#6892 = CARTESIAN_POINT('',(14.98,16.84,4.8));
#6893 = B_SPLINE_CURVE_WITH_KNOTS('',1,(#6894,#6895),.UNSPECIFIED.,.F.,
  .F.,(2,2),(0.,1.103086578651),.PIECEWISE_BEZIER_KNOTS.);
#6894 = CARTESIAN_POINT('',(14.2,17.62,4.8));
#6895 = CARTESIAN_POINT('',(14.98,16.84,4.8));
#6896 = ORIENTED_EDGE('',*,*,#6897,.F.);
#6897 = EDGE_CURVE('',#1884,#6891,#6898,.T.);
#6898 = LINE('',#6899,#6900);
#6899 = CARTESIAN_POINT('',(14.98,16.84,5.));
#6900 = VECTOR('',#6901,1.);
#6901 = DIRECTION('',(-0.,-0.,-1.));
#6902 = ORIENTED_EDGE('',*,*,#1890,.F.);
#6903 = SURFACE_OF_LINEAR_EXTRUSION('',#6904,#6907);
#6904 = B_SPLINE_CURVE_WITH_KNOTS('',1,(#6905,#6906),.UNSPECIFIED.,.F.,
  .F.,(2,2),(0.,1.103086578651),.PIECEWISE_BEZIER_KNOTS.);
#6905 = CARTESIAN_POINT('',(14.2,17.62,5.));
#6906 = CARTESIAN_POINT('',(14.98,16.84,5.));
#6907 = VECTOR('',#6908,1.);
#6908 = DIRECTION('',(0.,0.,1.));
#6909 = ADVANCED_FACE('',(#6910),#6927,.F.);
#6910 = FACE_BOUND('',#6911,.F.);
#6911 = EDGE_LOOP('',(#6912,#6913,#6920,#6926));
#6912 = ORIENTED_EDGE('',*,*,#6897,.T.);
#6913 = ORIENTED_EDGE('',*,*,#6914,.T.);
#6914 = EDGE_CURVE('',#6891,#6915,#6917,.T.);
#6915 = VERTEX_POINT('',#6916);
#6916 = CARTESIAN_POINT('',(15.56,16.33,4.8));
#6917 = B_SPLINE_CURVE_WITH_KNOTS('',1,(#6918,#6919),.UNSPECIFIED.,.F.,
  .F.,(2,2),(0.,0.772334124586),.PIECEWISE_BEZIER_KNOTS.);
#6918 = CARTESIAN_POINT('',(14.98,16.84,4.8));
#6919 = CARTESIAN_POINT('',(15.56,16.33,4.8));
#6920 = ORIENTED_EDGE('',*,*,#6921,.F.);
#6921 = EDGE_CURVE('',#1877,#6915,#6922,.T.);
#6922 = LINE('',#6923,#6924);
#6923 = CARTESIAN_POINT('',(15.56,16.33,5.));
#6924 = VECTOR('',#6925,1.);
#6925 = DIRECTION('',(-0.,-0.,-1.));
#6926 = ORIENTED_EDGE('',*,*,#1883,.F.);
#6927 = SURFACE_OF_LINEAR_EXTRUSION('',#6928,#6931);
#6928 = B_SPLINE_CURVE_WITH_KNOTS('',1,(#6929,#6930),.UNSPECIFIED.,.F.,
  .F.,(2,2),(0.,0.772334124586),.PIECEWISE_BEZIER_KNOTS.);
#6929 = CARTESIAN_POINT('',(14.98,16.84,5.));
#6930 = CARTESIAN_POINT('',(15.56,16.33,5.));
#6931 = VECTOR('',#6932,1.);
#6932 = DIRECTION('',(0.,0.,1.));
#6933 = ADVANCED_FACE('',(#6934),#6951,.F.);
#6934 = FACE_BOUND('',#6935,.F.);
#6935 = EDGE_LOOP('',(#6936,#6937,#6944,#6950));
#6936 = ORIENTED_EDGE('',*,*,#6921,.T.);
#6937 = ORIENTED_EDGE('',*,*,#6938,.T.);
#6938 = EDGE_CURVE('',#6915,#6939,#6941,.T.);
#6939 = VERTEX_POINT('',#6940);
#6940 = CARTESIAN_POINT('',(16.38,15.54,4.8));
#6941 = B_SPLINE_CURVE_WITH_KNOTS('',1,(#6942,#6943),.UNSPECIFIED.,.F.,
  .F.,(2,2),(0.,1.138639539099),.PIECEWISE_BEZIER_KNOTS.);
#6942 = CARTESIAN_POINT('',(15.56,16.33,4.8));
#6943 = CARTESIAN_POINT('',(16.38,15.54,4.8));
#6944 = ORIENTED_EDGE('',*,*,#6945,.F.);
#6945 = EDGE_CURVE('',#1870,#6939,#6946,.T.);
#6946 = LINE('',#6947,#6948);
#6947 = CARTESIAN_POINT('',(16.38,15.54,5.));
#6948 = VECTOR('',#6949,1.);
#6949 = DIRECTION('',(-0.,-0.,-1.));
#6950 = ORIENTED_EDGE('',*,*,#1876,.F.);
#6951 = SURFACE_OF_LINEAR_EXTRUSION('',#6952,#6955);
#6952 = B_SPLINE_CURVE_WITH_KNOTS('',1,(#6953,#6954),.UNSPECIFIED.,.F.,
  .F.,(2,2),(0.,1.138639539099),.PIECEWISE_BEZIER_KNOTS.);
#6953 = CARTESIAN_POINT('',(15.56,16.33,5.));
#6954 = CARTESIAN_POINT('',(16.38,15.54,5.));
#6955 = VECTOR('',#6956,1.);
#6956 = DIRECTION('',(0.,0.,1.));
#6957 = ADVANCED_FACE('',(#6958),#6975,.F.);
#6958 = FACE_BOUND('',#6959,.F.);
#6959 = EDGE_LOOP('',(#6960,#6961,#6968,#6974));
#6960 = ORIENTED_EDGE('',*,*,#6945,.T.);
#6961 = ORIENTED_EDGE('',*,*,#6962,.T.);
#6962 = EDGE_CURVE('',#6939,#6963,#6965,.T.);
#6963 = VERTEX_POINT('',#6964);
#6964 = CARTESIAN_POINT('',(16.49,15.4,4.8));
#6965 = B_SPLINE_CURVE_WITH_KNOTS('',1,(#6966,#6967),.UNSPECIFIED.,.F.,
  .F.,(2,2),(0.,0.178044938148),.PIECEWISE_BEZIER_KNOTS.);
#6966 = CARTESIAN_POINT('',(16.38,15.54,4.8));
#6967 = CARTESIAN_POINT('',(16.49,15.4,4.8));
#6968 = ORIENTED_EDGE('',*,*,#6969,.F.);
#6969 = EDGE_CURVE('',#1863,#6963,#6970,.T.);
#6970 = LINE('',#6971,#6972);
#6971 = CARTESIAN_POINT('',(16.49,15.4,5.));
#6972 = VECTOR('',#6973,1.);
#6973 = DIRECTION('',(-0.,-0.,-1.));
#6974 = ORIENTED_EDGE('',*,*,#1869,.F.);
#6975 = SURFACE_OF_LINEAR_EXTRUSION('',#6976,#6979);
#6976 = B_SPLINE_CURVE_WITH_KNOTS('',1,(#6977,#6978),.UNSPECIFIED.,.F.,
  .F.,(2,2),(0.,0.178044938148),.PIECEWISE_BEZIER_KNOTS.);
#6977 = CARTESIAN_POINT('',(16.38,15.54,5.));
#6978 = CARTESIAN_POINT('',(16.49,15.4,5.));
#6979 = VECTOR('',#6980,1.);
#6980 = DIRECTION('',(0.,0.,1.));
#6981 = ADVANCED_FACE('',(#6982),#6999,.F.);
#6982 = FACE_BOUND('',#6983,.F.);
#6983 = EDGE_LOOP('',(#6984,#6985,#6992,#6998));
#6984 = ORIENTED_EDGE('',*,*,#6969,.T.);
#6985 = ORIENTED_EDGE('',*,*,#6986,.T.);
#6986 = EDGE_CURVE('',#6963,#6987,#6989,.T.);
#6987 = VERTEX_POINT('',#6988);
#6988 = CARTESIAN_POINT('',(18.46,13.53,4.8));
#6989 = B_SPLINE_CURVE_WITH_KNOTS('',1,(#6990,#6991),.UNSPECIFIED.,.F.,
  .F.,(2,2),(0.,2.716210595664),.PIECEWISE_BEZIER_KNOTS.);
#6990 = CARTESIAN_POINT('',(16.49,15.4,4.8));
#6991 = CARTESIAN_POINT('',(18.46,13.53,4.8));
#6992 = ORIENTED_EDGE('',*,*,#6993,.F.);
#6993 = EDGE_CURVE('',#1856,#6987,#6994,.T.);
#6994 = LINE('',#6995,#6996);
#6995 = CARTESIAN_POINT('',(18.46,13.53,5.));
#6996 = VECTOR('',#6997,1.);
#6997 = DIRECTION('',(-0.,-0.,-1.));
#6998 = ORIENTED_EDGE('',*,*,#1862,.F.);
#6999 = SURFACE_OF_LINEAR_EXTRUSION('',#7000,#7003);
#7000 = B_SPLINE_CURVE_WITH_KNOTS('',1,(#7001,#7002),.UNSPECIFIED.,.F.,
  .F.,(2,2),(0.,2.716210595664),.PIECEWISE_BEZIER_KNOTS.);
#7001 = CARTESIAN_POINT('',(16.49,15.4,5.));
#7002 = CARTESIAN_POINT('',(18.46,13.53,5.));
#7003 = VECTOR('',#7004,1.);
#7004 = DIRECTION('',(0.,0.,1.));
#7005 = ADVANCED_FACE('',(#7006),#7023,.F.);
#7006 = FACE_BOUND('',#7007,.F.);
#7007 = EDGE_LOOP('',(#7008,#7009,#7016,#7022));
#7008 = ORIENTED_EDGE('',*,*,#6993,.T.);
#7009 = ORIENTED_EDGE('',*,*,#7010,.T.);
#7010 = EDGE_CURVE('',#6987,#7011,#7013,.T.);
#7011 = VERTEX_POINT('',#7012);
#7012 = CARTESIAN_POINT('',(19.95,13.53,4.8));
#7013 = B_SPLINE_CURVE_WITH_KNOTS('',1,(#7014,#7015),.UNSPECIFIED.,.F.,
  .F.,(2,2),(0.,1.49),.PIECEWISE_BEZIER_KNOTS.);
#7014 = CARTESIAN_POINT('',(18.46,13.53,4.8));
#7015 = CARTESIAN_POINT('',(19.95,13.53,4.8));
#7016 = ORIENTED_EDGE('',*,*,#7017,.F.);
#7017 = EDGE_CURVE('',#1849,#7011,#7018,.T.);
#7018 = LINE('',#7019,#7020);
#7019 = CARTESIAN_POINT('',(19.95,13.53,5.));
#7020 = VECTOR('',#7021,1.);
#7021 = DIRECTION('',(-0.,-0.,-1.));
#7022 = ORIENTED_EDGE('',*,*,#1855,.F.);
#7023 = SURFACE_OF_LINEAR_EXTRUSION('',#7024,#7027);
#7024 = B_SPLINE_CURVE_WITH_KNOTS('',1,(#7025,#7026),.UNSPECIFIED.,.F.,
  .F.,(2,2),(0.,1.49),.PIECEWISE_BEZIER_KNOTS.);
#7025 = CARTESIAN_POINT('',(18.46,13.53,5.));
#7026 = CARTESIAN_POINT('',(19.95,13.53,5.));
#7027 = VECTOR('',#7028,1.);
#7028 = DIRECTION('',(0.,0.,1.));
#7029 = ADVANCED_FACE('',(#7030),#7040,.F.);
#7030 = FACE_BOUND('',#7031,.F.);
#7031 = EDGE_LOOP('',(#7032,#7033,#7038,#7039));
#7032 = ORIENTED_EDGE('',*,*,#7017,.T.);
#7033 = ORIENTED_EDGE('',*,*,#7034,.T.);
#7034 = EDGE_CURVE('',#7011,#6211,#7035,.T.);
#7035 = B_SPLINE_CURVE_WITH_KNOTS('',1,(#7036,#7037),.UNSPECIFIED.,.F.,
  .F.,(2,2),(0.,0.158113883008),.PIECEWISE_BEZIER_KNOTS.);
#7036 = CARTESIAN_POINT('',(19.95,13.53,4.8));
#7037 = CARTESIAN_POINT('',(20.,13.68,4.8));
#7038 = ORIENTED_EDGE('',*,*,#6210,.F.);
#7039 = ORIENTED_EDGE('',*,*,#1848,.F.);
#7040 = SURFACE_OF_LINEAR_EXTRUSION('',#7041,#7044);
#7041 = B_SPLINE_CURVE_WITH_KNOTS('',1,(#7042,#7043),.UNSPECIFIED.,.F.,
  .F.,(2,2),(0.,0.158113883008),.PIECEWISE_BEZIER_KNOTS.);
#7042 = CARTESIAN_POINT('',(19.95,13.53,5.));
#7043 = CARTESIAN_POINT('',(20.,13.68,5.));
#7044 = VECTOR('',#7045,1.);
#7045 = DIRECTION('',(0.,0.,1.));
#7046 = ADVANCED_FACE('',(#7047),#7071,.F.);
#7047 = FACE_BOUND('',#7048,.F.);
#7048 = EDGE_LOOP('',(#7049,#7057,#7064,#7070));
#7049 = ORIENTED_EDGE('',*,*,#7050,.T.);
#7050 = EDGE_CURVE('',#2087,#7051,#7053,.T.);
#7051 = VERTEX_POINT('',#7052);
#7052 = CARTESIAN_POINT('',(26.82,12.03,4.8));
#7053 = LINE('',#7054,#7055);
#7054 = CARTESIAN_POINT('',(26.82,12.03,5.));
#7055 = VECTOR('',#7056,1.);
#7056 = DIRECTION('',(-0.,-0.,-1.));
#7057 = ORIENTED_EDGE('',*,*,#7058,.T.);
#7058 = EDGE_CURVE('',#7051,#7059,#7061,.T.);
#7059 = VERTEX_POINT('',#7060);
#7060 = CARTESIAN_POINT('',(27.33,12.55,4.8));
#7061 = B_SPLINE_CURVE_WITH_KNOTS('',1,(#7062,#7063),.UNSPECIFIED.,.F.,
  .F.,(2,2),(0.,0.728354309385),.PIECEWISE_BEZIER_KNOTS.);
#7062 = CARTESIAN_POINT('',(26.82,12.03,4.8));
#7063 = CARTESIAN_POINT('',(27.33,12.55,4.8));
#7064 = ORIENTED_EDGE('',*,*,#7065,.F.);
#7065 = EDGE_CURVE('',#2089,#7059,#7066,.T.);
#7066 = LINE('',#7067,#7068);
#7067 = CARTESIAN_POINT('',(27.33,12.55,5.));
#7068 = VECTOR('',#7069,1.);
#7069 = DIRECTION('',(-0.,-0.,-1.));
#7070 = ORIENTED_EDGE('',*,*,#2086,.F.);
#7071 = SURFACE_OF_LINEAR_EXTRUSION('',#7072,#7075);
#7072 = B_SPLINE_CURVE_WITH_KNOTS('',1,(#7073,#7074),.UNSPECIFIED.,.F.,
  .F.,(2,2),(0.,0.728354309385),.PIECEWISE_BEZIER_KNOTS.);
#7073 = CARTESIAN_POINT('',(26.82,12.03,5.));
#7074 = CARTESIAN_POINT('',(27.33,12.55,5.));
#7075 = VECTOR('',#7076,1.);
#7076 = DIRECTION('',(0.,0.,1.));
#7077 = ADVANCED_FACE('',(#7078),#7095,.F.);
#7078 = FACE_BOUND('',#7079,.F.);
#7079 = EDGE_LOOP('',(#7080,#7081,#7088,#7094));
#7080 = ORIENTED_EDGE('',*,*,#7065,.T.);
#7081 = ORIENTED_EDGE('',*,*,#7082,.T.);
#7082 = EDGE_CURVE('',#7059,#7083,#7085,.T.);
#7083 = VERTEX_POINT('',#7084);
#7084 = CARTESIAN_POINT('',(22.67,12.55,4.8));
#7085 = B_SPLINE_CURVE_WITH_KNOTS('',1,(#7086,#7087),.UNSPECIFIED.,.F.,
  .F.,(2,2),(0.,4.66),.PIECEWISE_BEZIER_KNOTS.);
#7086 = CARTESIAN_POINT('',(27.33,12.55,4.8));
#7087 = CARTESIAN_POINT('',(22.67,12.55,4.8));
#7088 = ORIENTED_EDGE('',*,*,#7089,.F.);
#7089 = EDGE_CURVE('',#2467,#7083,#7090,.T.);
#7090 = LINE('',#7091,#7092);
#7091 = CARTESIAN_POINT('',(22.67,12.55,5.));
#7092 = VECTOR('',#7093,1.);
#7093 = DIRECTION('',(-0.,-0.,-1.));
#7094 = ORIENTED_EDGE('',*,*,#2473,.F.);
#7095 = SURFACE_OF_LINEAR_EXTRUSION('',#7096,#7099);
#7096 = B_SPLINE_CURVE_WITH_KNOTS('',1,(#7097,#7098),.UNSPECIFIED.,.F.,
  .F.,(2,2),(0.,4.66),.PIECEWISE_BEZIER_KNOTS.);
#7097 = CARTESIAN_POINT('',(27.33,12.55,5.));
#7098 = CARTESIAN_POINT('',(22.67,12.55,5.));
#7099 = VECTOR('',#7100,1.);
#7100 = DIRECTION('',(0.,0.,1.));
#7101 = ADVANCED_FACE('',(#7102),#7119,.F.);
#7102 = FACE_BOUND('',#7103,.F.);
#7103 = EDGE_LOOP('',(#7104,#7105,#7112,#7118));
#7104 = ORIENTED_EDGE('',*,*,#7089,.T.);
#7105 = ORIENTED_EDGE('',*,*,#7106,.T.);
#7106 = EDGE_CURVE('',#7083,#7107,#7109,.T.);
#7107 = VERTEX_POINT('',#7108);
#7108 = CARTESIAN_POINT('',(22.47,12.74,4.8));
#7109 = B_SPLINE_CURVE_WITH_KNOTS('',1,(#7110,#7111),.UNSPECIFIED.,.F.,
  .F.,(2,2),(0.,0.275862284483),.PIECEWISE_BEZIER_KNOTS.);
#7110 = CARTESIAN_POINT('',(22.67,12.55,4.8));
#7111 = CARTESIAN_POINT('',(22.47,12.74,4.8));
#7112 = ORIENTED_EDGE('',*,*,#7113,.F.);
#7113 = EDGE_CURVE('',#2460,#7107,#7114,.T.);
#7114 = LINE('',#7115,#7116);
#7115 = CARTESIAN_POINT('',(22.47,12.74,5.));
#7116 = VECTOR('',#7117,1.);
#7117 = DIRECTION('',(-0.,-0.,-1.));
#7118 = ORIENTED_EDGE('',*,*,#2466,.F.);
#7119 = SURFACE_OF_LINEAR_EXTRUSION('',#7120,#7123);
#7120 = B_SPLINE_CURVE_WITH_KNOTS('',1,(#7121,#7122),.UNSPECIFIED.,.F.,
  .F.,(2,2),(0.,0.275862284483),.PIECEWISE_BEZIER_KNOTS.);
#7121 = CARTESIAN_POINT('',(22.67,12.55,5.));
#7122 = CARTESIAN_POINT('',(22.47,12.74,5.));
#7123 = VECTOR('',#7124,1.);
#7124 = DIRECTION('',(0.,0.,1.));
#7125 = ADVANCED_FACE('',(#7126),#7143,.F.);
#7126 = FACE_BOUND('',#7127,.F.);
#7127 = EDGE_LOOP('',(#7128,#7129,#7136,#7142));
#7128 = ORIENTED_EDGE('',*,*,#7113,.T.);
#7129 = ORIENTED_EDGE('',*,*,#7130,.T.);
#7130 = EDGE_CURVE('',#7107,#7131,#7133,.T.);
#7131 = VERTEX_POINT('',#7132);
#7132 = CARTESIAN_POINT('',(22.43,12.91,4.8));
#7133 = B_SPLINE_CURVE_WITH_KNOTS('',1,(#7134,#7135),.UNSPECIFIED.,.F.,
  .F.,(2,2),(0.,0.174642491966),.PIECEWISE_BEZIER_KNOTS.);
#7134 = CARTESIAN_POINT('',(22.47,12.74,4.8));
#7135 = CARTESIAN_POINT('',(22.43,12.91,4.8));
#7136 = ORIENTED_EDGE('',*,*,#7137,.F.);
#7137 = EDGE_CURVE('',#2453,#7131,#7138,.T.);
#7138 = LINE('',#7139,#7140);
#7139 = CARTESIAN_POINT('',(22.43,12.91,5.));
#7140 = VECTOR('',#7141,1.);
#7141 = DIRECTION('',(-0.,-0.,-1.));
#7142 = ORIENTED_EDGE('',*,*,#2459,.F.);
#7143 = SURFACE_OF_LINEAR_EXTRUSION('',#7144,#7147);
#7144 = B_SPLINE_CURVE_WITH_KNOTS('',1,(#7145,#7146),.UNSPECIFIED.,.F.,
  .F.,(2,2),(0.,0.174642491966),.PIECEWISE_BEZIER_KNOTS.);
#7145 = CARTESIAN_POINT('',(22.47,12.74,5.));
#7146 = CARTESIAN_POINT('',(22.43,12.91,5.));
#7147 = VECTOR('',#7148,1.);
#7148 = DIRECTION('',(0.,0.,1.));
#7149 = ADVANCED_FACE('',(#7150),#7167,.F.);
#7150 = FACE_BOUND('',#7151,.F.);
#7151 = EDGE_LOOP('',(#7152,#7153,#7160,#7166));
#7152 = ORIENTED_EDGE('',*,*,#7137,.T.);
#7153 = ORIENTED_EDGE('',*,*,#7154,.T.);
#7154 = EDGE_CURVE('',#7131,#7155,#7157,.T.);
#7155 = VERTEX_POINT('',#7156);
#7156 = CARTESIAN_POINT('',(22.51,13.2,4.8));
#7157 = B_SPLINE_CURVE_WITH_KNOTS('',1,(#7158,#7159),.UNSPECIFIED.,.F.,
  .F.,(2,2),(0.,0.30083217913),.PIECEWISE_BEZIER_KNOTS.);
#7158 = CARTESIAN_POINT('',(22.43,12.91,4.8));
#7159 = CARTESIAN_POINT('',(22.51,13.2,4.8));
#7160 = ORIENTED_EDGE('',*,*,#7161,.F.);
#7161 = EDGE_CURVE('',#2446,#7155,#7162,.T.);
#7162 = LINE('',#7163,#7164);
#7163 = CARTESIAN_POINT('',(22.51,13.2,5.));
#7164 = VECTOR('',#7165,1.);
#7165 = DIRECTION('',(-0.,-0.,-1.));
#7166 = ORIENTED_EDGE('',*,*,#2452,.F.);
#7167 = SURFACE_OF_LINEAR_EXTRUSION('',#7168,#7171);
#7168 = B_SPLINE_CURVE_WITH_KNOTS('',1,(#7169,#7170),.UNSPECIFIED.,.F.,
  .F.,(2,2),(0.,0.30083217913),.PIECEWISE_BEZIER_KNOTS.);
#7169 = CARTESIAN_POINT('',(22.43,12.91,5.));
#7170 = CARTESIAN_POINT('',(22.51,13.2,5.));
#7171 = VECTOR('',#7172,1.);
#7172 = DIRECTION('',(0.,0.,1.));
#7173 = ADVANCED_FACE('',(#7174),#7191,.F.);
#7174 = FACE_BOUND('',#7175,.F.);
#7175 = EDGE_LOOP('',(#7176,#7177,#7184,#7190));
#7176 = ORIENTED_EDGE('',*,*,#7161,.T.);
#7177 = ORIENTED_EDGE('',*,*,#7178,.T.);
#7178 = EDGE_CURVE('',#7155,#7179,#7181,.T.);
#7179 = VERTEX_POINT('',#7180);
#7180 = CARTESIAN_POINT('',(22.6,13.32,4.8));
#7181 = B_SPLINE_CURVE_WITH_KNOTS('',1,(#7182,#7183),.UNSPECIFIED.,.F.,
  .F.,(2,2),(0.,0.15),.PIECEWISE_BEZIER_KNOTS.);
#7182 = CARTESIAN_POINT('',(22.51,13.2,4.8));
#7183 = CARTESIAN_POINT('',(22.6,13.32,4.8));
#7184 = ORIENTED_EDGE('',*,*,#7185,.F.);
#7185 = EDGE_CURVE('',#2439,#7179,#7186,.T.);
#7186 = LINE('',#7187,#7188);
#7187 = CARTESIAN_POINT('',(22.6,13.32,5.));
#7188 = VECTOR('',#7189,1.);
#7189 = DIRECTION('',(-0.,-0.,-1.));
#7190 = ORIENTED_EDGE('',*,*,#2445,.F.);
#7191 = SURFACE_OF_LINEAR_EXTRUSION('',#7192,#7195);
#7192 = B_SPLINE_CURVE_WITH_KNOTS('',1,(#7193,#7194),.UNSPECIFIED.,.F.,
  .F.,(2,2),(0.,0.15),.PIECEWISE_BEZIER_KNOTS.);
#7193 = CARTESIAN_POINT('',(22.51,13.2,5.));
#7194 = CARTESIAN_POINT('',(22.6,13.32,5.));
#7195 = VECTOR('',#7196,1.);
#7196 = DIRECTION('',(0.,0.,1.));
#7197 = ADVANCED_FACE('',(#7198),#7215,.F.);
#7198 = FACE_BOUND('',#7199,.F.);
#7199 = EDGE_LOOP('',(#7200,#7201,#7208,#7214));
#7200 = ORIENTED_EDGE('',*,*,#7185,.T.);
#7201 = ORIENTED_EDGE('',*,*,#7202,.T.);
#7202 = EDGE_CURVE('',#7179,#7203,#7205,.T.);
#7203 = VERTEX_POINT('',#7204);
#7204 = CARTESIAN_POINT('',(22.75,13.48,4.8));
#7205 = B_SPLINE_CURVE_WITH_KNOTS('',1,(#7206,#7207),.UNSPECIFIED.,.F.,
  .F.,(2,2),(0.,0.219317121995),.PIECEWISE_BEZIER_KNOTS.);
#7206 = CARTESIAN_POINT('',(22.6,13.32,4.8));
#7207 = CARTESIAN_POINT('',(22.75,13.48,4.8));
#7208 = ORIENTED_EDGE('',*,*,#7209,.F.);
#7209 = EDGE_CURVE('',#2432,#7203,#7210,.T.);
#7210 = LINE('',#7211,#7212);
#7211 = CARTESIAN_POINT('',(22.75,13.48,5.));
#7212 = VECTOR('',#7213,1.);
#7213 = DIRECTION('',(-0.,-0.,-1.));
#7214 = ORIENTED_EDGE('',*,*,#2438,.F.);
#7215 = SURFACE_OF_LINEAR_EXTRUSION('',#7216,#7219);
#7216 = B_SPLINE_CURVE_WITH_KNOTS('',1,(#7217,#7218),.UNSPECIFIED.,.F.,
  .F.,(2,2),(0.,0.219317121995),.PIECEWISE_BEZIER_KNOTS.);
#7217 = CARTESIAN_POINT('',(22.6,13.32,5.));
#7218 = CARTESIAN_POINT('',(22.75,13.48,5.));
#7219 = VECTOR('',#7220,1.);
#7220 = DIRECTION('',(0.,0.,1.));
#7221 = ADVANCED_FACE('',(#7222),#7239,.F.);
#7222 = FACE_BOUND('',#7223,.F.);
#7223 = EDGE_LOOP('',(#7224,#7225,#7232,#7238));
#7224 = ORIENTED_EDGE('',*,*,#7209,.T.);
#7225 = ORIENTED_EDGE('',*,*,#7226,.T.);
#7226 = EDGE_CURVE('',#7203,#7227,#7229,.T.);
#7227 = VERTEX_POINT('',#7228);
#7228 = CARTESIAN_POINT('',(22.91,13.56,4.8));
#7229 = B_SPLINE_CURVE_WITH_KNOTS('',1,(#7230,#7231),.UNSPECIFIED.,.F.,
  .F.,(2,2),(0.,0.1788854382),.PIECEWISE_BEZIER_KNOTS.);
#7230 = CARTESIAN_POINT('',(22.75,13.48,4.8));
#7231 = CARTESIAN_POINT('',(22.91,13.56,4.8));
#7232 = ORIENTED_EDGE('',*,*,#7233,.F.);
#7233 = EDGE_CURVE('',#2425,#7227,#7234,.T.);
#7234 = LINE('',#7235,#7236);
#7235 = CARTESIAN_POINT('',(22.91,13.56,5.));
#7236 = VECTOR('',#7237,1.);
#7237 = DIRECTION('',(-0.,-0.,-1.));
#7238 = ORIENTED_EDGE('',*,*,#2431,.F.);
#7239 = SURFACE_OF_LINEAR_EXTRUSION('',#7240,#7243);
#7240 = B_SPLINE_CURVE_WITH_KNOTS('',1,(#7241,#7242),.UNSPECIFIED.,.F.,
  .F.,(2,2),(0.,0.1788854382),.PIECEWISE_BEZIER_KNOTS.);
#7241 = CARTESIAN_POINT('',(22.75,13.48,5.));
#7242 = CARTESIAN_POINT('',(22.91,13.56,5.));
#7243 = VECTOR('',#7244,1.);
#7244 = DIRECTION('',(0.,0.,1.));
#7245 = ADVANCED_FACE('',(#7246),#7263,.F.);
#7246 = FACE_BOUND('',#7247,.F.);
#7247 = EDGE_LOOP('',(#7248,#7249,#7256,#7262));
#7248 = ORIENTED_EDGE('',*,*,#7233,.T.);
#7249 = ORIENTED_EDGE('',*,*,#7250,.T.);
#7250 = EDGE_CURVE('',#7227,#7251,#7253,.T.);
#7251 = VERTEX_POINT('',#7252);
#7252 = CARTESIAN_POINT('',(23.03,13.6,4.8));
#7253 = B_SPLINE_CURVE_WITH_KNOTS('',1,(#7254,#7255),.UNSPECIFIED.,.F.,
  .F.,(2,2),(0.,0.126491106407),.PIECEWISE_BEZIER_KNOTS.);
#7254 = CARTESIAN_POINT('',(22.91,13.56,4.8));
#7255 = CARTESIAN_POINT('',(23.03,13.6,4.8));
#7256 = ORIENTED_EDGE('',*,*,#7257,.F.);
#7257 = EDGE_CURVE('',#2418,#7251,#7258,.T.);
#7258 = LINE('',#7259,#7260);
#7259 = CARTESIAN_POINT('',(23.03,13.6,5.));
#7260 = VECTOR('',#7261,1.);
#7261 = DIRECTION('',(-0.,-0.,-1.));
#7262 = ORIENTED_EDGE('',*,*,#2424,.F.);
#7263 = SURFACE_OF_LINEAR_EXTRUSION('',#7264,#7267);
#7264 = B_SPLINE_CURVE_WITH_KNOTS('',1,(#7265,#7266),.UNSPECIFIED.,.F.,
  .F.,(2,2),(0.,0.126491106407),.PIECEWISE_BEZIER_KNOTS.);
#7265 = CARTESIAN_POINT('',(22.91,13.56,5.));
#7266 = CARTESIAN_POINT('',(23.03,13.6,5.));
#7267 = VECTOR('',#7268,1.);
#7268 = DIRECTION('',(0.,0.,1.));
#7269 = ADVANCED_FACE('',(#7270),#7287,.F.);
#7270 = FACE_BOUND('',#7271,.F.);
#7271 = EDGE_LOOP('',(#7272,#7273,#7280,#7286));
#7272 = ORIENTED_EDGE('',*,*,#7257,.T.);
#7273 = ORIENTED_EDGE('',*,*,#7274,.T.);
#7274 = EDGE_CURVE('',#7251,#7275,#7277,.T.);
#7275 = VERTEX_POINT('',#7276);
#7276 = CARTESIAN_POINT('',(25.71,13.6,4.8));
#7277 = B_SPLINE_CURVE_WITH_KNOTS('',1,(#7278,#7279),.UNSPECIFIED.,.F.,
  .F.,(2,2),(0.,2.68),.PIECEWISE_BEZIER_KNOTS.);
#7278 = CARTESIAN_POINT('',(23.03,13.6,4.8));
#7279 = CARTESIAN_POINT('',(25.71,13.6,4.8));
#7280 = ORIENTED_EDGE('',*,*,#7281,.F.);
#7281 = EDGE_CURVE('',#2411,#7275,#7282,.T.);
#7282 = LINE('',#7283,#7284);
#7283 = CARTESIAN_POINT('',(25.71,13.6,5.));
#7284 = VECTOR('',#7285,1.);
#7285 = DIRECTION('',(-0.,-0.,-1.));
#7286 = ORIENTED_EDGE('',*,*,#2417,.F.);
#7287 = SURFACE_OF_LINEAR_EXTRUSION('',#7288,#7291);
#7288 = B_SPLINE_CURVE_WITH_KNOTS('',1,(#7289,#7290),.UNSPECIFIED.,.F.,
  .F.,(2,2),(0.,2.68),.PIECEWISE_BEZIER_KNOTS.);
#7289 = CARTESIAN_POINT('',(23.03,13.6,5.));
#7290 = CARTESIAN_POINT('',(25.71,13.6,5.));
#7291 = VECTOR('',#7292,1.);
#7292 = DIRECTION('',(0.,0.,1.));
#7293 = ADVANCED_FACE('',(#7294),#7311,.F.);
#7294 = FACE_BOUND('',#7295,.F.);
#7295 = EDGE_LOOP('',(#7296,#7297,#7304,#7310));
#7296 = ORIENTED_EDGE('',*,*,#7281,.T.);
#7297 = ORIENTED_EDGE('',*,*,#7298,.T.);
#7298 = EDGE_CURVE('',#7275,#7299,#7301,.T.);
#7299 = VERTEX_POINT('',#7300);
#7300 = CARTESIAN_POINT('',(25.74,13.77,4.8));
#7301 = B_SPLINE_CURVE_WITH_KNOTS('',1,(#7302,#7303),.UNSPECIFIED.,.F.,
  .F.,(2,2),(0.,0.172626765016),.PIECEWISE_BEZIER_KNOTS.);
#7302 = CARTESIAN_POINT('',(25.71,13.6,4.8));
#7303 = CARTESIAN_POINT('',(25.74,13.77,4.8));
#7304 = ORIENTED_EDGE('',*,*,#7305,.F.);
#7305 = EDGE_CURVE('',#2404,#7299,#7306,.T.);
#7306 = LINE('',#7307,#7308);
#7307 = CARTESIAN_POINT('',(25.74,13.77,5.));
#7308 = VECTOR('',#7309,1.);
#7309 = DIRECTION('',(-0.,-0.,-1.));
#7310 = ORIENTED_EDGE('',*,*,#2410,.F.);
#7311 = SURFACE_OF_LINEAR_EXTRUSION('',#7312,#7315);
#7312 = B_SPLINE_CURVE_WITH_KNOTS('',1,(#7313,#7314),.UNSPECIFIED.,.F.,
  .F.,(2,2),(0.,0.172626765016),.PIECEWISE_BEZIER_KNOTS.);
#7313 = CARTESIAN_POINT('',(25.71,13.6,5.));
#7314 = CARTESIAN_POINT('',(25.74,13.77,5.));
#7315 = VECTOR('',#7316,1.);
#7316 = DIRECTION('',(0.,0.,1.));
#7317 = ADVANCED_FACE('',(#7318),#7335,.F.);
#7318 = FACE_BOUND('',#7319,.F.);
#7319 = EDGE_LOOP('',(#7320,#7321,#7328,#7334));
#7320 = ORIENTED_EDGE('',*,*,#7305,.T.);
#7321 = ORIENTED_EDGE('',*,*,#7322,.T.);
#7322 = EDGE_CURVE('',#7299,#7323,#7325,.T.);
#7323 = VERTEX_POINT('',#7324);
#7324 = CARTESIAN_POINT('',(25.82,13.88,4.8));
#7325 = B_SPLINE_CURVE_WITH_KNOTS('',1,(#7326,#7327),.UNSPECIFIED.,.F.,
  .F.,(2,2),(0.,0.136014705087),.PIECEWISE_BEZIER_KNOTS.);
#7326 = CARTESIAN_POINT('',(25.74,13.77,4.8));
#7327 = CARTESIAN_POINT('',(25.82,13.88,4.8));
#7328 = ORIENTED_EDGE('',*,*,#7329,.F.);
#7329 = EDGE_CURVE('',#2397,#7323,#7330,.T.);
#7330 = LINE('',#7331,#7332);
#7331 = CARTESIAN_POINT('',(25.82,13.88,5.));
#7332 = VECTOR('',#7333,1.);
#7333 = DIRECTION('',(-0.,-0.,-1.));
#7334 = ORIENTED_EDGE('',*,*,#2403,.F.);
#7335 = SURFACE_OF_LINEAR_EXTRUSION('',#7336,#7339);
#7336 = B_SPLINE_CURVE_WITH_KNOTS('',1,(#7337,#7338),.UNSPECIFIED.,.F.,
  .F.,(2,2),(0.,0.136014705087),.PIECEWISE_BEZIER_KNOTS.);
#7337 = CARTESIAN_POINT('',(25.74,13.77,5.));
#7338 = CARTESIAN_POINT('',(25.82,13.88,5.));
#7339 = VECTOR('',#7340,1.);
#7340 = DIRECTION('',(0.,0.,1.));
#7341 = ADVANCED_FACE('',(#7342),#7359,.F.);
#7342 = FACE_BOUND('',#7343,.F.);
#7343 = EDGE_LOOP('',(#7344,#7345,#7352,#7358));
#7344 = ORIENTED_EDGE('',*,*,#7329,.T.);
#7345 = ORIENTED_EDGE('',*,*,#7346,.T.);
#7346 = EDGE_CURVE('',#7323,#7347,#7349,.T.);
#7347 = VERTEX_POINT('',#7348);
#7348 = CARTESIAN_POINT('',(25.95,14.24,4.8));
#7349 = B_SPLINE_CURVE_WITH_KNOTS('',1,(#7350,#7351),.UNSPECIFIED.,.F.,
  .F.,(2,2),(0.,0.38275318418),.PIECEWISE_BEZIER_KNOTS.);
#7350 = CARTESIAN_POINT('',(25.82,13.88,4.8));
#7351 = CARTESIAN_POINT('',(25.95,14.24,4.8));
#7352 = ORIENTED_EDGE('',*,*,#7353,.F.);
#7353 = EDGE_CURVE('',#2390,#7347,#7354,.T.);
#7354 = LINE('',#7355,#7356);
#7355 = CARTESIAN_POINT('',(25.95,14.24,5.));
#7356 = VECTOR('',#7357,1.);
#7357 = DIRECTION('',(-0.,-0.,-1.));
#7358 = ORIENTED_EDGE('',*,*,#2396,.F.);
#7359 = SURFACE_OF_LINEAR_EXTRUSION('',#7360,#7363);
#7360 = B_SPLINE_CURVE_WITH_KNOTS('',1,(#7361,#7362),.UNSPECIFIED.,.F.,
  .F.,(2,2),(0.,0.38275318418),.PIECEWISE_BEZIER_KNOTS.);
#7361 = CARTESIAN_POINT('',(25.82,13.88,5.));
#7362 = CARTESIAN_POINT('',(25.95,14.24,5.));
#7363 = VECTOR('',#7364,1.);
#7364 = DIRECTION('',(0.,0.,1.));
#7365 = ADVANCED_FACE('',(#7366),#7383,.F.);
#7366 = FACE_BOUND('',#7367,.F.);
#7367 = EDGE_LOOP('',(#7368,#7369,#7376,#7382));
#7368 = ORIENTED_EDGE('',*,*,#7353,.T.);
#7369 = ORIENTED_EDGE('',*,*,#7370,.T.);
#7370 = EDGE_CURVE('',#7347,#7371,#7373,.T.);
#7371 = VERTEX_POINT('',#7372);
#7372 = CARTESIAN_POINT('',(26.1,14.76,4.8));
#7373 = B_SPLINE_CURVE_WITH_KNOTS('',1,(#7374,#7375),.UNSPECIFIED.,.F.,
  .F.,(2,2),(0.,0.541202365109),.PIECEWISE_BEZIER_KNOTS.);
#7374 = CARTESIAN_POINT('',(25.95,14.24,4.8));
#7375 = CARTESIAN_POINT('',(26.1,14.76,4.8));
#7376 = ORIENTED_EDGE('',*,*,#7377,.F.);
#7377 = EDGE_CURVE('',#2383,#7371,#7378,.T.);
#7378 = LINE('',#7379,#7380);
#7379 = CARTESIAN_POINT('',(26.1,14.76,5.));
#7380 = VECTOR('',#7381,1.);
#7381 = DIRECTION('',(-0.,-0.,-1.));
#7382 = ORIENTED_EDGE('',*,*,#2389,.F.);
#7383 = SURFACE_OF_LINEAR_EXTRUSION('',#7384,#7387);
#7384 = B_SPLINE_CURVE_WITH_KNOTS('',1,(#7385,#7386),.UNSPECIFIED.,.F.,
  .F.,(2,2),(0.,0.541202365109),.PIECEWISE_BEZIER_KNOTS.);
#7385 = CARTESIAN_POINT('',(25.95,14.24,5.));
#7386 = CARTESIAN_POINT('',(26.1,14.76,5.));
#7387 = VECTOR('',#7388,1.);
#7388 = DIRECTION('',(0.,0.,1.));
#7389 = ADVANCED_FACE('',(#7390),#7407,.F.);
#7390 = FACE_BOUND('',#7391,.F.);
#7391 = EDGE_LOOP('',(#7392,#7393,#7400,#7406));
#7392 = ORIENTED_EDGE('',*,*,#7377,.T.);
#7393 = ORIENTED_EDGE('',*,*,#7394,.T.);
#7394 = EDGE_CURVE('',#7371,#7395,#7397,.T.);
#7395 = VERTEX_POINT('',#7396);
#7396 = CARTESIAN_POINT('',(25.66,14.76,4.8));
#7397 = B_SPLINE_CURVE_WITH_KNOTS('',1,(#7398,#7399),.UNSPECIFIED.,.F.,
  .F.,(2,2),(0.,0.44),.PIECEWISE_BEZIER_KNOTS.);
#7398 = CARTESIAN_POINT('',(26.1,14.76,4.8));
#7399 = CARTESIAN_POINT('',(25.66,14.76,4.8));
#7400 = ORIENTED_EDGE('',*,*,#7401,.F.);
#7401 = EDGE_CURVE('',#2376,#7395,#7402,.T.);
#7402 = LINE('',#7403,#7404);
#7403 = CARTESIAN_POINT('',(25.66,14.76,5.));
#7404 = VECTOR('',#7405,1.);
#7405 = DIRECTION('',(-0.,-0.,-1.));
#7406 = ORIENTED_EDGE('',*,*,#2382,.F.);
#7407 = SURFACE_OF_LINEAR_EXTRUSION('',#7408,#7411);
#7408 = B_SPLINE_CURVE_WITH_KNOTS('',1,(#7409,#7410),.UNSPECIFIED.,.F.,
  .F.,(2,2),(0.,0.44),.PIECEWISE_BEZIER_KNOTS.);
#7409 = CARTESIAN_POINT('',(26.1,14.76,5.));
#7410 = CARTESIAN_POINT('',(25.66,14.76,5.));
#7411 = VECTOR('',#7412,1.);
#7412 = DIRECTION('',(0.,0.,1.));
#7413 = ADVANCED_FACE('',(#7414),#7431,.F.);
#7414 = FACE_BOUND('',#7415,.F.);
#7415 = EDGE_LOOP('',(#7416,#7417,#7424,#7430));
#7416 = ORIENTED_EDGE('',*,*,#7401,.T.);
#7417 = ORIENTED_EDGE('',*,*,#7418,.T.);
#7418 = EDGE_CURVE('',#7395,#7419,#7421,.T.);
#7419 = VERTEX_POINT('',#7420);
#7420 = CARTESIAN_POINT('',(25.63,14.79,4.8));
#7421 = B_SPLINE_CURVE_WITH_KNOTS('',1,(#7422,#7423),.UNSPECIFIED.,.F.,
  .F.,(2,2),(0.,4.242640687119E-02),.PIECEWISE_BEZIER_KNOTS.);
#7422 = CARTESIAN_POINT('',(25.66,14.76,4.8));
#7423 = CARTESIAN_POINT('',(25.63,14.79,4.8));
#7424 = ORIENTED_EDGE('',*,*,#7425,.F.);
#7425 = EDGE_CURVE('',#2369,#7419,#7426,.T.);
#7426 = LINE('',#7427,#7428);
#7427 = CARTESIAN_POINT('',(25.63,14.79,5.));
#7428 = VECTOR('',#7429,1.);
#7429 = DIRECTION('',(-0.,-0.,-1.));
#7430 = ORIENTED_EDGE('',*,*,#2375,.F.);
#7431 = SURFACE_OF_LINEAR_EXTRUSION('',#7432,#7435);
#7432 = B_SPLINE_CURVE_WITH_KNOTS('',1,(#7433,#7434),.UNSPECIFIED.,.F.,
  .F.,(2,2),(0.,4.242640687119E-02),.PIECEWISE_BEZIER_KNOTS.);
#7433 = CARTESIAN_POINT('',(25.66,14.76,5.));
#7434 = CARTESIAN_POINT('',(25.63,14.79,5.));
#7435 = VECTOR('',#7436,1.);
#7436 = DIRECTION('',(0.,0.,1.));
#7437 = ADVANCED_FACE('',(#7438),#7455,.F.);
#7438 = FACE_BOUND('',#7439,.F.);
#7439 = EDGE_LOOP('',(#7440,#7441,#7448,#7454));
#7440 = ORIENTED_EDGE('',*,*,#7425,.T.);
#7441 = ORIENTED_EDGE('',*,*,#7442,.T.);
#7442 = EDGE_CURVE('',#7419,#7443,#7445,.T.);
#7443 = VERTEX_POINT('',#7444);
#7444 = CARTESIAN_POINT('',(23.79,14.76,4.8));
#7445 = B_SPLINE_CURVE_WITH_KNOTS('',1,(#7446,#7447),.UNSPECIFIED.,.F.,
  .F.,(2,2),(0.,1.840244548966),.PIECEWISE_BEZIER_KNOTS.);
#7446 = CARTESIAN_POINT('',(25.63,14.79,4.8));
#7447 = CARTESIAN_POINT('',(23.79,14.76,4.8));
#7448 = ORIENTED_EDGE('',*,*,#7449,.F.);
#7449 = EDGE_CURVE('',#2362,#7443,#7450,.T.);
#7450 = LINE('',#7451,#7452);
#7451 = CARTESIAN_POINT('',(23.79,14.76,5.));
#7452 = VECTOR('',#7453,1.);
#7453 = DIRECTION('',(-0.,-0.,-1.));
#7454 = ORIENTED_EDGE('',*,*,#2368,.F.);
#7455 = SURFACE_OF_LINEAR_EXTRUSION('',#7456,#7459);
#7456 = B_SPLINE_CURVE_WITH_KNOTS('',1,(#7457,#7458),.UNSPECIFIED.,.F.,
  .F.,(2,2),(0.,1.840244548966),.PIECEWISE_BEZIER_KNOTS.);
#7457 = CARTESIAN_POINT('',(25.63,14.79,5.));
#7458 = CARTESIAN_POINT('',(23.79,14.76,5.));
#7459 = VECTOR('',#7460,1.);
#7460 = DIRECTION('',(0.,0.,1.));
#7461 = ADVANCED_FACE('',(#7462),#7479,.F.);
#7462 = FACE_BOUND('',#7463,.F.);
#7463 = EDGE_LOOP('',(#7464,#7465,#7472,#7478));
#7464 = ORIENTED_EDGE('',*,*,#7449,.T.);
#7465 = ORIENTED_EDGE('',*,*,#7466,.T.);
#7466 = EDGE_CURVE('',#7443,#7467,#7469,.T.);
#7467 = VERTEX_POINT('',#7468);
#7468 = CARTESIAN_POINT('',(23.76,14.79,4.8));
#7469 = B_SPLINE_CURVE_WITH_KNOTS('',1,(#7470,#7471),.UNSPECIFIED.,.F.,
  .F.,(2,2),(0.,4.242640687119E-02),.PIECEWISE_BEZIER_KNOTS.);
#7470 = CARTESIAN_POINT('',(23.79,14.76,4.8));
#7471 = CARTESIAN_POINT('',(23.76,14.79,4.8));
#7472 = ORIENTED_EDGE('',*,*,#7473,.F.);
#7473 = EDGE_CURVE('',#2355,#7467,#7474,.T.);
#7474 = LINE('',#7475,#7476);
#7475 = CARTESIAN_POINT('',(23.76,14.79,5.));
#7476 = VECTOR('',#7477,1.);
#7477 = DIRECTION('',(-0.,-0.,-1.));
#7478 = ORIENTED_EDGE('',*,*,#2361,.F.);
#7479 = SURFACE_OF_LINEAR_EXTRUSION('',#7480,#7483);
#7480 = B_SPLINE_CURVE_WITH_KNOTS('',1,(#7481,#7482),.UNSPECIFIED.,.F.,
  .F.,(2,2),(0.,4.242640687119E-02),.PIECEWISE_BEZIER_KNOTS.);
#7481 = CARTESIAN_POINT('',(23.79,14.76,5.));
#7482 = CARTESIAN_POINT('',(23.76,14.79,5.));
#7483 = VECTOR('',#7484,1.);
#7484 = DIRECTION('',(0.,0.,1.));
#7485 = ADVANCED_FACE('',(#7486),#7503,.F.);
#7486 = FACE_BOUND('',#7487,.F.);
#7487 = EDGE_LOOP('',(#7488,#7489,#7496,#7502));
#7488 = ORIENTED_EDGE('',*,*,#7473,.T.);
#7489 = ORIENTED_EDGE('',*,*,#7490,.T.);
#7490 = EDGE_CURVE('',#7467,#7491,#7493,.T.);
#7491 = VERTEX_POINT('',#7492);
#7492 = CARTESIAN_POINT('',(23.4,14.79,4.8));
#7493 = B_SPLINE_CURVE_WITH_KNOTS('',1,(#7494,#7495),.UNSPECIFIED.,.F.,
  .F.,(2,2),(0.,0.36),.PIECEWISE_BEZIER_KNOTS.);
#7494 = CARTESIAN_POINT('',(23.76,14.79,4.8));
#7495 = CARTESIAN_POINT('',(23.4,14.79,4.8));
#7496 = ORIENTED_EDGE('',*,*,#7497,.F.);
#7497 = EDGE_CURVE('',#2348,#7491,#7498,.T.);
#7498 = LINE('',#7499,#7500);
#7499 = CARTESIAN_POINT('',(23.4,14.79,5.));
#7500 = VECTOR('',#7501,1.);
#7501 = DIRECTION('',(-0.,-0.,-1.));
#7502 = ORIENTED_EDGE('',*,*,#2354,.F.);
#7503 = SURFACE_OF_LINEAR_EXTRUSION('',#7504,#7507);
#7504 = B_SPLINE_CURVE_WITH_KNOTS('',1,(#7505,#7506),.UNSPECIFIED.,.F.,
  .F.,(2,2),(0.,0.36),.PIECEWISE_BEZIER_KNOTS.);
#7505 = CARTESIAN_POINT('',(23.76,14.79,5.));
#7506 = CARTESIAN_POINT('',(23.4,14.79,5.));
#7507 = VECTOR('',#7508,1.);
#7508 = DIRECTION('',(0.,0.,1.));
#7509 = ADVANCED_FACE('',(#7510),#7527,.F.);
#7510 = FACE_BOUND('',#7511,.F.);
#7511 = EDGE_LOOP('',(#7512,#7513,#7520,#7526));
#7512 = ORIENTED_EDGE('',*,*,#7497,.T.);
#7513 = ORIENTED_EDGE('',*,*,#7514,.T.);
#7514 = EDGE_CURVE('',#7491,#7515,#7517,.T.);
#7515 = VERTEX_POINT('',#7516);
#7516 = CARTESIAN_POINT('',(23.3,14.84,4.8));
#7517 = B_SPLINE_CURVE_WITH_KNOTS('',1,(#7518,#7519),.UNSPECIFIED.,.F.,
  .F.,(2,2),(0.,0.111803398875),.PIECEWISE_BEZIER_KNOTS.);
#7518 = CARTESIAN_POINT('',(23.4,14.79,4.8));
#7519 = CARTESIAN_POINT('',(23.3,14.84,4.8));
#7520 = ORIENTED_EDGE('',*,*,#7521,.F.);
#7521 = EDGE_CURVE('',#2341,#7515,#7522,.T.);
#7522 = LINE('',#7523,#7524);
#7523 = CARTESIAN_POINT('',(23.3,14.84,5.));
#7524 = VECTOR('',#7525,1.);
#7525 = DIRECTION('',(-0.,-0.,-1.));
#7526 = ORIENTED_EDGE('',*,*,#2347,.F.);
#7527 = SURFACE_OF_LINEAR_EXTRUSION('',#7528,#7531);
#7528 = B_SPLINE_CURVE_WITH_KNOTS('',1,(#7529,#7530),.UNSPECIFIED.,.F.,
  .F.,(2,2),(0.,0.111803398875),.PIECEWISE_BEZIER_KNOTS.);
#7529 = CARTESIAN_POINT('',(23.4,14.79,5.));
#7530 = CARTESIAN_POINT('',(23.3,14.84,5.));
#7531 = VECTOR('',#7532,1.);
#7532 = DIRECTION('',(0.,0.,1.));
#7533 = ADVANCED_FACE('',(#7534),#7551,.F.);
#7534 = FACE_BOUND('',#7535,.F.);
#7535 = EDGE_LOOP('',(#7536,#7537,#7544,#7550));
#7536 = ORIENTED_EDGE('',*,*,#7521,.T.);
#7537 = ORIENTED_EDGE('',*,*,#7538,.T.);
#7538 = EDGE_CURVE('',#7515,#7539,#7541,.T.);
#7539 = VERTEX_POINT('',#7540);
#7540 = CARTESIAN_POINT('',(23.16,14.97,4.8));
#7541 = B_SPLINE_CURVE_WITH_KNOTS('',1,(#7542,#7543),.UNSPECIFIED.,.F.,
  .F.,(2,2),(0.,0.191049731745),.PIECEWISE_BEZIER_KNOTS.);
#7542 = CARTESIAN_POINT('',(23.3,14.84,4.8));
#7543 = CARTESIAN_POINT('',(23.16,14.97,4.8));
#7544 = ORIENTED_EDGE('',*,*,#7545,.F.);
#7545 = EDGE_CURVE('',#2334,#7539,#7546,.T.);
#7546 = LINE('',#7547,#7548);
#7547 = CARTESIAN_POINT('',(23.16,14.97,5.));
#7548 = VECTOR('',#7549,1.);
#7549 = DIRECTION('',(-0.,-0.,-1.));
#7550 = ORIENTED_EDGE('',*,*,#2340,.F.);
#7551 = SURFACE_OF_LINEAR_EXTRUSION('',#7552,#7555);
#7552 = B_SPLINE_CURVE_WITH_KNOTS('',1,(#7553,#7554),.UNSPECIFIED.,.F.,
  .F.,(2,2),(0.,0.191049731745),.PIECEWISE_BEZIER_KNOTS.);
#7553 = CARTESIAN_POINT('',(23.3,14.84,5.));
#7554 = CARTESIAN_POINT('',(23.16,14.97,5.));
#7555 = VECTOR('',#7556,1.);
#7556 = DIRECTION('',(0.,0.,1.));
#7557 = ADVANCED_FACE('',(#7558),#7575,.F.);
#7558 = FACE_BOUND('',#7559,.F.);
#7559 = EDGE_LOOP('',(#7560,#7561,#7568,#7574));
#7560 = ORIENTED_EDGE('',*,*,#7545,.T.);
#7561 = ORIENTED_EDGE('',*,*,#7562,.T.);
#7562 = EDGE_CURVE('',#7539,#7563,#7565,.T.);
#7563 = VERTEX_POINT('',#7564);
#7564 = CARTESIAN_POINT('',(23.12,15.11,4.8));
#7565 = B_SPLINE_CURVE_WITH_KNOTS('',1,(#7566,#7567),.UNSPECIFIED.,.F.,
  .F.,(2,2),(0.,0.145602197786),.PIECEWISE_BEZIER_KNOTS.);
#7566 = CARTESIAN_POINT('',(23.16,14.97,4.8));
#7567 = CARTESIAN_POINT('',(23.12,15.11,4.8));
#7568 = ORIENTED_EDGE('',*,*,#7569,.F.);
#7569 = EDGE_CURVE('',#2327,#7563,#7570,.T.);
#7570 = LINE('',#7571,#7572);
#7571 = CARTESIAN_POINT('',(23.12,15.11,5.));
#7572 = VECTOR('',#7573,1.);
#7573 = DIRECTION('',(-0.,-0.,-1.));
#7574 = ORIENTED_EDGE('',*,*,#2333,.F.);
#7575 = SURFACE_OF_LINEAR_EXTRUSION('',#7576,#7579);
#7576 = B_SPLINE_CURVE_WITH_KNOTS('',1,(#7577,#7578),.UNSPECIFIED.,.F.,
  .F.,(2,2),(0.,0.145602197786),.PIECEWISE_BEZIER_KNOTS.);
#7577 = CARTESIAN_POINT('',(23.16,14.97,5.));
#7578 = CARTESIAN_POINT('',(23.12,15.11,5.));
#7579 = VECTOR('',#7580,1.);
#7580 = DIRECTION('',(0.,0.,1.));
#7581 = ADVANCED_FACE('',(#7582),#7599,.F.);
#7582 = FACE_BOUND('',#7583,.F.);
#7583 = EDGE_LOOP('',(#7584,#7585,#7592,#7598));
#7584 = ORIENTED_EDGE('',*,*,#7569,.T.);
#7585 = ORIENTED_EDGE('',*,*,#7586,.T.);
#7586 = EDGE_CURVE('',#7563,#7587,#7589,.T.);
#7587 = VERTEX_POINT('',#7588);
#7588 = CARTESIAN_POINT('',(23.12,15.35,4.8));
#7589 = B_SPLINE_CURVE_WITH_KNOTS('',1,(#7590,#7591),.UNSPECIFIED.,.F.,
  .F.,(2,2),(0.,0.24),.PIECEWISE_BEZIER_KNOTS.);
#7590 = CARTESIAN_POINT('',(23.12,15.11,4.8));
#7591 = CARTESIAN_POINT('',(23.12,15.35,4.8));
#7592 = ORIENTED_EDGE('',*,*,#7593,.F.);
#7593 = EDGE_CURVE('',#2320,#7587,#7594,.T.);
#7594 = LINE('',#7595,#7596);
#7595 = CARTESIAN_POINT('',(23.12,15.35,5.));
#7596 = VECTOR('',#7597,1.);
#7597 = DIRECTION('',(-0.,-0.,-1.));
#7598 = ORIENTED_EDGE('',*,*,#2326,.F.);
#7599 = SURFACE_OF_LINEAR_EXTRUSION('',#7600,#7603);
#7600 = B_SPLINE_CURVE_WITH_KNOTS('',1,(#7601,#7602),.UNSPECIFIED.,.F.,
  .F.,(2,2),(0.,0.24),.PIECEWISE_BEZIER_KNOTS.);
#7601 = CARTESIAN_POINT('',(23.12,15.11,5.));
#7602 = CARTESIAN_POINT('',(23.12,15.35,5.));
#7603 = VECTOR('',#7604,1.);
#7604 = DIRECTION('',(0.,0.,1.));
#7605 = ADVANCED_FACE('',(#7606),#7623,.F.);
#7606 = FACE_BOUND('',#7607,.F.);
#7607 = EDGE_LOOP('',(#7608,#7609,#7616,#7622));
#7608 = ORIENTED_EDGE('',*,*,#7593,.T.);
#7609 = ORIENTED_EDGE('',*,*,#7610,.T.);
#7610 = EDGE_CURVE('',#7587,#7611,#7613,.T.);
#7611 = VERTEX_POINT('',#7612);
#7612 = CARTESIAN_POINT('',(23.16,15.51,4.8));
#7613 = B_SPLINE_CURVE_WITH_KNOTS('',1,(#7614,#7615),.UNSPECIFIED.,.F.,
  .F.,(2,2),(0.,0.164924225025),.PIECEWISE_BEZIER_KNOTS.);
#7614 = CARTESIAN_POINT('',(23.12,15.35,4.8));
#7615 = CARTESIAN_POINT('',(23.16,15.51,4.8));
#7616 = ORIENTED_EDGE('',*,*,#7617,.F.);
#7617 = EDGE_CURVE('',#2313,#7611,#7618,.T.);
#7618 = LINE('',#7619,#7620);
#7619 = CARTESIAN_POINT('',(23.16,15.51,5.));
#7620 = VECTOR('',#7621,1.);
#7621 = DIRECTION('',(-0.,-0.,-1.));
#7622 = ORIENTED_EDGE('',*,*,#2319,.F.);
#7623 = SURFACE_OF_LINEAR_EXTRUSION('',#7624,#7627);
#7624 = B_SPLINE_CURVE_WITH_KNOTS('',1,(#7625,#7626),.UNSPECIFIED.,.F.,
  .F.,(2,2),(0.,0.164924225025),.PIECEWISE_BEZIER_KNOTS.);
#7625 = CARTESIAN_POINT('',(23.12,15.35,5.));
#7626 = CARTESIAN_POINT('',(23.16,15.51,5.));
#7627 = VECTOR('',#7628,1.);
#7628 = DIRECTION('',(0.,0.,1.));
#7629 = ADVANCED_FACE('',(#7630),#7647,.F.);
#7630 = FACE_BOUND('',#7631,.F.);
#7631 = EDGE_LOOP('',(#7632,#7633,#7640,#7646));
#7632 = ORIENTED_EDGE('',*,*,#7617,.T.);
#7633 = ORIENTED_EDGE('',*,*,#7634,.T.);
#7634 = EDGE_CURVE('',#7611,#7635,#7637,.T.);
#7635 = VERTEX_POINT('',#7636);
#7636 = CARTESIAN_POINT('',(23.24,15.67,4.8));
#7637 = B_SPLINE_CURVE_WITH_KNOTS('',1,(#7638,#7639),.UNSPECIFIED.,.F.,
  .F.,(2,2),(0.,0.1788854382),.PIECEWISE_BEZIER_KNOTS.);
#7638 = CARTESIAN_POINT('',(23.16,15.51,4.8));
#7639 = CARTESIAN_POINT('',(23.24,15.67,4.8));
#7640 = ORIENTED_EDGE('',*,*,#7641,.F.);
#7641 = EDGE_CURVE('',#2306,#7635,#7642,.T.);
#7642 = LINE('',#7643,#7644);
#7643 = CARTESIAN_POINT('',(23.24,15.67,5.));
#7644 = VECTOR('',#7645,1.);
#7645 = DIRECTION('',(-0.,-0.,-1.));
#7646 = ORIENTED_EDGE('',*,*,#2312,.F.);
#7647 = SURFACE_OF_LINEAR_EXTRUSION('',#7648,#7651);
#7648 = B_SPLINE_CURVE_WITH_KNOTS('',1,(#7649,#7650),.UNSPECIFIED.,.F.,
  .F.,(2,2),(0.,0.1788854382),.PIECEWISE_BEZIER_KNOTS.);
#7649 = CARTESIAN_POINT('',(23.16,15.51,5.));
#7650 = CARTESIAN_POINT('',(23.24,15.67,5.));
#7651 = VECTOR('',#7652,1.);
#7652 = DIRECTION('',(0.,0.,1.));
#7653 = ADVANCED_FACE('',(#7654),#7671,.F.);
#7654 = FACE_BOUND('',#7655,.F.);
#7655 = EDGE_LOOP('',(#7656,#7657,#7664,#7670));
#7656 = ORIENTED_EDGE('',*,*,#7641,.T.);
#7657 = ORIENTED_EDGE('',*,*,#7658,.T.);
#7658 = EDGE_CURVE('',#7635,#7659,#7661,.T.);
#7659 = VERTEX_POINT('',#7660);
#7660 = CARTESIAN_POINT('',(23.47,15.89,4.8));
#7661 = B_SPLINE_CURVE_WITH_KNOTS('',1,(#7662,#7663),.UNSPECIFIED.,.F.,
  .F.,(2,2),(0.,0.318276609257),.PIECEWISE_BEZIER_KNOTS.);
#7662 = CARTESIAN_POINT('',(23.24,15.67,4.8));
#7663 = CARTESIAN_POINT('',(23.47,15.89,4.8));
#7664 = ORIENTED_EDGE('',*,*,#7665,.F.);
#7665 = EDGE_CURVE('',#2299,#7659,#7666,.T.);
#7666 = LINE('',#7667,#7668);
#7667 = CARTESIAN_POINT('',(23.47,15.89,5.));
#7668 = VECTOR('',#7669,1.);
#7669 = DIRECTION('',(-0.,-0.,-1.));
#7670 = ORIENTED_EDGE('',*,*,#2305,.F.);
#7671 = SURFACE_OF_LINEAR_EXTRUSION('',#7672,#7675);
#7672 = B_SPLINE_CURVE_WITH_KNOTS('',1,(#7673,#7674),.UNSPECIFIED.,.F.,
  .F.,(2,2),(0.,0.318276609257),.PIECEWISE_BEZIER_KNOTS.);
#7673 = CARTESIAN_POINT('',(23.24,15.67,5.));
#7674 = CARTESIAN_POINT('',(23.47,15.89,5.));
#7675 = VECTOR('',#7676,1.);
#7676 = DIRECTION('',(0.,0.,1.));
#7677 = ADVANCED_FACE('',(#7678),#7695,.F.);
#7678 = FACE_BOUND('',#7679,.F.);
#7679 = EDGE_LOOP('',(#7680,#7681,#7688,#7694));
#7680 = ORIENTED_EDGE('',*,*,#7665,.T.);
#7681 = ORIENTED_EDGE('',*,*,#7682,.T.);
#7682 = EDGE_CURVE('',#7659,#7683,#7685,.T.);
#7683 = VERTEX_POINT('',#7684);
#7684 = CARTESIAN_POINT('',(23.71,16.01,4.8));
#7685 = B_SPLINE_CURVE_WITH_KNOTS('',1,(#7686,#7687),.UNSPECIFIED.,.F.,
  .F.,(2,2),(0.,0.2683281573),.PIECEWISE_BEZIER_KNOTS.);
#7686 = CARTESIAN_POINT('',(23.47,15.89,4.8));
#7687 = CARTESIAN_POINT('',(23.71,16.01,4.8));
#7688 = ORIENTED_EDGE('',*,*,#7689,.F.);
#7689 = EDGE_CURVE('',#2292,#7683,#7690,.T.);
#7690 = LINE('',#7691,#7692);
#7691 = CARTESIAN_POINT('',(23.71,16.01,5.));
#7692 = VECTOR('',#7693,1.);
#7693 = DIRECTION('',(-0.,-0.,-1.));
#7694 = ORIENTED_EDGE('',*,*,#2298,.F.);
#7695 = SURFACE_OF_LINEAR_EXTRUSION('',#7696,#7699);
#7696 = B_SPLINE_CURVE_WITH_KNOTS('',1,(#7697,#7698),.UNSPECIFIED.,.F.,
  .F.,(2,2),(0.,0.2683281573),.PIECEWISE_BEZIER_KNOTS.);
#7697 = CARTESIAN_POINT('',(23.47,15.89,5.));
#7698 = CARTESIAN_POINT('',(23.71,16.01,5.));
#7699 = VECTOR('',#7700,1.);
#7700 = DIRECTION('',(0.,0.,1.));
#7701 = ADVANCED_FACE('',(#7702),#7719,.F.);
#7702 = FACE_BOUND('',#7703,.F.);
#7703 = EDGE_LOOP('',(#7704,#7705,#7712,#7718));
#7704 = ORIENTED_EDGE('',*,*,#7689,.T.);
#7705 = ORIENTED_EDGE('',*,*,#7706,.T.);
#7706 = EDGE_CURVE('',#7683,#7707,#7709,.T.);
#7707 = VERTEX_POINT('',#7708);
#7708 = CARTESIAN_POINT('',(27.71,16.01,4.8));
#7709 = B_SPLINE_CURVE_WITH_KNOTS('',1,(#7710,#7711),.UNSPECIFIED.,.F.,
  .F.,(2,2),(0.,4.),.PIECEWISE_BEZIER_KNOTS.);
#7710 = CARTESIAN_POINT('',(23.71,16.01,4.8));
#7711 = CARTESIAN_POINT('',(27.71,16.01,4.8));
#7712 = ORIENTED_EDGE('',*,*,#7713,.F.);
#7713 = EDGE_CURVE('',#2285,#7707,#7714,.T.);
#7714 = LINE('',#7715,#7716);
#7715 = CARTESIAN_POINT('',(27.71,16.01,5.));
#7716 = VECTOR('',#7717,1.);
#7717 = DIRECTION('',(-0.,-0.,-1.));
#7718 = ORIENTED_EDGE('',*,*,#2291,.F.);
#7719 = SURFACE_OF_LINEAR_EXTRUSION('',#7720,#7723);
#7720 = B_SPLINE_CURVE_WITH_KNOTS('',1,(#7721,#7722),.UNSPECIFIED.,.F.,
  .F.,(2,2),(0.,4.),.PIECEWISE_BEZIER_KNOTS.);
#7721 = CARTESIAN_POINT('',(23.71,16.01,5.));
#7722 = CARTESIAN_POINT('',(27.71,16.01,5.));
#7723 = VECTOR('',#7724,1.);
#7724 = DIRECTION('',(0.,0.,1.));
#7725 = ADVANCED_FACE('',(#7726),#7743,.F.);
#7726 = FACE_BOUND('',#7727,.F.);
#7727 = EDGE_LOOP('',(#7728,#7729,#7736,#7742));
#7728 = ORIENTED_EDGE('',*,*,#7713,.T.);
#7729 = ORIENTED_EDGE('',*,*,#7730,.T.);
#7730 = EDGE_CURVE('',#7707,#7731,#7733,.T.);
#7731 = VERTEX_POINT('',#7732);
#7732 = CARTESIAN_POINT('',(29.,17.28,4.8));
#7733 = B_SPLINE_CURVE_WITH_KNOTS('',1,(#7734,#7735),.UNSPECIFIED.,.F.,
  .F.,(2,2),(0.,1.810248601712),.PIECEWISE_BEZIER_KNOTS.);
#7734 = CARTESIAN_POINT('',(27.71,16.01,4.8));
#7735 = CARTESIAN_POINT('',(29.,17.28,4.8));
#7736 = ORIENTED_EDGE('',*,*,#7737,.F.);
#7737 = EDGE_CURVE('',#2278,#7731,#7738,.T.);
#7738 = LINE('',#7739,#7740);
#7739 = CARTESIAN_POINT('',(29.,17.28,5.));
#7740 = VECTOR('',#7741,1.);
#7741 = DIRECTION('',(-0.,-0.,-1.));
#7742 = ORIENTED_EDGE('',*,*,#2284,.F.);
#7743 = SURFACE_OF_LINEAR_EXTRUSION('',#7744,#7747);
#7744 = B_SPLINE_CURVE_WITH_KNOTS('',1,(#7745,#7746),.UNSPECIFIED.,.F.,
  .F.,(2,2),(0.,1.810248601712),.PIECEWISE_BEZIER_KNOTS.);
#7745 = CARTESIAN_POINT('',(27.71,16.01,5.));
#7746 = CARTESIAN_POINT('',(29.,17.28,5.));
#7747 = VECTOR('',#7748,1.);
#7748 = DIRECTION('',(0.,0.,1.));
#7749 = ADVANCED_FACE('',(#7750),#7767,.F.);
#7750 = FACE_BOUND('',#7751,.F.);
#7751 = EDGE_LOOP('',(#7752,#7753,#7760,#7766));
#7752 = ORIENTED_EDGE('',*,*,#7737,.T.);
#7753 = ORIENTED_EDGE('',*,*,#7754,.T.);
#7754 = EDGE_CURVE('',#7731,#7755,#7757,.T.);
#7755 = VERTEX_POINT('',#7756);
#7756 = CARTESIAN_POINT('',(23.13,17.28,4.8));
#7757 = B_SPLINE_CURVE_WITH_KNOTS('',1,(#7758,#7759),.UNSPECIFIED.,.F.,
  .F.,(2,2),(0.,5.87),.PIECEWISE_BEZIER_KNOTS.);
#7758 = CARTESIAN_POINT('',(29.,17.28,4.8));
#7759 = CARTESIAN_POINT('',(23.13,17.28,4.8));
#7760 = ORIENTED_EDGE('',*,*,#7761,.F.);
#7761 = EDGE_CURVE('',#2271,#7755,#7762,.T.);
#7762 = LINE('',#7763,#7764);
#7763 = CARTESIAN_POINT('',(23.13,17.28,5.));
#7764 = VECTOR('',#7765,1.);
#7765 = DIRECTION('',(-0.,-0.,-1.));
#7766 = ORIENTED_EDGE('',*,*,#2277,.F.);
#7767 = SURFACE_OF_LINEAR_EXTRUSION('',#7768,#7771);
#7768 = B_SPLINE_CURVE_WITH_KNOTS('',1,(#7769,#7770),.UNSPECIFIED.,.F.,
  .F.,(2,2),(0.,5.87),.PIECEWISE_BEZIER_KNOTS.);
#7769 = CARTESIAN_POINT('',(29.,17.28,5.));
#7770 = CARTESIAN_POINT('',(23.13,17.28,5.));
#7771 = VECTOR('',#7772,1.);
#7772 = DIRECTION('',(0.,0.,1.));
#7773 = ADVANCED_FACE('',(#7774),#7791,.F.);
#7774 = FACE_BOUND('',#7775,.F.);
#7775 = EDGE_LOOP('',(#7776,#7777,#7784,#7790));
#7776 = ORIENTED_EDGE('',*,*,#7761,.T.);
#7777 = ORIENTED_EDGE('',*,*,#7778,.T.);
#7778 = EDGE_CURVE('',#7755,#7779,#7781,.T.);
#7779 = VERTEX_POINT('',#7780);
#7780 = CARTESIAN_POINT('',(22.68,17.15,4.8));
#7781 = B_SPLINE_CURVE_WITH_KNOTS('',1,(#7782,#7783),.UNSPECIFIED.,.F.,
  .F.,(2,2),(0.,0.468401537145),.PIECEWISE_BEZIER_KNOTS.);
#7782 = CARTESIAN_POINT('',(23.13,17.28,4.8));
#7783 = CARTESIAN_POINT('',(22.68,17.15,4.8));
#7784 = ORIENTED_EDGE('',*,*,#7785,.F.);
#7785 = EDGE_CURVE('',#2264,#7779,#7786,.T.);
#7786 = LINE('',#7787,#7788);
#7787 = CARTESIAN_POINT('',(22.68,17.15,5.));
#7788 = VECTOR('',#7789,1.);
#7789 = DIRECTION('',(-0.,-0.,-1.));
#7790 = ORIENTED_EDGE('',*,*,#2270,.F.);
#7791 = SURFACE_OF_LINEAR_EXTRUSION('',#7792,#7795);
#7792 = B_SPLINE_CURVE_WITH_KNOTS('',1,(#7793,#7794),.UNSPECIFIED.,.F.,
  .F.,(2,2),(0.,0.468401537145),.PIECEWISE_BEZIER_KNOTS.);
#7793 = CARTESIAN_POINT('',(23.13,17.28,5.));
#7794 = CARTESIAN_POINT('',(22.68,17.15,5.));
#7795 = VECTOR('',#7796,1.);
#7796 = DIRECTION('',(0.,0.,1.));
#7797 = ADVANCED_FACE('',(#7798),#7815,.F.);
#7798 = FACE_BOUND('',#7799,.F.);
#7799 = EDGE_LOOP('',(#7800,#7801,#7808,#7814));
#7800 = ORIENTED_EDGE('',*,*,#7785,.T.);
#7801 = ORIENTED_EDGE('',*,*,#7802,.T.);
#7802 = EDGE_CURVE('',#7779,#7803,#7805,.T.);
#7803 = VERTEX_POINT('',#7804);
#7804 = CARTESIAN_POINT('',(22.49,17.05,4.8));
#7805 = B_SPLINE_CURVE_WITH_KNOTS('',1,(#7806,#7807),.UNSPECIFIED.,.F.,
  .F.,(2,2),(0.,0.214709105536),.PIECEWISE_BEZIER_KNOTS.);
#7806 = CARTESIAN_POINT('',(22.68,17.15,4.8));
#7807 = CARTESIAN_POINT('',(22.49,17.05,4.8));
#7808 = ORIENTED_EDGE('',*,*,#7809,.F.);
#7809 = EDGE_CURVE('',#2257,#7803,#7810,.T.);
#7810 = LINE('',#7811,#7812);
#7811 = CARTESIAN_POINT('',(22.49,17.05,5.));
#7812 = VECTOR('',#7813,1.);
#7813 = DIRECTION('',(-0.,-0.,-1.));
#7814 = ORIENTED_EDGE('',*,*,#2263,.F.);
#7815 = SURFACE_OF_LINEAR_EXTRUSION('',#7816,#7819);
#7816 = B_SPLINE_CURVE_WITH_KNOTS('',1,(#7817,#7818),.UNSPECIFIED.,.F.,
  .F.,(2,2),(0.,0.214709105536),.PIECEWISE_BEZIER_KNOTS.);
#7817 = CARTESIAN_POINT('',(22.68,17.15,5.));
#7818 = CARTESIAN_POINT('',(22.49,17.05,5.));
#7819 = VECTOR('',#7820,1.);
#7820 = DIRECTION('',(0.,0.,1.));
#7821 = ADVANCED_FACE('',(#7822),#7839,.F.);
#7822 = FACE_BOUND('',#7823,.F.);
#7823 = EDGE_LOOP('',(#7824,#7825,#7832,#7838));
#7824 = ORIENTED_EDGE('',*,*,#7809,.T.);
#7825 = ORIENTED_EDGE('',*,*,#7826,.T.);
#7826 = EDGE_CURVE('',#7803,#7827,#7829,.T.);
#7827 = VERTEX_POINT('',#7828);
#7828 = CARTESIAN_POINT('',(22.13,16.79,4.8));
#7829 = B_SPLINE_CURVE_WITH_KNOTS('',1,(#7830,#7831),.UNSPECIFIED.,.F.,
  .F.,(2,2),(0.,0.444072066223),.PIECEWISE_BEZIER_KNOTS.);
#7830 = CARTESIAN_POINT('',(22.49,17.05,4.8));
#7831 = CARTESIAN_POINT('',(22.13,16.79,4.8));
#7832 = ORIENTED_EDGE('',*,*,#7833,.F.);
#7833 = EDGE_CURVE('',#2250,#7827,#7834,.T.);
#7834 = LINE('',#7835,#7836);
#7835 = CARTESIAN_POINT('',(22.13,16.79,5.));
#7836 = VECTOR('',#7837,1.);
#7837 = DIRECTION('',(-0.,-0.,-1.));
#7838 = ORIENTED_EDGE('',*,*,#2256,.F.);
#7839 = SURFACE_OF_LINEAR_EXTRUSION('',#7840,#7843);
#7840 = B_SPLINE_CURVE_WITH_KNOTS('',1,(#7841,#7842),.UNSPECIFIED.,.F.,
  .F.,(2,2),(0.,0.444072066223),.PIECEWISE_BEZIER_KNOTS.);
#7841 = CARTESIAN_POINT('',(22.49,17.05,5.));
#7842 = CARTESIAN_POINT('',(22.13,16.79,5.));
#7843 = VECTOR('',#7844,1.);
#7844 = DIRECTION('',(0.,0.,1.));
#7845 = ADVANCED_FACE('',(#7846),#7863,.F.);
#7846 = FACE_BOUND('',#7847,.F.);
#7847 = EDGE_LOOP('',(#7848,#7849,#7856,#7862));
#7848 = ORIENTED_EDGE('',*,*,#7833,.T.);
#7849 = ORIENTED_EDGE('',*,*,#7850,.T.);
#7850 = EDGE_CURVE('',#7827,#7851,#7853,.T.);
#7851 = VERTEX_POINT('',#7852);
#7852 = CARTESIAN_POINT('',(21.93,16.6,4.8));
#7853 = B_SPLINE_CURVE_WITH_KNOTS('',1,(#7854,#7855),.UNSPECIFIED.,.F.,
  .F.,(2,2),(0.,0.275862284483),.PIECEWISE_BEZIER_KNOTS.);
#7854 = CARTESIAN_POINT('',(22.13,16.79,4.8));
#7855 = CARTESIAN_POINT('',(21.93,16.6,4.8));
#7856 = ORIENTED_EDGE('',*,*,#7857,.F.);
#7857 = EDGE_CURVE('',#2243,#7851,#7858,.T.);
#7858 = LINE('',#7859,#7860);
#7859 = CARTESIAN_POINT('',(21.93,16.6,5.));
#7860 = VECTOR('',#7861,1.);
#7861 = DIRECTION('',(-0.,-0.,-1.));
#7862 = ORIENTED_EDGE('',*,*,#2249,.F.);
#7863 = SURFACE_OF_LINEAR_EXTRUSION('',#7864,#7867);
#7864 = B_SPLINE_CURVE_WITH_KNOTS('',1,(#7865,#7866),.UNSPECIFIED.,.F.,
  .F.,(2,2),(0.,0.275862284483),.PIECEWISE_BEZIER_KNOTS.);
#7865 = CARTESIAN_POINT('',(22.13,16.79,5.));
#7866 = CARTESIAN_POINT('',(21.93,16.6,5.));
#7867 = VECTOR('',#7868,1.);
#7868 = DIRECTION('',(0.,0.,1.));
#7869 = ADVANCED_FACE('',(#7870),#7887,.F.);
#7870 = FACE_BOUND('',#7871,.F.);
#7871 = EDGE_LOOP('',(#7872,#7873,#7880,#7886));
#7872 = ORIENTED_EDGE('',*,*,#7857,.T.);
#7873 = ORIENTED_EDGE('',*,*,#7874,.T.);
#7874 = EDGE_CURVE('',#7851,#7875,#7877,.T.);
#7875 = VERTEX_POINT('',#7876);
#7876 = CARTESIAN_POINT('',(21.74,16.33,4.8));
#7877 = B_SPLINE_CURVE_WITH_KNOTS('',1,(#7878,#7879),.UNSPECIFIED.,.F.,
  .F.,(2,2),(0.,0.330151480384),.PIECEWISE_BEZIER_KNOTS.);
#7878 = CARTESIAN_POINT('',(21.93,16.6,4.8));
#7879 = CARTESIAN_POINT('',(21.74,16.33,4.8));
#7880 = ORIENTED_EDGE('',*,*,#7881,.F.);
#7881 = EDGE_CURVE('',#2236,#7875,#7882,.T.);
#7882 = LINE('',#7883,#7884);
#7883 = CARTESIAN_POINT('',(21.74,16.33,5.));
#7884 = VECTOR('',#7885,1.);
#7885 = DIRECTION('',(-0.,-0.,-1.));
#7886 = ORIENTED_EDGE('',*,*,#2242,.F.);
#7887 = SURFACE_OF_LINEAR_EXTRUSION('',#7888,#7891);
#7888 = B_SPLINE_CURVE_WITH_KNOTS('',1,(#7889,#7890),.UNSPECIFIED.,.F.,
  .F.,(2,2),(0.,0.330151480384),.PIECEWISE_BEZIER_KNOTS.);
#7889 = CARTESIAN_POINT('',(21.93,16.6,5.));
#7890 = CARTESIAN_POINT('',(21.74,16.33,5.));
#7891 = VECTOR('',#7892,1.);
#7892 = DIRECTION('',(0.,0.,1.));
#7893 = ADVANCED_FACE('',(#7894),#7911,.F.);
#7894 = FACE_BOUND('',#7895,.F.);
#7895 = EDGE_LOOP('',(#7896,#7897,#7904,#7910));
#7896 = ORIENTED_EDGE('',*,*,#7881,.T.);
#7897 = ORIENTED_EDGE('',*,*,#7898,.T.);
#7898 = EDGE_CURVE('',#7875,#7899,#7901,.T.);
#7899 = VERTEX_POINT('',#7900);
#7900 = CARTESIAN_POINT('',(21.58,16.04,4.8));
#7901 = B_SPLINE_CURVE_WITH_KNOTS('',1,(#7902,#7903),.UNSPECIFIED.,.F.,
  .F.,(2,2),(0.,0.331209903234),.PIECEWISE_BEZIER_KNOTS.);
#7902 = CARTESIAN_POINT('',(21.74,16.33,4.8));
#7903 = CARTESIAN_POINT('',(21.58,16.04,4.8));
#7904 = ORIENTED_EDGE('',*,*,#7905,.F.);
#7905 = EDGE_CURVE('',#2229,#7899,#7906,.T.);
#7906 = LINE('',#7907,#7908);
#7907 = CARTESIAN_POINT('',(21.58,16.04,5.));
#7908 = VECTOR('',#7909,1.);
#7909 = DIRECTION('',(-0.,-0.,-1.));
#7910 = ORIENTED_EDGE('',*,*,#2235,.F.);
#7911 = SURFACE_OF_LINEAR_EXTRUSION('',#7912,#7915);
#7912 = B_SPLINE_CURVE_WITH_KNOTS('',1,(#7913,#7914),.UNSPECIFIED.,.F.,
  .F.,(2,2),(0.,0.331209903234),.PIECEWISE_BEZIER_KNOTS.);
#7913 = CARTESIAN_POINT('',(21.74,16.33,5.));
#7914 = CARTESIAN_POINT('',(21.58,16.04,5.));
#7915 = VECTOR('',#7916,1.);
#7916 = DIRECTION('',(0.,0.,1.));
#7917 = ADVANCED_FACE('',(#7918),#7935,.F.);
#7918 = FACE_BOUND('',#7919,.F.);
#7919 = EDGE_LOOP('',(#7920,#7921,#7928,#7934));
#7920 = ORIENTED_EDGE('',*,*,#7905,.T.);
#7921 = ORIENTED_EDGE('',*,*,#7922,.T.);
#7922 = EDGE_CURVE('',#7899,#7923,#7925,.T.);
#7923 = VERTEX_POINT('',#7924);
#7924 = CARTESIAN_POINT('',(21.41,15.49,4.8));
#7925 = B_SPLINE_CURVE_WITH_KNOTS('',1,(#7926,#7927),.UNSPECIFIED.,.F.,
  .F.,(2,2),(0.,0.575673518585),.PIECEWISE_BEZIER_KNOTS.);
#7926 = CARTESIAN_POINT('',(21.58,16.04,4.8));
#7927 = CARTESIAN_POINT('',(21.41,15.49,4.8));
#7928 = ORIENTED_EDGE('',*,*,#7929,.F.);
#7929 = EDGE_CURVE('',#2222,#7923,#7930,.T.);
#7930 = LINE('',#7931,#7932);
#7931 = CARTESIAN_POINT('',(21.41,15.49,5.));
#7932 = VECTOR('',#7933,1.);
#7933 = DIRECTION('',(-0.,-0.,-1.));
#7934 = ORIENTED_EDGE('',*,*,#2228,.F.);
#7935 = SURFACE_OF_LINEAR_EXTRUSION('',#7936,#7939);
#7936 = B_SPLINE_CURVE_WITH_KNOTS('',1,(#7937,#7938),.UNSPECIFIED.,.F.,
  .F.,(2,2),(0.,0.575673518585),.PIECEWISE_BEZIER_KNOTS.);
#7937 = CARTESIAN_POINT('',(21.58,16.04,5.));
#7938 = CARTESIAN_POINT('',(21.41,15.49,5.));
#7939 = VECTOR('',#7940,1.);
#7940 = DIRECTION('',(0.,0.,1.));
#7941 = ADVANCED_FACE('',(#7942),#7959,.F.);
#7942 = FACE_BOUND('',#7943,.F.);
#7943 = EDGE_LOOP('',(#7944,#7945,#7952,#7958));
#7944 = ORIENTED_EDGE('',*,*,#7929,.T.);
#7945 = ORIENTED_EDGE('',*,*,#7946,.T.);
#7946 = EDGE_CURVE('',#7923,#7947,#7949,.T.);
#7947 = VERTEX_POINT('',#7948);
#7948 = CARTESIAN_POINT('',(21.41,15.07,4.8));
#7949 = B_SPLINE_CURVE_WITH_KNOTS('',1,(#7950,#7951),.UNSPECIFIED.,.F.,
  .F.,(2,2),(0.,0.42),.PIECEWISE_BEZIER_KNOTS.);
#7950 = CARTESIAN_POINT('',(21.41,15.49,4.8));
#7951 = CARTESIAN_POINT('',(21.41,15.07,4.8));
#7952 = ORIENTED_EDGE('',*,*,#7953,.F.);
#7953 = EDGE_CURVE('',#2215,#7947,#7954,.T.);
#7954 = LINE('',#7955,#7956);
#7955 = CARTESIAN_POINT('',(21.41,15.07,5.));
#7956 = VECTOR('',#7957,1.);
#7957 = DIRECTION('',(-0.,-0.,-1.));
#7958 = ORIENTED_EDGE('',*,*,#2221,.F.);
#7959 = SURFACE_OF_LINEAR_EXTRUSION('',#7960,#7963);
#7960 = B_SPLINE_CURVE_WITH_KNOTS('',1,(#7961,#7962),.UNSPECIFIED.,.F.,
  .F.,(2,2),(0.,0.42),.PIECEWISE_BEZIER_KNOTS.);
#7961 = CARTESIAN_POINT('',(21.41,15.49,5.));
#7962 = CARTESIAN_POINT('',(21.41,15.07,5.));
#7963 = VECTOR('',#7964,1.);
#7964 = DIRECTION('',(0.,0.,1.));
#7965 = ADVANCED_FACE('',(#7966),#7983,.F.);
#7966 = FACE_BOUND('',#7967,.F.);
#7967 = EDGE_LOOP('',(#7968,#7969,#7976,#7982));
#7968 = ORIENTED_EDGE('',*,*,#7953,.T.);
#7969 = ORIENTED_EDGE('',*,*,#7970,.T.);
#7970 = EDGE_CURVE('',#7947,#7971,#7973,.T.);
#7971 = VERTEX_POINT('',#7972);
#7972 = CARTESIAN_POINT('',(21.48,14.83,4.8));
#7973 = B_SPLINE_CURVE_WITH_KNOTS('',1,(#7974,#7975),.UNSPECIFIED.,.F.,
  .F.,(2,2),(0.,0.25),.PIECEWISE_BEZIER_KNOTS.);
#7974 = CARTESIAN_POINT('',(21.41,15.07,4.8));
#7975 = CARTESIAN_POINT('',(21.48,14.83,4.8));
#7976 = ORIENTED_EDGE('',*,*,#7977,.F.);
#7977 = EDGE_CURVE('',#2208,#7971,#7978,.T.);
#7978 = LINE('',#7979,#7980);
#7979 = CARTESIAN_POINT('',(21.48,14.83,5.));
#7980 = VECTOR('',#7981,1.);
#7981 = DIRECTION('',(-0.,-0.,-1.));
#7982 = ORIENTED_EDGE('',*,*,#2214,.F.);
#7983 = SURFACE_OF_LINEAR_EXTRUSION('',#7984,#7987);
#7984 = B_SPLINE_CURVE_WITH_KNOTS('',1,(#7985,#7986),.UNSPECIFIED.,.F.,
  .F.,(2,2),(0.,0.25),.PIECEWISE_BEZIER_KNOTS.);
#7985 = CARTESIAN_POINT('',(21.41,15.07,5.));
#7986 = CARTESIAN_POINT('',(21.48,14.83,5.));
#7987 = VECTOR('',#7988,1.);
#7988 = DIRECTION('',(0.,0.,1.));
#7989 = ADVANCED_FACE('',(#7990),#8007,.F.);
#7990 = FACE_BOUND('',#7991,.F.);
#7991 = EDGE_LOOP('',(#7992,#7993,#8000,#8006));
#7992 = ORIENTED_EDGE('',*,*,#7977,.T.);
#7993 = ORIENTED_EDGE('',*,*,#7994,.T.);
#7994 = EDGE_CURVE('',#7971,#7995,#7997,.T.);
#7995 = VERTEX_POINT('',#7996);
#7996 = CARTESIAN_POINT('',(21.63,14.55,4.8));
#7997 = B_SPLINE_CURVE_WITH_KNOTS('',1,(#7998,#7999),.UNSPECIFIED.,.F.,
  .F.,(2,2),(0.,0.317647603485),.PIECEWISE_BEZIER_KNOTS.);
#7998 = CARTESIAN_POINT('',(21.48,14.83,4.8));
#7999 = CARTESIAN_POINT('',(21.63,14.55,4.8));
#8000 = ORIENTED_EDGE('',*,*,#8001,.F.);
#8001 = EDGE_CURVE('',#2201,#7995,#8002,.T.);
#8002 = LINE('',#8003,#8004);
#8003 = CARTESIAN_POINT('',(21.63,14.55,5.));
#8004 = VECTOR('',#8005,1.);
#8005 = DIRECTION('',(-0.,-0.,-1.));
#8006 = ORIENTED_EDGE('',*,*,#2207,.F.);
#8007 = SURFACE_OF_LINEAR_EXTRUSION('',#8008,#8011);
#8008 = B_SPLINE_CURVE_WITH_KNOTS('',1,(#8009,#8010),.UNSPECIFIED.,.F.,
  .F.,(2,2),(0.,0.317647603485),.PIECEWISE_BEZIER_KNOTS.);
#8009 = CARTESIAN_POINT('',(21.48,14.83,5.));
#8010 = CARTESIAN_POINT('',(21.63,14.55,5.));
#8011 = VECTOR('',#8012,1.);
#8012 = DIRECTION('',(0.,0.,1.));
#8013 = ADVANCED_FACE('',(#8014),#8031,.F.);
#8014 = FACE_BOUND('',#8015,.F.);
#8015 = EDGE_LOOP('',(#8016,#8017,#8024,#8030));
#8016 = ORIENTED_EDGE('',*,*,#8001,.T.);
#8017 = ORIENTED_EDGE('',*,*,#8018,.T.);
#8018 = EDGE_CURVE('',#7995,#8019,#8021,.T.);
#8019 = VERTEX_POINT('',#8020);
#8020 = CARTESIAN_POINT('',(21.9,14.28,4.8));
#8021 = B_SPLINE_CURVE_WITH_KNOTS('',1,(#8022,#8023),.UNSPECIFIED.,.F.,
  .F.,(2,2),(0.,0.381837661841),.PIECEWISE_BEZIER_KNOTS.);
#8022 = CARTESIAN_POINT('',(21.63,14.55,4.8));
#8023 = CARTESIAN_POINT('',(21.9,14.28,4.8));
#8024 = ORIENTED_EDGE('',*,*,#8025,.F.);
#8025 = EDGE_CURVE('',#2194,#8019,#8026,.T.);
#8026 = LINE('',#8027,#8028);
#8027 = CARTESIAN_POINT('',(21.9,14.28,5.));
#8028 = VECTOR('',#8029,1.);
#8029 = DIRECTION('',(-0.,-0.,-1.));
#8030 = ORIENTED_EDGE('',*,*,#2200,.F.);
#8031 = SURFACE_OF_LINEAR_EXTRUSION('',#8032,#8035);
#8032 = B_SPLINE_CURVE_WITH_KNOTS('',1,(#8033,#8034),.UNSPECIFIED.,.F.,
  .F.,(2,2),(0.,0.381837661841),.PIECEWISE_BEZIER_KNOTS.);
#8033 = CARTESIAN_POINT('',(21.63,14.55,5.));
#8034 = CARTESIAN_POINT('',(21.9,14.28,5.));
#8035 = VECTOR('',#8036,1.);
#8036 = DIRECTION('',(0.,0.,1.));
#8037 = ADVANCED_FACE('',(#8038),#8055,.F.);
#8038 = FACE_BOUND('',#8039,.F.);
#8039 = EDGE_LOOP('',(#8040,#8041,#8048,#8054));
#8040 = ORIENTED_EDGE('',*,*,#8025,.T.);
#8041 = ORIENTED_EDGE('',*,*,#8042,.T.);
#8042 = EDGE_CURVE('',#8019,#8043,#8045,.T.);
#8043 = VERTEX_POINT('',#8044);
#8044 = CARTESIAN_POINT('',(21.74,14.12,4.8));
#8045 = B_SPLINE_CURVE_WITH_KNOTS('',1,(#8046,#8047),.UNSPECIFIED.,.F.,
  .F.,(2,2),(0.,0.22627416998),.PIECEWISE_BEZIER_KNOTS.);
#8046 = CARTESIAN_POINT('',(21.9,14.28,4.8));
#8047 = CARTESIAN_POINT('',(21.74,14.12,4.8));
#8048 = ORIENTED_EDGE('',*,*,#8049,.F.);
#8049 = EDGE_CURVE('',#2187,#8043,#8050,.T.);
#8050 = LINE('',#8051,#8052);
#8051 = CARTESIAN_POINT('',(21.74,14.12,5.));
#8052 = VECTOR('',#8053,1.);
#8053 = DIRECTION('',(-0.,-0.,-1.));
#8054 = ORIENTED_EDGE('',*,*,#2193,.F.);
#8055 = SURFACE_OF_LINEAR_EXTRUSION('',#8056,#8059);
#8056 = B_SPLINE_CURVE_WITH_KNOTS('',1,(#8057,#8058),.UNSPECIFIED.,.F.,
  .F.,(2,2),(0.,0.22627416998),.PIECEWISE_BEZIER_KNOTS.);
#8057 = CARTESIAN_POINT('',(21.9,14.28,5.));
#8058 = CARTESIAN_POINT('',(21.74,14.12,5.));
#8059 = VECTOR('',#8060,1.);
#8060 = DIRECTION('',(0.,0.,1.));
#8061 = ADVANCED_FACE('',(#8062),#8079,.F.);
#8062 = FACE_BOUND('',#8063,.F.);
#8063 = EDGE_LOOP('',(#8064,#8065,#8072,#8078));
#8064 = ORIENTED_EDGE('',*,*,#8049,.T.);
#8065 = ORIENTED_EDGE('',*,*,#8066,.T.);
#8066 = EDGE_CURVE('',#8043,#8067,#8069,.T.);
#8067 = VERTEX_POINT('',#8068);
#8068 = CARTESIAN_POINT('',(21.63,14.09,4.8));
#8069 = B_SPLINE_CURVE_WITH_KNOTS('',1,(#8070,#8071),.UNSPECIFIED.,.F.,
  .F.,(2,2),(0.,0.11401754251),.PIECEWISE_BEZIER_KNOTS.);
#8070 = CARTESIAN_POINT('',(21.74,14.12,4.8));
#8071 = CARTESIAN_POINT('',(21.63,14.09,4.8));
#8072 = ORIENTED_EDGE('',*,*,#8073,.F.);
#8073 = EDGE_CURVE('',#2180,#8067,#8074,.T.);
#8074 = LINE('',#8075,#8076);
#8075 = CARTESIAN_POINT('',(21.63,14.09,5.));
#8076 = VECTOR('',#8077,1.);
#8077 = DIRECTION('',(-0.,-0.,-1.));
#8078 = ORIENTED_EDGE('',*,*,#2186,.F.);
#8079 = SURFACE_OF_LINEAR_EXTRUSION('',#8080,#8083);
#8080 = B_SPLINE_CURVE_WITH_KNOTS('',1,(#8081,#8082),.UNSPECIFIED.,.F.,
  .F.,(2,2),(0.,0.11401754251),.PIECEWISE_BEZIER_KNOTS.);
#8081 = CARTESIAN_POINT('',(21.74,14.12,5.));
#8082 = CARTESIAN_POINT('',(21.63,14.09,5.));
#8083 = VECTOR('',#8084,1.);
#8084 = DIRECTION('',(0.,0.,1.));
#8085 = ADVANCED_FACE('',(#8086),#8103,.F.);
#8086 = FACE_BOUND('',#8087,.F.);
#8087 = EDGE_LOOP('',(#8088,#8089,#8096,#8102));
#8088 = ORIENTED_EDGE('',*,*,#8073,.T.);
#8089 = ORIENTED_EDGE('',*,*,#8090,.T.);
#8090 = EDGE_CURVE('',#8067,#8091,#8093,.T.);
#8091 = VERTEX_POINT('',#8092);
#8092 = CARTESIAN_POINT('',(21.35,13.87,4.8));
#8093 = B_SPLINE_CURVE_WITH_KNOTS('',1,(#8094,#8095),.UNSPECIFIED.,.F.,
  .F.,(2,2),(0.,0.356089876295),.PIECEWISE_BEZIER_KNOTS.);
#8094 = CARTESIAN_POINT('',(21.63,14.09,4.8));
#8095 = CARTESIAN_POINT('',(21.35,13.87,4.8));
#8096 = ORIENTED_EDGE('',*,*,#8097,.F.);
#8097 = EDGE_CURVE('',#2173,#8091,#8098,.T.);
#8098 = LINE('',#8099,#8100);
#8099 = CARTESIAN_POINT('',(21.35,13.87,5.));
#8100 = VECTOR('',#8101,1.);
#8101 = DIRECTION('',(-0.,-0.,-1.));
#8102 = ORIENTED_EDGE('',*,*,#2179,.F.);
#8103 = SURFACE_OF_LINEAR_EXTRUSION('',#8104,#8107);
#8104 = B_SPLINE_CURVE_WITH_KNOTS('',1,(#8105,#8106),.UNSPECIFIED.,.F.,
  .F.,(2,2),(0.,0.356089876295),.PIECEWISE_BEZIER_KNOTS.);
#8105 = CARTESIAN_POINT('',(21.63,14.09,5.));
#8106 = CARTESIAN_POINT('',(21.35,13.87,5.));
#8107 = VECTOR('',#8108,1.);
#8108 = DIRECTION('',(0.,0.,1.));
#8109 = ADVANCED_FACE('',(#8110),#8127,.F.);
#8110 = FACE_BOUND('',#8111,.F.);
#8111 = EDGE_LOOP('',(#8112,#8113,#8120,#8126));
#8112 = ORIENTED_EDGE('',*,*,#8097,.T.);
#8113 = ORIENTED_EDGE('',*,*,#8114,.T.);
#8114 = EDGE_CURVE('',#8091,#8115,#8117,.T.);
#8115 = VERTEX_POINT('',#8116);
#8116 = CARTESIAN_POINT('',(20.99,13.44,4.8));
#8117 = B_SPLINE_CURVE_WITH_KNOTS('',1,(#8118,#8119),.UNSPECIFIED.,.F.,
  .F.,(2,2),(0.,0.560802995712),.PIECEWISE_BEZIER_KNOTS.);
#8118 = CARTESIAN_POINT('',(21.35,13.87,4.8));
#8119 = CARTESIAN_POINT('',(20.99,13.44,4.8));
#8120 = ORIENTED_EDGE('',*,*,#8121,.F.);
#8121 = EDGE_CURVE('',#2166,#8115,#8122,.T.);
#8122 = LINE('',#8123,#8124);
#8123 = CARTESIAN_POINT('',(20.99,13.44,5.));
#8124 = VECTOR('',#8125,1.);
#8125 = DIRECTION('',(-0.,-0.,-1.));
#8126 = ORIENTED_EDGE('',*,*,#2172,.F.);
#8127 = SURFACE_OF_LINEAR_EXTRUSION('',#8128,#8131);
#8128 = B_SPLINE_CURVE_WITH_KNOTS('',1,(#8129,#8130),.UNSPECIFIED.,.F.,
  .F.,(2,2),(0.,0.560802995712),.PIECEWISE_BEZIER_KNOTS.);
#8129 = CARTESIAN_POINT('',(21.35,13.87,5.));
#8130 = CARTESIAN_POINT('',(20.99,13.44,5.));
#8131 = VECTOR('',#8132,1.);
#8132 = DIRECTION('',(0.,0.,1.));
#8133 = ADVANCED_FACE('',(#8134),#8151,.F.);
#8134 = FACE_BOUND('',#8135,.F.);
#8135 = EDGE_LOOP('',(#8136,#8137,#8144,#8150));
#8136 = ORIENTED_EDGE('',*,*,#8121,.T.);
#8137 = ORIENTED_EDGE('',*,*,#8138,.T.);
#8138 = EDGE_CURVE('',#8115,#8139,#8141,.T.);
#8139 = VERTEX_POINT('',#8140);
#8140 = CARTESIAN_POINT('',(20.83,13.12,4.8));
#8141 = B_SPLINE_CURVE_WITH_KNOTS('',1,(#8142,#8143),.UNSPECIFIED.,.F.,
  .F.,(2,2),(0.,0.3577708764),.PIECEWISE_BEZIER_KNOTS.);
#8142 = CARTESIAN_POINT('',(20.99,13.44,4.8));
#8143 = CARTESIAN_POINT('',(20.83,13.12,4.8));
#8144 = ORIENTED_EDGE('',*,*,#8145,.F.);
#8145 = EDGE_CURVE('',#2159,#8139,#8146,.T.);
#8146 = LINE('',#8147,#8148);
#8147 = CARTESIAN_POINT('',(20.83,13.12,5.));
#8148 = VECTOR('',#8149,1.);
#8149 = DIRECTION('',(-0.,-0.,-1.));
#8150 = ORIENTED_EDGE('',*,*,#2165,.F.);
#8151 = SURFACE_OF_LINEAR_EXTRUSION('',#8152,#8155);
#8152 = B_SPLINE_CURVE_WITH_KNOTS('',1,(#8153,#8154),.UNSPECIFIED.,.F.,
  .F.,(2,2),(0.,0.3577708764),.PIECEWISE_BEZIER_KNOTS.);
#8153 = CARTESIAN_POINT('',(20.99,13.44,5.));
#8154 = CARTESIAN_POINT('',(20.83,13.12,5.));
#8155 = VECTOR('',#8156,1.);
#8156 = DIRECTION('',(0.,0.,1.));
#8157 = ADVANCED_FACE('',(#8158),#8175,.F.);
#8158 = FACE_BOUND('',#8159,.F.);
#8159 = EDGE_LOOP('',(#8160,#8161,#8168,#8174));
#8160 = ORIENTED_EDGE('',*,*,#8145,.T.);
#8161 = ORIENTED_EDGE('',*,*,#8162,.T.);
#8162 = EDGE_CURVE('',#8139,#8163,#8165,.T.);
#8163 = VERTEX_POINT('',#8164);
#8164 = CARTESIAN_POINT('',(20.7,12.64,4.8));
#8165 = B_SPLINE_CURVE_WITH_KNOTS('',1,(#8166,#8167),.UNSPECIFIED.,.F.,
  .F.,(2,2),(0.,0.497292670366),.PIECEWISE_BEZIER_KNOTS.);
#8166 = CARTESIAN_POINT('',(20.83,13.12,4.8));
#8167 = CARTESIAN_POINT('',(20.7,12.64,4.8));
#8168 = ORIENTED_EDGE('',*,*,#8169,.F.);
#8169 = EDGE_CURVE('',#2152,#8163,#8170,.T.);
#8170 = LINE('',#8171,#8172);
#8171 = CARTESIAN_POINT('',(20.7,12.64,5.));
#8172 = VECTOR('',#8173,1.);
#8173 = DIRECTION('',(-0.,-0.,-1.));
#8174 = ORIENTED_EDGE('',*,*,#2158,.F.);
#8175 = SURFACE_OF_LINEAR_EXTRUSION('',#8176,#8179);
#8176 = B_SPLINE_CURVE_WITH_KNOTS('',1,(#8177,#8178),.UNSPECIFIED.,.F.,
  .F.,(2,2),(0.,0.497292670366),.PIECEWISE_BEZIER_KNOTS.);
#8177 = CARTESIAN_POINT('',(20.83,13.12,5.));
#8178 = CARTESIAN_POINT('',(20.7,12.64,5.));
#8179 = VECTOR('',#8180,1.);
#8180 = DIRECTION('',(0.,0.,1.));
#8181 = ADVANCED_FACE('',(#8182),#8199,.F.);
#8182 = FACE_BOUND('',#8183,.F.);
#8183 = EDGE_LOOP('',(#8184,#8185,#8192,#8198));
#8184 = ORIENTED_EDGE('',*,*,#8169,.T.);
#8185 = ORIENTED_EDGE('',*,*,#8186,.T.);
#8186 = EDGE_CURVE('',#8163,#8187,#8189,.T.);
#8187 = VERTEX_POINT('',#8188);
#8188 = CARTESIAN_POINT('',(20.7,12.32,4.8));
#8189 = B_SPLINE_CURVE_WITH_KNOTS('',1,(#8190,#8191),.UNSPECIFIED.,.F.,
  .F.,(2,2),(0.,0.32),.PIECEWISE_BEZIER_KNOTS.);
#8190 = CARTESIAN_POINT('',(20.7,12.64,4.8));
#8191 = CARTESIAN_POINT('',(20.7,12.32,4.8));
#8192 = ORIENTED_EDGE('',*,*,#8193,.F.);
#8193 = EDGE_CURVE('',#2145,#8187,#8194,.T.);
#8194 = LINE('',#8195,#8196);
#8195 = CARTESIAN_POINT('',(20.7,12.32,5.));
#8196 = VECTOR('',#8197,1.);
#8197 = DIRECTION('',(-0.,-0.,-1.));
#8198 = ORIENTED_EDGE('',*,*,#2151,.F.);
#8199 = SURFACE_OF_LINEAR_EXTRUSION('',#8200,#8203);
#8200 = B_SPLINE_CURVE_WITH_KNOTS('',1,(#8201,#8202),.UNSPECIFIED.,.F.,
  .F.,(2,2),(0.,0.32),.PIECEWISE_BEZIER_KNOTS.);
#8201 = CARTESIAN_POINT('',(20.7,12.64,5.));
#8202 = CARTESIAN_POINT('',(20.7,12.32,5.));
#8203 = VECTOR('',#8204,1.);
#8204 = DIRECTION('',(0.,0.,1.));
#8205 = ADVANCED_FACE('',(#8206),#8223,.F.);
#8206 = FACE_BOUND('',#8207,.F.);
#8207 = EDGE_LOOP('',(#8208,#8209,#8216,#8222));
#8208 = ORIENTED_EDGE('',*,*,#8193,.T.);
#8209 = ORIENTED_EDGE('',*,*,#8210,.T.);
#8210 = EDGE_CURVE('',#8187,#8211,#8213,.T.);
#8211 = VERTEX_POINT('',#8212);
#8212 = CARTESIAN_POINT('',(20.79,11.97,4.8));
#8213 = B_SPLINE_CURVE_WITH_KNOTS('',1,(#8214,#8215),.UNSPECIFIED.,.F.,
  .F.,(2,2),(0.,0.361386219992),.PIECEWISE_BEZIER_KNOTS.);
#8214 = CARTESIAN_POINT('',(20.7,12.32,4.8));
#8215 = CARTESIAN_POINT('',(20.79,11.97,4.8));
#8216 = ORIENTED_EDGE('',*,*,#8217,.F.);
#8217 = EDGE_CURVE('',#2138,#8211,#8218,.T.);
#8218 = LINE('',#8219,#8220);
#8219 = CARTESIAN_POINT('',(20.79,11.97,5.));
#8220 = VECTOR('',#8221,1.);
#8221 = DIRECTION('',(-0.,-0.,-1.));
#8222 = ORIENTED_EDGE('',*,*,#2144,.F.);
#8223 = SURFACE_OF_LINEAR_EXTRUSION('',#8224,#8227);
#8224 = B_SPLINE_CURVE_WITH_KNOTS('',1,(#8225,#8226),.UNSPECIFIED.,.F.,
  .F.,(2,2),(0.,0.361386219992),.PIECEWISE_BEZIER_KNOTS.);
#8225 = CARTESIAN_POINT('',(20.7,12.32,5.));
#8226 = CARTESIAN_POINT('',(20.79,11.97,5.));
#8227 = VECTOR('',#8228,1.);
#8228 = DIRECTION('',(0.,0.,1.));
#8229 = ADVANCED_FACE('',(#8230),#8247,.F.);
#8230 = FACE_BOUND('',#8231,.F.);
#8231 = EDGE_LOOP('',(#8232,#8233,#8240,#8246));
#8232 = ORIENTED_EDGE('',*,*,#8217,.T.);
#8233 = ORIENTED_EDGE('',*,*,#8234,.T.);
#8234 = EDGE_CURVE('',#8211,#8235,#8237,.T.);
#8235 = VERTEX_POINT('',#8236);
#8236 = CARTESIAN_POINT('',(20.91,11.76,4.8));
#8237 = B_SPLINE_CURVE_WITH_KNOTS('',1,(#8238,#8239),.UNSPECIFIED.,.F.,
  .F.,(2,2),(0.,0.241867732449),.PIECEWISE_BEZIER_KNOTS.);
#8238 = CARTESIAN_POINT('',(20.79,11.97,4.8));
#8239 = CARTESIAN_POINT('',(20.91,11.76,4.8));
#8240 = ORIENTED_EDGE('',*,*,#8241,.F.);
#8241 = EDGE_CURVE('',#2131,#8235,#8242,.T.);
#8242 = LINE('',#8243,#8244);
#8243 = CARTESIAN_POINT('',(20.91,11.76,5.));
#8244 = VECTOR('',#8245,1.);
#8245 = DIRECTION('',(-0.,-0.,-1.));
#8246 = ORIENTED_EDGE('',*,*,#2137,.F.);
#8247 = SURFACE_OF_LINEAR_EXTRUSION('',#8248,#8251);
#8248 = B_SPLINE_CURVE_WITH_KNOTS('',1,(#8249,#8250),.UNSPECIFIED.,.F.,
  .F.,(2,2),(0.,0.241867732449),.PIECEWISE_BEZIER_KNOTS.);
#8249 = CARTESIAN_POINT('',(20.79,11.97,5.));
#8250 = CARTESIAN_POINT('',(20.91,11.76,5.));
#8251 = VECTOR('',#8252,1.);
#8252 = DIRECTION('',(0.,0.,1.));
#8253 = ADVANCED_FACE('',(#8254),#8271,.F.);
#8254 = FACE_BOUND('',#8255,.F.);
#8255 = EDGE_LOOP('',(#8256,#8257,#8264,#8270));
#8256 = ORIENTED_EDGE('',*,*,#8241,.T.);
#8257 = ORIENTED_EDGE('',*,*,#8258,.T.);
#8258 = EDGE_CURVE('',#8235,#8259,#8261,.T.);
#8259 = VERTEX_POINT('',#8260);
#8260 = CARTESIAN_POINT('',(21.2,11.47,4.8));
#8261 = B_SPLINE_CURVE_WITH_KNOTS('',1,(#8262,#8263),.UNSPECIFIED.,.F.,
  .F.,(2,2),(0.,0.410121933088),.PIECEWISE_BEZIER_KNOTS.);
#8262 = CARTESIAN_POINT('',(20.91,11.76,4.8));
#8263 = CARTESIAN_POINT('',(21.2,11.47,4.8));
#8264 = ORIENTED_EDGE('',*,*,#8265,.F.);
#8265 = EDGE_CURVE('',#2124,#8259,#8266,.T.);
#8266 = LINE('',#8267,#8268);
#8267 = CARTESIAN_POINT('',(21.2,11.47,5.));
#8268 = VECTOR('',#8269,1.);
#8269 = DIRECTION('',(-0.,-0.,-1.));
#8270 = ORIENTED_EDGE('',*,*,#2130,.F.);
#8271 = SURFACE_OF_LINEAR_EXTRUSION('',#8272,#8275);
#8272 = B_SPLINE_CURVE_WITH_KNOTS('',1,(#8273,#8274),.UNSPECIFIED.,.F.,
  .F.,(2,2),(0.,0.410121933088),.PIECEWISE_BEZIER_KNOTS.);
#8273 = CARTESIAN_POINT('',(20.91,11.76,5.));
#8274 = CARTESIAN_POINT('',(21.2,11.47,5.));
#8275 = VECTOR('',#8276,1.);
#8276 = DIRECTION('',(0.,0.,1.));
#8277 = ADVANCED_FACE('',(#8278),#8295,.F.);
#8278 = FACE_BOUND('',#8279,.F.);
#8279 = EDGE_LOOP('',(#8280,#8281,#8288,#8294));
#8280 = ORIENTED_EDGE('',*,*,#8265,.T.);
#8281 = ORIENTED_EDGE('',*,*,#8282,.T.);
#8282 = EDGE_CURVE('',#8259,#8283,#8285,.T.);
#8283 = VERTEX_POINT('',#8284);
#8284 = CARTESIAN_POINT('',(21.52,11.31,4.8));
#8285 = B_SPLINE_CURVE_WITH_KNOTS('',1,(#8286,#8287),.UNSPECIFIED.,.F.,
  .F.,(2,2),(0.,0.3577708764),.PIECEWISE_BEZIER_KNOTS.);
#8286 = CARTESIAN_POINT('',(21.2,11.47,4.8));
#8287 = CARTESIAN_POINT('',(21.52,11.31,4.8));
#8288 = ORIENTED_EDGE('',*,*,#8289,.F.);
#8289 = EDGE_CURVE('',#2117,#8283,#8290,.T.);
#8290 = LINE('',#8291,#8292);
#8291 = CARTESIAN_POINT('',(21.52,11.31,5.));
#8292 = VECTOR('',#8293,1.);
#8293 = DIRECTION('',(-0.,-0.,-1.));
#8294 = ORIENTED_EDGE('',*,*,#2123,.F.);
#8295 = SURFACE_OF_LINEAR_EXTRUSION('',#8296,#8299);
#8296 = B_SPLINE_CURVE_WITH_KNOTS('',1,(#8297,#8298),.UNSPECIFIED.,.F.,
  .F.,(2,2),(0.,0.3577708764),.PIECEWISE_BEZIER_KNOTS.);
#8297 = CARTESIAN_POINT('',(21.2,11.47,5.));
#8298 = CARTESIAN_POINT('',(21.52,11.31,5.));
#8299 = VECTOR('',#8300,1.);
#8300 = DIRECTION('',(0.,0.,1.));
#8301 = ADVANCED_FACE('',(#8302),#8319,.F.);
#8302 = FACE_BOUND('',#8303,.F.);
#8303 = EDGE_LOOP('',(#8304,#8305,#8312,#8318));
#8304 = ORIENTED_EDGE('',*,*,#8289,.T.);
#8305 = ORIENTED_EDGE('',*,*,#8306,.T.);
#8306 = EDGE_CURVE('',#8283,#8307,#8309,.T.);
#8307 = VERTEX_POINT('',#8308);
#8308 = CARTESIAN_POINT('',(21.77,11.25,4.8));
#8309 = B_SPLINE_CURVE_WITH_KNOTS('',1,(#8310,#8311),.UNSPECIFIED.,.F.,
  .F.,(2,2),(0.,0.257099202644),.PIECEWISE_BEZIER_KNOTS.);
#8310 = CARTESIAN_POINT('',(21.52,11.31,4.8));
#8311 = CARTESIAN_POINT('',(21.77,11.25,4.8));
#8312 = ORIENTED_EDGE('',*,*,#8313,.F.);
#8313 = EDGE_CURVE('',#2110,#8307,#8314,.T.);
#8314 = LINE('',#8315,#8316);
#8315 = CARTESIAN_POINT('',(21.77,11.25,5.));
#8316 = VECTOR('',#8317,1.);
#8317 = DIRECTION('',(-0.,-0.,-1.));
#8318 = ORIENTED_EDGE('',*,*,#2116,.F.);
#8319 = SURFACE_OF_LINEAR_EXTRUSION('',#8320,#8323);
#8320 = B_SPLINE_CURVE_WITH_KNOTS('',1,(#8321,#8322),.UNSPECIFIED.,.F.,
  .F.,(2,2),(0.,0.257099202644),.PIECEWISE_BEZIER_KNOTS.);
#8321 = CARTESIAN_POINT('',(21.52,11.31,5.));
#8322 = CARTESIAN_POINT('',(21.77,11.25,5.));
#8323 = VECTOR('',#8324,1.);
#8324 = DIRECTION('',(0.,0.,1.));
#8325 = ADVANCED_FACE('',(#8326),#8343,.F.);
#8326 = FACE_BOUND('',#8327,.F.);
#8327 = EDGE_LOOP('',(#8328,#8329,#8336,#8342));
#8328 = ORIENTED_EDGE('',*,*,#8313,.T.);
#8329 = ORIENTED_EDGE('',*,*,#8330,.T.);
#8330 = EDGE_CURVE('',#8307,#8331,#8333,.T.);
#8331 = VERTEX_POINT('',#8332);
#8332 = CARTESIAN_POINT('',(26.,11.25,4.8));
#8333 = B_SPLINE_CURVE_WITH_KNOTS('',1,(#8334,#8335),.UNSPECIFIED.,.F.,
  .F.,(2,2),(0.,4.23),.PIECEWISE_BEZIER_KNOTS.);
#8334 = CARTESIAN_POINT('',(21.77,11.25,4.8));
#8335 = CARTESIAN_POINT('',(26.,11.25,4.8));
#8336 = ORIENTED_EDGE('',*,*,#8337,.F.);
#8337 = EDGE_CURVE('',#2103,#8331,#8338,.T.);
#8338 = LINE('',#8339,#8340);
#8339 = CARTESIAN_POINT('',(26.,11.25,5.));
#8340 = VECTOR('',#8341,1.);
#8341 = DIRECTION('',(-0.,-0.,-1.));
#8342 = ORIENTED_EDGE('',*,*,#2109,.F.);
#8343 = SURFACE_OF_LINEAR_EXTRUSION('',#8344,#8347);
#8344 = B_SPLINE_CURVE_WITH_KNOTS('',1,(#8345,#8346),.UNSPECIFIED.,.F.,
  .F.,(2,2),(0.,4.23),.PIECEWISE_BEZIER_KNOTS.);
#8345 = CARTESIAN_POINT('',(21.77,11.25,5.));
#8346 = CARTESIAN_POINT('',(26.,11.25,5.));
#8347 = VECTOR('',#8348,1.);
#8348 = DIRECTION('',(0.,0.,1.));
#8349 = ADVANCED_FACE('',(#8350),#8367,.F.);
#8350 = FACE_BOUND('',#8351,.F.);
#8351 = EDGE_LOOP('',(#8352,#8353,#8360,#8366));
#8352 = ORIENTED_EDGE('',*,*,#8337,.T.);
#8353 = ORIENTED_EDGE('',*,*,#8354,.T.);
#8354 = EDGE_CURVE('',#8331,#8355,#8357,.T.);
#8355 = VERTEX_POINT('',#8356);
#8356 = CARTESIAN_POINT('',(26.78,12.03,4.8));
#8357 = B_SPLINE_CURVE_WITH_KNOTS('',1,(#8358,#8359),.UNSPECIFIED.,.F.,
  .F.,(2,2),(0.,1.103086578651),.PIECEWISE_BEZIER_KNOTS.);
#8358 = CARTESIAN_POINT('',(26.,11.25,4.8));
#8359 = CARTESIAN_POINT('',(26.78,12.03,4.8));
#8360 = ORIENTED_EDGE('',*,*,#8361,.F.);
#8361 = EDGE_CURVE('',#2096,#8355,#8362,.T.);
#8362 = LINE('',#8363,#8364);
#8363 = CARTESIAN_POINT('',(26.78,12.03,5.));
#8364 = VECTOR('',#8365,1.);
#8365 = DIRECTION('',(-0.,-0.,-1.));
#8366 = ORIENTED_EDGE('',*,*,#2102,.F.);
#8367 = SURFACE_OF_LINEAR_EXTRUSION('',#8368,#8371);
#8368 = B_SPLINE_CURVE_WITH_KNOTS('',1,(#8369,#8370),.UNSPECIFIED.,.F.,
  .F.,(2,2),(0.,1.103086578651),.PIECEWISE_BEZIER_KNOTS.);
#8369 = CARTESIAN_POINT('',(26.,11.25,5.));
#8370 = CARTESIAN_POINT('',(26.78,12.03,5.));
#8371 = VECTOR('',#8372,1.);
#8372 = DIRECTION('',(0.,0.,1.));
#8373 = ADVANCED_FACE('',(#8374),#8384,.F.);
#8374 = FACE_BOUND('',#8375,.F.);
#8375 = EDGE_LOOP('',(#8376,#8377,#8382,#8383));
#8376 = ORIENTED_EDGE('',*,*,#8361,.T.);
#8377 = ORIENTED_EDGE('',*,*,#8378,.T.);
#8378 = EDGE_CURVE('',#8355,#7051,#8379,.T.);
#8379 = B_SPLINE_CURVE_WITH_KNOTS('',1,(#8380,#8381),.UNSPECIFIED.,.F.,
  .F.,(2,2),(0.,4.E-02),.PIECEWISE_BEZIER_KNOTS.);
#8380 = CARTESIAN_POINT('',(26.78,12.03,4.8));
#8381 = CARTESIAN_POINT('',(26.82,12.03,4.8));
#8382 = ORIENTED_EDGE('',*,*,#7050,.F.);
#8383 = ORIENTED_EDGE('',*,*,#2095,.F.);
#8384 = SURFACE_OF_LINEAR_EXTRUSION('',#8385,#8388);
#8385 = B_SPLINE_CURVE_WITH_KNOTS('',1,(#8386,#8387),.UNSPECIFIED.,.F.,
  .F.,(2,2),(0.,4.E-02),.PIECEWISE_BEZIER_KNOTS.);
#8386 = CARTESIAN_POINT('',(26.78,12.03,5.));
#8387 = CARTESIAN_POINT('',(26.82,12.03,5.));
#8388 = VECTOR('',#8389,1.);
#8389 = DIRECTION('',(0.,0.,1.));
#8390 = ADVANCED_FACE('',(#8391),#8415,.F.);
#8391 = FACE_BOUND('',#8392,.F.);
#8392 = EDGE_LOOP('',(#8393,#8401,#8408,#8414));
#8393 = ORIENTED_EDGE('',*,*,#8394,.T.);
#8394 = EDGE_CURVE('',#2481,#8395,#8397,.T.);
#8395 = VERTEX_POINT('',#8396);
#8396 = CARTESIAN_POINT('',(4.98,16.87,4.8));
#8397 = LINE('',#8398,#8399);
#8398 = CARTESIAN_POINT('',(4.98,16.87,5.));
#8399 = VECTOR('',#8400,1.);
#8400 = DIRECTION('',(-0.,-0.,-1.));
#8401 = ORIENTED_EDGE('',*,*,#8402,.T.);
#8402 = EDGE_CURVE('',#8395,#8403,#8405,.T.);
#8403 = VERTEX_POINT('',#8404);
#8404 = CARTESIAN_POINT('',(5.79,17.59,4.8));
#8405 = B_SPLINE_CURVE_WITH_KNOTS('',1,(#8406,#8407),.UNSPECIFIED.,.F.,
  .F.,(2,2),(0.,1.083743512091),.PIECEWISE_BEZIER_KNOTS.);
#8406 = CARTESIAN_POINT('',(4.98,16.87,4.8));
#8407 = CARTESIAN_POINT('',(5.79,17.59,4.8));
#8408 = ORIENTED_EDGE('',*,*,#8409,.F.);
#8409 = EDGE_CURVE('',#2483,#8403,#8410,.T.);
#8410 = LINE('',#8411,#8412);
#8411 = CARTESIAN_POINT('',(5.79,17.59,5.));
#8412 = VECTOR('',#8413,1.);
#8413 = DIRECTION('',(-0.,-0.,-1.));
#8414 = ORIENTED_EDGE('',*,*,#2480,.F.);
#8415 = SURFACE_OF_LINEAR_EXTRUSION('',#8416,#8419);
#8416 = B_SPLINE_CURVE_WITH_KNOTS('',1,(#8417,#8418),.UNSPECIFIED.,.F.,
  .F.,(2,2),(0.,1.083743512091),.PIECEWISE_BEZIER_KNOTS.);
#8417 = CARTESIAN_POINT('',(4.98,16.87,5.));
#8418 = CARTESIAN_POINT('',(5.79,17.59,5.));
#8419 = VECTOR('',#8420,1.);
#8420 = DIRECTION('',(0.,0.,1.));
#8421 = ADVANCED_FACE('',(#8422),#8439,.F.);
#8422 = FACE_BOUND('',#8423,.F.);
#8423 = EDGE_LOOP('',(#8424,#8425,#8432,#8438));
#8424 = ORIENTED_EDGE('',*,*,#8409,.T.);
#8425 = ORIENTED_EDGE('',*,*,#8426,.T.);
#8426 = EDGE_CURVE('',#8403,#8427,#8429,.T.);
#8427 = VERTEX_POINT('',#8428);
#8428 = CARTESIAN_POINT('',(6.17,17.96,4.8));
#8429 = B_SPLINE_CURVE_WITH_KNOTS('',1,(#8430,#8431),.UNSPECIFIED.,.F.,
  .F.,(2,2),(0.,0.530377224247),.PIECEWISE_BEZIER_KNOTS.);
#8430 = CARTESIAN_POINT('',(5.79,17.59,4.8));
#8431 = CARTESIAN_POINT('',(6.17,17.96,4.8));
#8432 = ORIENTED_EDGE('',*,*,#8433,.F.);
#8433 = EDGE_CURVE('',#2518,#8427,#8434,.T.);
#8434 = LINE('',#8435,#8436);
#8435 = CARTESIAN_POINT('',(6.17,17.96,5.));
#8436 = VECTOR('',#8437,1.);
#8437 = DIRECTION('',(-0.,-0.,-1.));
#8438 = ORIENTED_EDGE('',*,*,#2524,.F.);
#8439 = SURFACE_OF_LINEAR_EXTRUSION('',#8440,#8443);
#8440 = B_SPLINE_CURVE_WITH_KNOTS('',1,(#8441,#8442),.UNSPECIFIED.,.F.,
  .F.,(2,2),(0.,0.530377224247),.PIECEWISE_BEZIER_KNOTS.);
#8441 = CARTESIAN_POINT('',(5.79,17.59,5.));
#8442 = CARTESIAN_POINT('',(6.17,17.96,5.));
#8443 = VECTOR('',#8444,1.);
#8444 = DIRECTION('',(0.,0.,1.));
#8445 = ADVANCED_FACE('',(#8446),#8463,.F.);
#8446 = FACE_BOUND('',#8447,.F.);
#8447 = EDGE_LOOP('',(#8448,#8449,#8456,#8462));
#8448 = ORIENTED_EDGE('',*,*,#8433,.T.);
#8449 = ORIENTED_EDGE('',*,*,#8450,.T.);
#8450 = EDGE_CURVE('',#8427,#8451,#8453,.T.);
#8451 = VERTEX_POINT('',#8452);
#8452 = CARTESIAN_POINT('',(6.17,25.75,4.8));
#8453 = B_SPLINE_CURVE_WITH_KNOTS('',1,(#8454,#8455),.UNSPECIFIED.,.F.,
  .F.,(2,2),(0.,7.79),.PIECEWISE_BEZIER_KNOTS.);
#8454 = CARTESIAN_POINT('',(6.17,17.96,4.8));
#8455 = CARTESIAN_POINT('',(6.17,25.75,4.8));
#8456 = ORIENTED_EDGE('',*,*,#8457,.F.);
#8457 = EDGE_CURVE('',#2511,#8451,#8458,.T.);
#8458 = LINE('',#8459,#8460);
#8459 = CARTESIAN_POINT('',(6.17,25.75,5.));
#8460 = VECTOR('',#8461,1.);
#8461 = DIRECTION('',(-0.,-0.,-1.));
#8462 = ORIENTED_EDGE('',*,*,#2517,.F.);
#8463 = SURFACE_OF_LINEAR_EXTRUSION('',#8464,#8467);
#8464 = B_SPLINE_CURVE_WITH_KNOTS('',1,(#8465,#8466),.UNSPECIFIED.,.F.,
  .F.,(2,2),(0.,7.79),.PIECEWISE_BEZIER_KNOTS.);
#8465 = CARTESIAN_POINT('',(6.17,17.96,5.));
#8466 = CARTESIAN_POINT('',(6.17,25.75,5.));
#8467 = VECTOR('',#8468,1.);
#8468 = DIRECTION('',(0.,0.,1.));
#8469 = ADVANCED_FACE('',(#8470),#8487,.F.);
#8470 = FACE_BOUND('',#8471,.F.);
#8471 = EDGE_LOOP('',(#8472,#8473,#8480,#8486));
#8472 = ORIENTED_EDGE('',*,*,#8457,.T.);
#8473 = ORIENTED_EDGE('',*,*,#8474,.T.);
#8474 = EDGE_CURVE('',#8451,#8475,#8477,.T.);
#8475 = VERTEX_POINT('',#8476);
#8476 = CARTESIAN_POINT('',(3.51,25.72,4.8));
#8477 = B_SPLINE_CURVE_WITH_KNOTS('',1,(#8478,#8479),.UNSPECIFIED.,.F.,
  .F.,(2,2),(0.,2.660169167553),.PIECEWISE_BEZIER_KNOTS.);
#8478 = CARTESIAN_POINT('',(6.17,25.75,4.8));
#8479 = CARTESIAN_POINT('',(3.51,25.72,4.8));
#8480 = ORIENTED_EDGE('',*,*,#8481,.F.);
#8481 = EDGE_CURVE('',#2504,#8475,#8482,.T.);
#8482 = LINE('',#8483,#8484);
#8483 = CARTESIAN_POINT('',(3.51,25.72,5.));
#8484 = VECTOR('',#8485,1.);
#8485 = DIRECTION('',(-0.,-0.,-1.));
#8486 = ORIENTED_EDGE('',*,*,#2510,.F.);
#8487 = SURFACE_OF_LINEAR_EXTRUSION('',#8488,#8491);
#8488 = B_SPLINE_CURVE_WITH_KNOTS('',1,(#8489,#8490),.UNSPECIFIED.,.F.,
  .F.,(2,2),(0.,2.660169167553),.PIECEWISE_BEZIER_KNOTS.);
#8489 = CARTESIAN_POINT('',(6.17,25.75,5.));
#8490 = CARTESIAN_POINT('',(3.51,25.72,5.));
#8491 = VECTOR('',#8492,1.);
#8492 = DIRECTION('',(0.,0.,1.));
#8493 = ADVANCED_FACE('',(#8494),#8511,.F.);
#8494 = FACE_BOUND('',#8495,.F.);
#8495 = EDGE_LOOP('',(#8496,#8497,#8504,#8510));
#8496 = ORIENTED_EDGE('',*,*,#8481,.T.);
#8497 = ORIENTED_EDGE('',*,*,#8498,.T.);
#8498 = EDGE_CURVE('',#8475,#8499,#8501,.T.);
#8499 = VERTEX_POINT('',#8500);
#8500 = CARTESIAN_POINT('',(3.51,15.51,4.8));
#8501 = B_SPLINE_CURVE_WITH_KNOTS('',1,(#8502,#8503),.UNSPECIFIED.,.F.,
  .F.,(2,2),(0.,10.21),.PIECEWISE_BEZIER_KNOTS.);
#8502 = CARTESIAN_POINT('',(3.51,25.72,4.8));
#8503 = CARTESIAN_POINT('',(3.51,15.51,4.8));
#8504 = ORIENTED_EDGE('',*,*,#8505,.F.);
#8505 = EDGE_CURVE('',#2497,#8499,#8506,.T.);
#8506 = LINE('',#8507,#8508);
#8507 = CARTESIAN_POINT('',(3.51,15.51,5.));
#8508 = VECTOR('',#8509,1.);
#8509 = DIRECTION('',(-0.,-0.,-1.));
#8510 = ORIENTED_EDGE('',*,*,#2503,.F.);
#8511 = SURFACE_OF_LINEAR_EXTRUSION('',#8512,#8515);
#8512 = B_SPLINE_CURVE_WITH_KNOTS('',1,(#8513,#8514),.UNSPECIFIED.,.F.,
  .F.,(2,2),(0.,10.21),.PIECEWISE_BEZIER_KNOTS.);
#8513 = CARTESIAN_POINT('',(3.51,25.72,5.));
#8514 = CARTESIAN_POINT('',(3.51,15.51,5.));
#8515 = VECTOR('',#8516,1.);
#8516 = DIRECTION('',(0.,0.,1.));
#8517 = ADVANCED_FACE('',(#8518),#8535,.F.);
#8518 = FACE_BOUND('',#8519,.F.);
#8519 = EDGE_LOOP('',(#8520,#8521,#8528,#8534));
#8520 = ORIENTED_EDGE('',*,*,#8505,.T.);
#8521 = ORIENTED_EDGE('',*,*,#8522,.T.);
#8522 = EDGE_CURVE('',#8499,#8523,#8525,.T.);
#8523 = VERTEX_POINT('',#8524);
#8524 = CARTESIAN_POINT('',(4.46,16.36,4.8));
#8525 = B_SPLINE_CURVE_WITH_KNOTS('',1,(#8526,#8527),.UNSPECIFIED.,.F.,
  .F.,(2,2),(0.,1.274754878398),.PIECEWISE_BEZIER_KNOTS.);
#8526 = CARTESIAN_POINT('',(3.51,15.51,4.8));
#8527 = CARTESIAN_POINT('',(4.46,16.36,4.8));
#8528 = ORIENTED_EDGE('',*,*,#8529,.F.);
#8529 = EDGE_CURVE('',#2490,#8523,#8530,.T.);
#8530 = LINE('',#8531,#8532);
#8531 = CARTESIAN_POINT('',(4.46,16.36,5.));
#8532 = VECTOR('',#8533,1.);
#8533 = DIRECTION('',(-0.,-0.,-1.));
#8534 = ORIENTED_EDGE('',*,*,#2496,.F.);
#8535 = SURFACE_OF_LINEAR_EXTRUSION('',#8536,#8539);
#8536 = B_SPLINE_CURVE_WITH_KNOTS('',1,(#8537,#8538),.UNSPECIFIED.,.F.,
  .F.,(2,2),(0.,1.274754878398),.PIECEWISE_BEZIER_KNOTS.);
#8537 = CARTESIAN_POINT('',(3.51,15.51,5.));
#8538 = CARTESIAN_POINT('',(4.46,16.36,5.));
#8539 = VECTOR('',#8540,1.);
#8540 = DIRECTION('',(0.,0.,1.));
#8541 = ADVANCED_FACE('',(#8542),#8552,.F.);
#8542 = FACE_BOUND('',#8543,.F.);
#8543 = EDGE_LOOP('',(#8544,#8545,#8550,#8551));
#8544 = ORIENTED_EDGE('',*,*,#8529,.T.);
#8545 = ORIENTED_EDGE('',*,*,#8546,.T.);
#8546 = EDGE_CURVE('',#8523,#8395,#8547,.T.);
#8547 = B_SPLINE_CURVE_WITH_KNOTS('',1,(#8548,#8549),.UNSPECIFIED.,.F.,
  .F.,(2,2),(0.,0.728354309385),.PIECEWISE_BEZIER_KNOTS.);
#8548 = CARTESIAN_POINT('',(4.46,16.36,4.8));
#8549 = CARTESIAN_POINT('',(4.98,16.87,4.8));
#8550 = ORIENTED_EDGE('',*,*,#8394,.F.);
#8551 = ORIENTED_EDGE('',*,*,#2489,.F.);
#8552 = SURFACE_OF_LINEAR_EXTRUSION('',#8553,#8556);
#8553 = B_SPLINE_CURVE_WITH_KNOTS('',1,(#8554,#8555),.UNSPECIFIED.,.F.,
  .F.,(2,2),(0.,0.728354309385),.PIECEWISE_BEZIER_KNOTS.);
#8554 = CARTESIAN_POINT('',(4.46,16.36,5.));
#8555 = CARTESIAN_POINT('',(4.98,16.87,5.));
#8556 = VECTOR('',#8557,1.);
#8557 = DIRECTION('',(0.,0.,1.));
#8558 = ADVANCED_FACE('',(#8559),#8583,.F.);
#8559 = FACE_BOUND('',#8560,.F.);
#8560 = EDGE_LOOP('',(#8561,#8569,#8576,#8582));
#8561 = ORIENTED_EDGE('',*,*,#8562,.T.);
#8562 = EDGE_CURVE('',#2532,#8563,#8565,.T.);
#8563 = VERTEX_POINT('',#8564);
#8564 = CARTESIAN_POINT('',(20.57,15.94,4.8));
#8565 = LINE('',#8566,#8567);
#8566 = CARTESIAN_POINT('',(20.57,15.94,5.));
#8567 = VECTOR('',#8568,1.);
#8568 = DIRECTION('',(-0.,-0.,-1.));
#8569 = ORIENTED_EDGE('',*,*,#8570,.T.);
#8570 = EDGE_CURVE('',#8563,#8571,#8573,.T.);
#8571 = VERTEX_POINT('',#8572);
#8572 = CARTESIAN_POINT('',(20.67,16.29,4.8));
#8573 = B_SPLINE_CURVE_WITH_KNOTS('',1,(#8574,#8575),.UNSPECIFIED.,.F.,
  .F.,(2,2),(0.,0.364005494464),.PIECEWISE_BEZIER_KNOTS.);
#8574 = CARTESIAN_POINT('',(20.57,15.94,4.8));
#8575 = CARTESIAN_POINT('',(20.67,16.29,4.8));
#8576 = ORIENTED_EDGE('',*,*,#8577,.F.);
#8577 = EDGE_CURVE('',#2534,#8571,#8578,.T.);
#8578 = LINE('',#8579,#8580);
#8579 = CARTESIAN_POINT('',(20.67,16.29,5.));
#8580 = VECTOR('',#8581,1.);
#8581 = DIRECTION('',(-0.,-0.,-1.));
#8582 = ORIENTED_EDGE('',*,*,#2531,.F.);
#8583 = SURFACE_OF_LINEAR_EXTRUSION('',#8584,#8587);
#8584 = B_SPLINE_CURVE_WITH_KNOTS('',1,(#8585,#8586),.UNSPECIFIED.,.F.,
  .F.,(2,2),(0.,0.364005494464),.PIECEWISE_BEZIER_KNOTS.);
#8585 = CARTESIAN_POINT('',(20.57,15.94,5.));
#8586 = CARTESIAN_POINT('',(20.67,16.29,5.));
#8587 = VECTOR('',#8588,1.);
#8588 = DIRECTION('',(0.,0.,1.));
#8589 = ADVANCED_FACE('',(#8590),#8607,.F.);
#8590 = FACE_BOUND('',#8591,.F.);
#8591 = EDGE_LOOP('',(#8592,#8593,#8600,#8606));
#8592 = ORIENTED_EDGE('',*,*,#8577,.T.);
#8593 = ORIENTED_EDGE('',*,*,#8594,.T.);
#8594 = EDGE_CURVE('',#8571,#8595,#8597,.T.);
#8595 = VERTEX_POINT('',#8596);
#8596 = CARTESIAN_POINT('',(20.92,16.81,4.8));
#8597 = B_SPLINE_CURVE_WITH_KNOTS('',1,(#8598,#8599),.UNSPECIFIED.,.F.,
  .F.,(2,2),(0.,0.57697486947),.PIECEWISE_BEZIER_KNOTS.);
#8598 = CARTESIAN_POINT('',(20.67,16.29,4.8));
#8599 = CARTESIAN_POINT('',(20.92,16.81,4.8));
#8600 = ORIENTED_EDGE('',*,*,#8601,.F.);
#8601 = EDGE_CURVE('',#2590,#8595,#8602,.T.);
#8602 = LINE('',#8603,#8604);
#8603 = CARTESIAN_POINT('',(20.92,16.81,5.));
#8604 = VECTOR('',#8605,1.);
#8605 = DIRECTION('',(-0.,-0.,-1.));
#8606 = ORIENTED_EDGE('',*,*,#2596,.F.);
#8607 = SURFACE_OF_LINEAR_EXTRUSION('',#8608,#8611);
#8608 = B_SPLINE_CURVE_WITH_KNOTS('',1,(#8609,#8610),.UNSPECIFIED.,.F.,
  .F.,(2,2),(0.,0.57697486947),.PIECEWISE_BEZIER_KNOTS.);
#8609 = CARTESIAN_POINT('',(20.67,16.29,5.));
#8610 = CARTESIAN_POINT('',(20.92,16.81,5.));
#8611 = VECTOR('',#8612,1.);
#8612 = DIRECTION('',(0.,0.,1.));
#8613 = ADVANCED_FACE('',(#8614),#8631,.F.);
#8614 = FACE_BOUND('',#8615,.F.);
#8615 = EDGE_LOOP('',(#8616,#8617,#8624,#8630));
#8616 = ORIENTED_EDGE('',*,*,#8601,.T.);
#8617 = ORIENTED_EDGE('',*,*,#8618,.T.);
#8618 = EDGE_CURVE('',#8595,#8619,#8621,.T.);
#8619 = VERTEX_POINT('',#8620);
#8620 = CARTESIAN_POINT('',(21.3,17.34,4.8));
#8621 = B_SPLINE_CURVE_WITH_KNOTS('',1,(#8622,#8623),.UNSPECIFIED.,.F.,
  .F.,(2,2),(0.,0.652150289427),.PIECEWISE_BEZIER_KNOTS.);
#8622 = CARTESIAN_POINT('',(20.92,16.81,4.8));
#8623 = CARTESIAN_POINT('',(21.3,17.34,4.8));
#8624 = ORIENTED_EDGE('',*,*,#8625,.F.);
#8625 = EDGE_CURVE('',#2583,#8619,#8626,.T.);
#8626 = LINE('',#8627,#8628);
#8627 = CARTESIAN_POINT('',(21.3,17.34,5.));
#8628 = VECTOR('',#8629,1.);
#8629 = DIRECTION('',(-0.,-0.,-1.));
#8630 = ORIENTED_EDGE('',*,*,#2589,.F.);
#8631 = SURFACE_OF_LINEAR_EXTRUSION('',#8632,#8635);
#8632 = B_SPLINE_CURVE_WITH_KNOTS('',1,(#8633,#8634),.UNSPECIFIED.,.F.,
  .F.,(2,2),(0.,0.652150289427),.PIECEWISE_BEZIER_KNOTS.);
#8633 = CARTESIAN_POINT('',(20.92,16.81,5.));
#8634 = CARTESIAN_POINT('',(21.3,17.34,5.));
#8635 = VECTOR('',#8636,1.);
#8636 = DIRECTION('',(0.,0.,1.));
#8637 = ADVANCED_FACE('',(#8638),#8655,.F.);
#8638 = FACE_BOUND('',#8639,.F.);
#8639 = EDGE_LOOP('',(#8640,#8641,#8648,#8654));
#8640 = ORIENTED_EDGE('',*,*,#8625,.T.);
#8641 = ORIENTED_EDGE('',*,*,#8642,.T.);
#8642 = EDGE_CURVE('',#8619,#8643,#8645,.T.);
#8643 = VERTEX_POINT('',#8644);
#8644 = CARTESIAN_POINT('',(21.65,17.63,4.8));
#8645 = B_SPLINE_CURVE_WITH_KNOTS('',1,(#8646,#8647),.UNSPECIFIED.,.F.,
  .F.,(2,2),(0.,0.454532727095),.PIECEWISE_BEZIER_KNOTS.);
#8646 = CARTESIAN_POINT('',(21.3,17.34,4.8));
#8647 = CARTESIAN_POINT('',(21.65,17.63,4.8));
#8648 = ORIENTED_EDGE('',*,*,#8649,.F.);
#8649 = EDGE_CURVE('',#2576,#8643,#8650,.T.);
#8650 = LINE('',#8651,#8652);
#8651 = CARTESIAN_POINT('',(21.65,17.63,5.));
#8652 = VECTOR('',#8653,1.);
#8653 = DIRECTION('',(-0.,-0.,-1.));
#8654 = ORIENTED_EDGE('',*,*,#2582,.F.);
#8655 = SURFACE_OF_LINEAR_EXTRUSION('',#8656,#8659);
#8656 = B_SPLINE_CURVE_WITH_KNOTS('',1,(#8657,#8658),.UNSPECIFIED.,.F.,
  .F.,(2,2),(0.,0.454532727095),.PIECEWISE_BEZIER_KNOTS.);
#8657 = CARTESIAN_POINT('',(21.3,17.34,5.));
#8658 = CARTESIAN_POINT('',(21.65,17.63,5.));
#8659 = VECTOR('',#8660,1.);
#8660 = DIRECTION('',(0.,0.,1.));
#8661 = ADVANCED_FACE('',(#8662),#8679,.F.);
#8662 = FACE_BOUND('',#8663,.F.);
#8663 = EDGE_LOOP('',(#8664,#8665,#8672,#8678));
#8664 = ORIENTED_EDGE('',*,*,#8649,.T.);
#8665 = ORIENTED_EDGE('',*,*,#8666,.T.);
#8666 = EDGE_CURVE('',#8643,#8667,#8669,.T.);
#8667 = VERTEX_POINT('',#8668);
#8668 = CARTESIAN_POINT('',(21.65,25.75,4.8));
#8669 = B_SPLINE_CURVE_WITH_KNOTS('',1,(#8670,#8671),.UNSPECIFIED.,.F.,
  .F.,(2,2),(0.,8.12),.PIECEWISE_BEZIER_KNOTS.);
#8670 = CARTESIAN_POINT('',(21.65,17.63,4.8));
#8671 = CARTESIAN_POINT('',(21.65,25.75,4.8));
#8672 = ORIENTED_EDGE('',*,*,#8673,.F.);
#8673 = EDGE_CURVE('',#2569,#8667,#8674,.T.);
#8674 = LINE('',#8675,#8676);
#8675 = CARTESIAN_POINT('',(21.65,25.75,5.));
#8676 = VECTOR('',#8677,1.);
#8677 = DIRECTION('',(-0.,-0.,-1.));
#8678 = ORIENTED_EDGE('',*,*,#2575,.F.);
#8679 = SURFACE_OF_LINEAR_EXTRUSION('',#8680,#8683);
#8680 = B_SPLINE_CURVE_WITH_KNOTS('',1,(#8681,#8682),.UNSPECIFIED.,.F.,
  .F.,(2,2),(0.,8.12),.PIECEWISE_BEZIER_KNOTS.);
#8681 = CARTESIAN_POINT('',(21.65,17.63,5.));
#8682 = CARTESIAN_POINT('',(21.65,25.75,5.));
#8683 = VECTOR('',#8684,1.);
#8684 = DIRECTION('',(0.,0.,1.));
#8685 = ADVANCED_FACE('',(#8686),#8703,.F.);
#8686 = FACE_BOUND('',#8687,.F.);
#8687 = EDGE_LOOP('',(#8688,#8689,#8696,#8702));
#8688 = ORIENTED_EDGE('',*,*,#8673,.T.);
#8689 = ORIENTED_EDGE('',*,*,#8690,.T.);
#8690 = EDGE_CURVE('',#8667,#8691,#8693,.T.);
#8691 = VERTEX_POINT('',#8692);
#8692 = CARTESIAN_POINT('',(19.06,25.75,4.8));
#8693 = B_SPLINE_CURVE_WITH_KNOTS('',1,(#8694,#8695),.UNSPECIFIED.,.F.,
  .F.,(2,2),(0.,2.59),.PIECEWISE_BEZIER_KNOTS.);
#8694 = CARTESIAN_POINT('',(21.65,25.75,4.8));
#8695 = CARTESIAN_POINT('',(19.06,25.75,4.8));
#8696 = ORIENTED_EDGE('',*,*,#8697,.F.);
#8697 = EDGE_CURVE('',#2562,#8691,#8698,.T.);
#8698 = LINE('',#8699,#8700);
#8699 = CARTESIAN_POINT('',(19.06,25.75,5.));
#8700 = VECTOR('',#8701,1.);
#8701 = DIRECTION('',(-0.,-0.,-1.));
#8702 = ORIENTED_EDGE('',*,*,#2568,.F.);
#8703 = SURFACE_OF_LINEAR_EXTRUSION('',#8704,#8707);
#8704 = B_SPLINE_CURVE_WITH_KNOTS('',1,(#8705,#8706),.UNSPECIFIED.,.F.,
  .F.,(2,2),(0.,2.59),.PIECEWISE_BEZIER_KNOTS.);
#8705 = CARTESIAN_POINT('',(21.65,25.75,5.));
#8706 = CARTESIAN_POINT('',(19.06,25.75,5.));
#8707 = VECTOR('',#8708,1.);
#8708 = DIRECTION('',(0.,0.,1.));
#8709 = ADVANCED_FACE('',(#8710),#8727,.F.);
#8710 = FACE_BOUND('',#8711,.F.);
#8711 = EDGE_LOOP('',(#8712,#8713,#8720,#8726));
#8712 = ORIENTED_EDGE('',*,*,#8697,.T.);
#8713 = ORIENTED_EDGE('',*,*,#8714,.T.);
#8714 = EDGE_CURVE('',#8691,#8715,#8717,.T.);
#8715 = VERTEX_POINT('',#8716);
#8716 = CARTESIAN_POINT('',(19.06,16.97,4.8));
#8717 = B_SPLINE_CURVE_WITH_KNOTS('',1,(#8718,#8719),.UNSPECIFIED.,.F.,
  .F.,(2,2),(0.,8.78),.PIECEWISE_BEZIER_KNOTS.);
#8718 = CARTESIAN_POINT('',(19.06,25.75,4.8));
#8719 = CARTESIAN_POINT('',(19.06,16.97,4.8));
#8720 = ORIENTED_EDGE('',*,*,#8721,.F.);
#8721 = EDGE_CURVE('',#2555,#8715,#8722,.T.);
#8722 = LINE('',#8723,#8724);
#8723 = CARTESIAN_POINT('',(19.06,16.97,5.));
#8724 = VECTOR('',#8725,1.);
#8725 = DIRECTION('',(-0.,-0.,-1.));
#8726 = ORIENTED_EDGE('',*,*,#2561,.F.);
#8727 = SURFACE_OF_LINEAR_EXTRUSION('',#8728,#8731);
#8728 = B_SPLINE_CURVE_WITH_KNOTS('',1,(#8729,#8730),.UNSPECIFIED.,.F.,
  .F.,(2,2),(0.,8.78),.PIECEWISE_BEZIER_KNOTS.);
#8729 = CARTESIAN_POINT('',(19.06,25.75,5.));
#8730 = CARTESIAN_POINT('',(19.06,16.97,5.));
#8731 = VECTOR('',#8732,1.);
#8732 = DIRECTION('',(0.,0.,1.));
#8733 = ADVANCED_FACE('',(#8734),#8751,.F.);
#8734 = FACE_BOUND('',#8735,.F.);
#8735 = EDGE_LOOP('',(#8736,#8737,#8744,#8750));
#8736 = ORIENTED_EDGE('',*,*,#8721,.T.);
#8737 = ORIENTED_EDGE('',*,*,#8738,.T.);
#8738 = EDGE_CURVE('',#8715,#8739,#8741,.T.);
#8739 = VERTEX_POINT('',#8740);
#8740 = CARTESIAN_POINT('',(20.36,15.58,4.8));
#8741 = B_SPLINE_CURVE_WITH_KNOTS('',1,(#8742,#8743),.UNSPECIFIED.,.F.,
  .F.,(2,2),(0.,1.903181546779),.PIECEWISE_BEZIER_KNOTS.);
#8742 = CARTESIAN_POINT('',(19.06,16.97,4.8));
#8743 = CARTESIAN_POINT('',(20.36,15.58,4.8));
#8744 = ORIENTED_EDGE('',*,*,#8745,.F.);
#8745 = EDGE_CURVE('',#2548,#8739,#8746,.T.);
#8746 = LINE('',#8747,#8748);
#8747 = CARTESIAN_POINT('',(20.36,15.58,5.));
#8748 = VECTOR('',#8749,1.);
#8749 = DIRECTION('',(-0.,-0.,-1.));
#8750 = ORIENTED_EDGE('',*,*,#2554,.F.);
#8751 = SURFACE_OF_LINEAR_EXTRUSION('',#8752,#8755);
#8752 = B_SPLINE_CURVE_WITH_KNOTS('',1,(#8753,#8754),.UNSPECIFIED.,.F.,
  .F.,(2,2),(0.,1.903181546779),.PIECEWISE_BEZIER_KNOTS.);
#8753 = CARTESIAN_POINT('',(19.06,16.97,5.));
#8754 = CARTESIAN_POINT('',(20.36,15.58,5.));
#8755 = VECTOR('',#8756,1.);
#8756 = DIRECTION('',(0.,0.,1.));
#8757 = ADVANCED_FACE('',(#8758),#8775,.F.);
#8758 = FACE_BOUND('',#8759,.F.);
#8759 = EDGE_LOOP('',(#8760,#8761,#8768,#8774));
#8760 = ORIENTED_EDGE('',*,*,#8745,.T.);
#8761 = ORIENTED_EDGE('',*,*,#8762,.T.);
#8762 = EDGE_CURVE('',#8739,#8763,#8765,.T.);
#8763 = VERTEX_POINT('',#8764);
#8764 = CARTESIAN_POINT('',(20.5,15.48,4.8));
#8765 = B_SPLINE_CURVE_WITH_KNOTS('',1,(#8766,#8767),.UNSPECIFIED.,.F.,
  .F.,(2,2),(0.,0.172046505341),.PIECEWISE_BEZIER_KNOTS.);
#8766 = CARTESIAN_POINT('',(20.36,15.58,4.8));
#8767 = CARTESIAN_POINT('',(20.5,15.48,4.8));
#8768 = ORIENTED_EDGE('',*,*,#8769,.F.);
#8769 = EDGE_CURVE('',#2541,#8763,#8770,.T.);
#8770 = LINE('',#8771,#8772);
#8771 = CARTESIAN_POINT('',(20.5,15.48,5.));
#8772 = VECTOR('',#8773,1.);
#8773 = DIRECTION('',(-0.,-0.,-1.));
#8774 = ORIENTED_EDGE('',*,*,#2547,.F.);
#8775 = SURFACE_OF_LINEAR_EXTRUSION('',#8776,#8779);
#8776 = B_SPLINE_CURVE_WITH_KNOTS('',1,(#8777,#8778),.UNSPECIFIED.,.F.,
  .F.,(2,2),(0.,0.172046505341),.PIECEWISE_BEZIER_KNOTS.);
#8777 = CARTESIAN_POINT('',(20.36,15.58,5.));
#8778 = CARTESIAN_POINT('',(20.5,15.48,5.));
#8779 = VECTOR('',#8780,1.);
#8780 = DIRECTION('',(0.,0.,1.));
#8781 = ADVANCED_FACE('',(#8782),#8792,.F.);
#8782 = FACE_BOUND('',#8783,.F.);
#8783 = EDGE_LOOP('',(#8784,#8785,#8790,#8791));
#8784 = ORIENTED_EDGE('',*,*,#8769,.T.);
#8785 = ORIENTED_EDGE('',*,*,#8786,.T.);
#8786 = EDGE_CURVE('',#8763,#8563,#8787,.T.);
#8787 = B_SPLINE_CURVE_WITH_KNOTS('',1,(#8788,#8789),.UNSPECIFIED.,.F.,
  .F.,(2,2),(0.,0.465295604965),.PIECEWISE_BEZIER_KNOTS.);
#8788 = CARTESIAN_POINT('',(20.5,15.48,4.8));
#8789 = CARTESIAN_POINT('',(20.57,15.94,4.8));
#8790 = ORIENTED_EDGE('',*,*,#8562,.F.);
#8791 = ORIENTED_EDGE('',*,*,#2540,.F.);
#8792 = SURFACE_OF_LINEAR_EXTRUSION('',#8793,#8796);
#8793 = B_SPLINE_CURVE_WITH_KNOTS('',1,(#8794,#8795),.UNSPECIFIED.,.F.,
  .F.,(2,2),(0.,0.465295604965),.PIECEWISE_BEZIER_KNOTS.);
#8794 = CARTESIAN_POINT('',(20.5,15.48,5.));
#8795 = CARTESIAN_POINT('',(20.57,15.94,5.));
#8796 = VECTOR('',#8797,1.);
#8797 = DIRECTION('',(0.,0.,1.));
#8798 = ADVANCED_FACE('',(#8799),#8818,.F.);
#8799 = FACE_BOUND('',#8800,.T.);
#8800 = EDGE_LOOP('',(#8801,#8809,#8810,#8811));
#8801 = ORIENTED_EDGE('',*,*,#8802,.F.);
#8802 = EDGE_CURVE('',#2604,#8803,#8805,.T.);
#8803 = VERTEX_POINT('',#8804);
#8804 = CARTESIAN_POINT('',(47.599989,48.999947,3.1));
#8805 = LINE('',#8806,#8807);
#8806 = CARTESIAN_POINT('',(49.499989,48.999947,5.));
#8807 = VECTOR('',#8808,1.);
#8808 = DIRECTION('',(-0.707106781187,0.,-0.707106781187));
#8809 = ORIENTED_EDGE('',*,*,#2603,.T.);
#8810 = ORIENTED_EDGE('',*,*,#8802,.T.);
#8811 = ORIENTED_EDGE('',*,*,#8812,.F.);
#8812 = EDGE_CURVE('',#8803,#8803,#8813,.T.);
#8813 = CIRCLE('',#8814,1.6);
#8814 = AXIS2_PLACEMENT_3D('',#8815,#8816,#8817);
#8815 = CARTESIAN_POINT('',(45.999989,48.999947,3.1));
#8816 = DIRECTION('',(0.,0.,1.));
#8817 = DIRECTION('',(1.,0.,0.));
#8818 = CONICAL_SURFACE('',#8819,3.5,0.785398163397);
#8819 = AXIS2_PLACEMENT_3D('',#8820,#8821,#8822);
#8820 = CARTESIAN_POINT('',(45.999989,48.999947,5.));
#8821 = DIRECTION('',(0.,0.,1.));
#8822 = DIRECTION('',(1.,0.,0.));
#8823 = ADVANCED_FACE('',(#8824),#8835,.F.);
#8824 = FACE_BOUND('',#8825,.T.);
#8825 = EDGE_LOOP('',(#8826,#8832,#8833,#8834));
#8826 = ORIENTED_EDGE('',*,*,#8827,.F.);
#8827 = EDGE_CURVE('',#2887,#2720,#8828,.T.);
#8828 = LINE('',#8829,#8830);
#8829 = CARTESIAN_POINT('',(-2.400255,-11.000834,3.1));
#8830 = VECTOR('',#8831,1.);
#8831 = DIRECTION('',(-6.E-17,0.,-1.));
#8832 = ORIENTED_EDGE('',*,*,#2896,.T.);
#8833 = ORIENTED_EDGE('',*,*,#8827,.T.);
#8834 = ORIENTED_EDGE('',*,*,#2719,.T.);
#8835 = CYLINDRICAL_SURFACE('',#8836,1.6);
#8836 = AXIS2_PLACEMENT_3D('',#8837,#8838,#8839);
#8837 = CARTESIAN_POINT('',(-4.000255,-11.000834,3.1));
#8838 = DIRECTION('',(-0.,-0.,-1.));
#8839 = DIRECTION('',(1.,0.,0.));
#8840 = ADVANCED_FACE('',(#8841),#8852,.F.);
#8841 = FACE_BOUND('',#8842,.T.);
#8842 = EDGE_LOOP('',(#8843,#8849,#8850,#8851));
#8843 = ORIENTED_EDGE('',*,*,#8844,.F.);
#8844 = EDGE_CURVE('',#2912,#2731,#8845,.T.);
#8845 = LINE('',#8846,#8847);
#8846 = CARTESIAN_POINT('',(47.60008,-11.000163,3.1));
#8847 = VECTOR('',#8848,1.);
#8848 = DIRECTION('',(-6.E-17,0.,-1.));
#8849 = ORIENTED_EDGE('',*,*,#2921,.T.);
#8850 = ORIENTED_EDGE('',*,*,#8844,.T.);
#8851 = ORIENTED_EDGE('',*,*,#2730,.T.);
#8852 = CYLINDRICAL_SURFACE('',#8853,1.6);
#8853 = AXIS2_PLACEMENT_3D('',#8854,#8855,#8856);
#8854 = CARTESIAN_POINT('',(46.00008,-11.000163,3.1));
#8855 = DIRECTION('',(-0.,-0.,-1.));
#8856 = DIRECTION('',(1.,0.,0.));
#8857 = ADVANCED_FACE('',(#8858),#8869,.F.);
#8858 = FACE_BOUND('',#8859,.T.);
#8859 = EDGE_LOOP('',(#8860,#8866,#8867,#8868));
#8860 = ORIENTED_EDGE('',*,*,#8861,.F.);
#8861 = EDGE_CURVE('',#6186,#2825,#8862,.T.);
#8862 = LINE('',#8863,#8864);
#8863 = CARTESIAN_POINT('',(-2.400124,49.000004,3.1));
#8864 = VECTOR('',#8865,1.);
#8865 = DIRECTION('',(-6.E-17,0.,-1.));
#8866 = ORIENTED_EDGE('',*,*,#6195,.T.);
#8867 = ORIENTED_EDGE('',*,*,#8861,.T.);
#8868 = ORIENTED_EDGE('',*,*,#2824,.T.);
#8869 = CYLINDRICAL_SURFACE('',#8870,1.6);
#8870 = AXIS2_PLACEMENT_3D('',#8871,#8872,#8873);
#8871 = CARTESIAN_POINT('',(-4.000124,49.000004,3.1));
#8872 = DIRECTION('',(-0.,-0.,-1.));
#8873 = DIRECTION('',(1.,0.,0.));
#8874 = ADVANCED_FACE('',(#8875),#8886,.F.);
#8875 = FACE_BOUND('',#8876,.T.);
#8876 = EDGE_LOOP('',(#8877,#8883,#8884,#8885));
#8877 = ORIENTED_EDGE('',*,*,#8878,.F.);
#8878 = EDGE_CURVE('',#8803,#2836,#8879,.T.);
#8879 = LINE('',#8880,#8881);
#8880 = CARTESIAN_POINT('',(47.599989,48.999947,3.1));
#8881 = VECTOR('',#8882,1.);
#8882 = DIRECTION('',(-6.E-17,0.,-1.));
#8883 = ORIENTED_EDGE('',*,*,#8812,.T.);
#8884 = ORIENTED_EDGE('',*,*,#8878,.T.);
#8885 = ORIENTED_EDGE('',*,*,#2835,.T.);
#8886 = CYLINDRICAL_SURFACE('',#8887,1.6);
#8887 = AXIS2_PLACEMENT_3D('',#8888,#8889,#8890);
#8888 = CARTESIAN_POINT('',(45.999989,48.999947,3.1));
#8889 = DIRECTION('',(-0.,-0.,-1.));
#8890 = DIRECTION('',(1.,0.,0.));
#8891 = ADVANCED_FACE('',(#8892),#8946,.T.);
#8892 = FACE_BOUND('',#8893,.T.);
#8893 = EDGE_LOOP('',(#8894,#8895,#8896,#8897,#8898,#8899,#8900,#8901,
    #8902,#8903,#8904,#8905,#8906,#8907,#8908,#8909,#8910,#8911,#8912,
    #8913,#8914,#8915,#8916,#8917,#8918,#8919,#8920,#8921,#8922,#8923,
    #8924,#8925,#8926,#8927,#8928,#8929,#8930,#8931,#8932,#8933,#8934,
    #8935,#8936,#8937,#8938,#8939,#8940,#8941,#8942,#8943,#8944,#8945));
#8894 = ORIENTED_EDGE('',*,*,#2944,.T.);
#8895 = ORIENTED_EDGE('',*,*,#2968,.T.);
#8896 = ORIENTED_EDGE('',*,*,#2992,.T.);
#8897 = ORIENTED_EDGE('',*,*,#3016,.T.);
#8898 = ORIENTED_EDGE('',*,*,#3040,.T.);
#8899 = ORIENTED_EDGE('',*,*,#3064,.T.);
#8900 = ORIENTED_EDGE('',*,*,#3088,.T.);
#8901 = ORIENTED_EDGE('',*,*,#3112,.T.);
#8902 = ORIENTED_EDGE('',*,*,#3136,.T.);
#8903 = ORIENTED_EDGE('',*,*,#3160,.T.);
#8904 = ORIENTED_EDGE('',*,*,#3184,.T.);
#8905 = ORIENTED_EDGE('',*,*,#3208,.T.);
#8906 = ORIENTED_EDGE('',*,*,#3232,.T.);
#8907 = ORIENTED_EDGE('',*,*,#3256,.T.);
#8908 = ORIENTED_EDGE('',*,*,#3280,.T.);
#8909 = ORIENTED_EDGE('',*,*,#3304,.T.);
#8910 = ORIENTED_EDGE('',*,*,#3328,.T.);
#8911 = ORIENTED_EDGE('',*,*,#3352,.T.);
#8912 = ORIENTED_EDGE('',*,*,#3376,.T.);
#8913 = ORIENTED_EDGE('',*,*,#3400,.T.);
#8914 = ORIENTED_EDGE('',*,*,#3424,.T.);
#8915 = ORIENTED_EDGE('',*,*,#3448,.T.);
#8916 = ORIENTED_EDGE('',*,*,#3472,.T.);
#8917 = ORIENTED_EDGE('',*,*,#3496,.T.);
#8918 = ORIENTED_EDGE('',*,*,#3520,.T.);
#8919 = ORIENTED_EDGE('',*,*,#3544,.T.);
#8920 = ORIENTED_EDGE('',*,*,#3568,.T.);
#8921 = ORIENTED_EDGE('',*,*,#3592,.T.);
#8922 = ORIENTED_EDGE('',*,*,#3616,.T.);
#8923 = ORIENTED_EDGE('',*,*,#3640,.T.);
#8924 = ORIENTED_EDGE('',*,*,#3664,.T.);
#8925 = ORIENTED_EDGE('',*,*,#3688,.T.);
#8926 = ORIENTED_EDGE('',*,*,#3712,.T.);
#8927 = ORIENTED_EDGE('',*,*,#3736,.T.);
#8928 = ORIENTED_EDGE('',*,*,#3760,.T.);
#8929 = ORIENTED_EDGE('',*,*,#3784,.T.);
#8930 = ORIENTED_EDGE('',*,*,#3808,.T.);
#8931 = ORIENTED_EDGE('',*,*,#3832,.T.);
#8932 = ORIENTED_EDGE('',*,*,#3856,.T.);
#8933 = ORIENTED_EDGE('',*,*,#3880,.T.);
#8934 = ORIENTED_EDGE('',*,*,#3904,.T.);
#8935 = ORIENTED_EDGE('',*,*,#3928,.T.);
#8936 = ORIENTED_EDGE('',*,*,#3952,.T.);
#8937 = ORIENTED_EDGE('',*,*,#3976,.T.);
#8938 = ORIENTED_EDGE('',*,*,#4000,.T.);
#8939 = ORIENTED_EDGE('',*,*,#4024,.T.);
#8940 = ORIENTED_EDGE('',*,*,#4048,.T.);
#8941 = ORIENTED_EDGE('',*,*,#4072,.T.);
#8942 = ORIENTED_EDGE('',*,*,#4096,.T.);
#8943 = ORIENTED_EDGE('',*,*,#4120,.T.);
#8944 = ORIENTED_EDGE('',*,*,#4144,.T.);
#8945 = ORIENTED_EDGE('',*,*,#4168,.T.);
#8946 = PLANE('',#8947);
#8947 = AXIS2_PLACEMENT_3D('',#8948,#8949,#8950);
#8948 = CARTESIAN_POINT('',(-1.955678984063,19.823626011969,4.8));
#8949 = DIRECTION('',(0.,0.,1.));
#8950 = DIRECTION('',(1.,0.,0.));
#8951 = ADVANCED_FACE('',(#8952),#8987,.T.);
#8952 = FACE_BOUND('',#8953,.T.);
#8953 = EDGE_LOOP('',(#8954,#8955,#8956,#8957,#8958,#8959,#8960,#8961,
    #8962,#8963,#8964,#8965,#8966,#8967,#8968,#8969,#8970,#8971,#8972,
    #8973,#8974,#8975,#8976,#8977,#8978,#8979,#8980,#8981,#8982,#8983,
    #8984,#8985,#8986));
#8954 = ORIENTED_EDGE('',*,*,#4192,.T.);
#8955 = ORIENTED_EDGE('',*,*,#4216,.T.);
#8956 = ORIENTED_EDGE('',*,*,#4240,.T.);
#8957 = ORIENTED_EDGE('',*,*,#4264,.T.);
#8958 = ORIENTED_EDGE('',*,*,#4288,.T.);
#8959 = ORIENTED_EDGE('',*,*,#4312,.T.);
#8960 = ORIENTED_EDGE('',*,*,#4336,.T.);
#8961 = ORIENTED_EDGE('',*,*,#4360,.T.);
#8962 = ORIENTED_EDGE('',*,*,#4384,.T.);
#8963 = ORIENTED_EDGE('',*,*,#4408,.T.);
#8964 = ORIENTED_EDGE('',*,*,#4432,.T.);
#8965 = ORIENTED_EDGE('',*,*,#4456,.T.);
#8966 = ORIENTED_EDGE('',*,*,#4480,.T.);
#8967 = ORIENTED_EDGE('',*,*,#4504,.T.);
#8968 = ORIENTED_EDGE('',*,*,#4528,.T.);
#8969 = ORIENTED_EDGE('',*,*,#4552,.T.);
#8970 = ORIENTED_EDGE('',*,*,#4576,.T.);
#8971 = ORIENTED_EDGE('',*,*,#4600,.T.);
#8972 = ORIENTED_EDGE('',*,*,#4624,.T.);
#8973 = ORIENTED_EDGE('',*,*,#4648,.T.);
#8974 = ORIENTED_EDGE('',*,*,#4672,.T.);
#8975 = ORIENTED_EDGE('',*,*,#4696,.T.);
#8976 = ORIENTED_EDGE('',*,*,#4720,.T.);
#8977 = ORIENTED_EDGE('',*,*,#4744,.T.);
#8978 = ORIENTED_EDGE('',*,*,#4768,.T.);
#8979 = ORIENTED_EDGE('',*,*,#4792,.T.);
#8980 = ORIENTED_EDGE('',*,*,#4816,.T.);
#8981 = ORIENTED_EDGE('',*,*,#4840,.T.);
#8982 = ORIENTED_EDGE('',*,*,#4864,.T.);
#8983 = ORIENTED_EDGE('',*,*,#4888,.T.);
#8984 = ORIENTED_EDGE('',*,*,#4912,.T.);
#8985 = ORIENTED_EDGE('',*,*,#4936,.T.);
#8986 = ORIENTED_EDGE('',*,*,#4960,.T.);
#8987 = PLANE('',#8988);
#8988 = AXIS2_PLACEMENT_3D('',#8989,#8990,#8991);
#8989 = CARTESIAN_POINT('',(-1.955678984063,19.823626011969,4.8));
#8990 = DIRECTION('',(0.,0.,1.));
#8991 = DIRECTION('',(1.,0.,0.));
#8992 = ADVANCED_FACE('',(#8993),#9039,.T.);
#8993 = FACE_BOUND('',#8994,.T.);
#8994 = EDGE_LOOP('',(#8995,#8996,#8997,#8998,#8999,#9000,#9001,#9002,
    #9003,#9004,#9005,#9006,#9007,#9008,#9009,#9010,#9011,#9012,#9013,
    #9014,#9015,#9016,#9017,#9018,#9019,#9020,#9021,#9022,#9023,#9024,
    #9025,#9026,#9027,#9028,#9029,#9030,#9031,#9032,#9033,#9034,#9035,
    #9036,#9037,#9038));
#8995 = ORIENTED_EDGE('',*,*,#4984,.T.);
#8996 = ORIENTED_EDGE('',*,*,#5008,.T.);
#8997 = ORIENTED_EDGE('',*,*,#5032,.T.);
#8998 = ORIENTED_EDGE('',*,*,#5056,.T.);
#8999 = ORIENTED_EDGE('',*,*,#5080,.T.);
#9000 = ORIENTED_EDGE('',*,*,#5104,.T.);
#9001 = ORIENTED_EDGE('',*,*,#5128,.T.);
#9002 = ORIENTED_EDGE('',*,*,#5152,.T.);
#9003 = ORIENTED_EDGE('',*,*,#5176,.T.);
#9004 = ORIENTED_EDGE('',*,*,#5200,.T.);
#9005 = ORIENTED_EDGE('',*,*,#5224,.T.);
#9006 = ORIENTED_EDGE('',*,*,#5248,.T.);
#9007 = ORIENTED_EDGE('',*,*,#5272,.T.);
#9008 = ORIENTED_EDGE('',*,*,#5296,.T.);
#9009 = ORIENTED_EDGE('',*,*,#5320,.T.);
#9010 = ORIENTED_EDGE('',*,*,#5344,.T.);
#9011 = ORIENTED_EDGE('',*,*,#5368,.T.);
#9012 = ORIENTED_EDGE('',*,*,#5392,.T.);
#9013 = ORIENTED_EDGE('',*,*,#5416,.T.);
#9014 = ORIENTED_EDGE('',*,*,#5440,.T.);
#9015 = ORIENTED_EDGE('',*,*,#5464,.T.);
#9016 = ORIENTED_EDGE('',*,*,#5488,.T.);
#9017 = ORIENTED_EDGE('',*,*,#5512,.T.);
#9018 = ORIENTED_EDGE('',*,*,#5536,.T.);
#9019 = ORIENTED_EDGE('',*,*,#5560,.T.);
#9020 = ORIENTED_EDGE('',*,*,#5584,.T.);
#9021 = ORIENTED_EDGE('',*,*,#5608,.T.);
#9022 = ORIENTED_EDGE('',*,*,#5632,.T.);
#9023 = ORIENTED_EDGE('',*,*,#5656,.T.);
#9024 = ORIENTED_EDGE('',*,*,#5680,.T.);
#9025 = ORIENTED_EDGE('',*,*,#5704,.T.);
#9026 = ORIENTED_EDGE('',*,*,#5728,.T.);
#9027 = ORIENTED_EDGE('',*,*,#5752,.T.);
#9028 = ORIENTED_EDGE('',*,*,#5776,.T.);
#9029 = ORIENTED_EDGE('',*,*,#5800,.T.);
#9030 = ORIENTED_EDGE('',*,*,#5824,.T.);
#9031 = ORIENTED_EDGE('',*,*,#5848,.T.);
#9032 = ORIENTED_EDGE('',*,*,#5872,.T.);
#9033 = ORIENTED_EDGE('',*,*,#5896,.T.);
#9034 = ORIENTED_EDGE('',*,*,#5920,.T.);
#9035 = ORIENTED_EDGE('',*,*,#5944,.T.);
#9036 = ORIENTED_EDGE('',*,*,#5968,.T.);
#9037 = ORIENTED_EDGE('',*,*,#5992,.T.);
#9038 = ORIENTED_EDGE('',*,*,#6016,.T.);
#9039 = PLANE('',#9040);
#9040 = AXIS2_PLACEMENT_3D('',#9041,#9042,#9043);
#9041 = CARTESIAN_POINT('',(-1.955678984063,19.823626011969,4.8));
#9042 = DIRECTION('',(0.,0.,1.));
#9043 = DIRECTION('',(1.,0.,0.));
#9044 = ADVANCED_FACE('',(#9045),#9082,.T.);
#9045 = FACE_BOUND('',#9046,.T.);
#9046 = EDGE_LOOP('',(#9047,#9048,#9049,#9050,#9051,#9052,#9053,#9054,
    #9055,#9056,#9057,#9058,#9059,#9060,#9061,#9062,#9063,#9064,#9065,
    #9066,#9067,#9068,#9069,#9070,#9071,#9072,#9073,#9074,#9075,#9076,
    #9077,#9078,#9079,#9080,#9081));
#9047 = ORIENTED_EDGE('',*,*,#6218,.T.);
#9048 = ORIENTED_EDGE('',*,*,#6242,.T.);
#9049 = ORIENTED_EDGE('',*,*,#6266,.T.);
#9050 = ORIENTED_EDGE('',*,*,#6290,.T.);
#9051 = ORIENTED_EDGE('',*,*,#6314,.T.);
#9052 = ORIENTED_EDGE('',*,*,#6338,.T.);
#9053 = ORIENTED_EDGE('',*,*,#6362,.T.);
#9054 = ORIENTED_EDGE('',*,*,#6386,.T.);
#9055 = ORIENTED_EDGE('',*,*,#6410,.T.);
#9056 = ORIENTED_EDGE('',*,*,#6434,.T.);
#9057 = ORIENTED_EDGE('',*,*,#6458,.T.);
#9058 = ORIENTED_EDGE('',*,*,#6482,.T.);
#9059 = ORIENTED_EDGE('',*,*,#6506,.T.);
#9060 = ORIENTED_EDGE('',*,*,#6530,.T.);
#9061 = ORIENTED_EDGE('',*,*,#6554,.T.);
#9062 = ORIENTED_EDGE('',*,*,#6578,.T.);
#9063 = ORIENTED_EDGE('',*,*,#6602,.T.);
#9064 = ORIENTED_EDGE('',*,*,#6626,.T.);
#9065 = ORIENTED_EDGE('',*,*,#6650,.T.);
#9066 = ORIENTED_EDGE('',*,*,#6674,.T.);
#9067 = ORIENTED_EDGE('',*,*,#6698,.T.);
#9068 = ORIENTED_EDGE('',*,*,#6722,.T.);
#9069 = ORIENTED_EDGE('',*,*,#6746,.T.);
#9070 = ORIENTED_EDGE('',*,*,#6770,.T.);
#9071 = ORIENTED_EDGE('',*,*,#6794,.T.);
#9072 = ORIENTED_EDGE('',*,*,#6818,.T.);
#9073 = ORIENTED_EDGE('',*,*,#6842,.T.);
#9074 = ORIENTED_EDGE('',*,*,#6866,.T.);
#9075 = ORIENTED_EDGE('',*,*,#6890,.T.);
#9076 = ORIENTED_EDGE('',*,*,#6914,.T.);
#9077 = ORIENTED_EDGE('',*,*,#6938,.T.);
#9078 = ORIENTED_EDGE('',*,*,#6962,.T.);
#9079 = ORIENTED_EDGE('',*,*,#6986,.T.);
#9080 = ORIENTED_EDGE('',*,*,#7010,.T.);
#9081 = ORIENTED_EDGE('',*,*,#7034,.T.);
#9082 = PLANE('',#9083);
#9083 = AXIS2_PLACEMENT_3D('',#9084,#9085,#9086);
#9084 = CARTESIAN_POINT('',(-1.955678984063,19.823626011969,4.8));
#9085 = DIRECTION('',(0.,0.,1.));
#9086 = DIRECTION('',(1.,0.,0.));
#9087 = ADVANCED_FACE('',(#9088),#9146,.T.);
#9088 = FACE_BOUND('',#9089,.T.);
#9089 = EDGE_LOOP('',(#9090,#9091,#9092,#9093,#9094,#9095,#9096,#9097,
    #9098,#9099,#9100,#9101,#9102,#9103,#9104,#9105,#9106,#9107,#9108,
    #9109,#9110,#9111,#9112,#9113,#9114,#9115,#9116,#9117,#9118,#9119,
    #9120,#9121,#9122,#9123,#9124,#9125,#9126,#9127,#9128,#9129,#9130,
    #9131,#9132,#9133,#9134,#9135,#9136,#9137,#9138,#9139,#9140,#9141,
    #9142,#9143,#9144,#9145));
#9090 = ORIENTED_EDGE('',*,*,#7058,.T.);
#9091 = ORIENTED_EDGE('',*,*,#7082,.T.);
#9092 = ORIENTED_EDGE('',*,*,#7106,.T.);
#9093 = ORIENTED_EDGE('',*,*,#7130,.T.);
#9094 = ORIENTED_EDGE('',*,*,#7154,.T.);
#9095 = ORIENTED_EDGE('',*,*,#7178,.T.);
#9096 = ORIENTED_EDGE('',*,*,#7202,.T.);
#9097 = ORIENTED_EDGE('',*,*,#7226,.T.);
#9098 = ORIENTED_EDGE('',*,*,#7250,.T.);
#9099 = ORIENTED_EDGE('',*,*,#7274,.T.);
#9100 = ORIENTED_EDGE('',*,*,#7298,.T.);
#9101 = ORIENTED_EDGE('',*,*,#7322,.T.);
#9102 = ORIENTED_EDGE('',*,*,#7346,.T.);
#9103 = ORIENTED_EDGE('',*,*,#7370,.T.);
#9104 = ORIENTED_EDGE('',*,*,#7394,.T.);
#9105 = ORIENTED_EDGE('',*,*,#7418,.T.);
#9106 = ORIENTED_EDGE('',*,*,#7442,.T.);
#9107 = ORIENTED_EDGE('',*,*,#7466,.T.);
#9108 = ORIENTED_EDGE('',*,*,#7490,.T.);
#9109 = ORIENTED_EDGE('',*,*,#7514,.T.);
#9110 = ORIENTED_EDGE('',*,*,#7538,.T.);
#9111 = ORIENTED_EDGE('',*,*,#7562,.T.);
#9112 = ORIENTED_EDGE('',*,*,#7586,.T.);
#9113 = ORIENTED_EDGE('',*,*,#7610,.T.);
#9114 = ORIENTED_EDGE('',*,*,#7634,.T.);
#9115 = ORIENTED_EDGE('',*,*,#7658,.T.);
#9116 = ORIENTED_EDGE('',*,*,#7682,.T.);
#9117 = ORIENTED_EDGE('',*,*,#7706,.T.);
#9118 = ORIENTED_EDGE('',*,*,#7730,.T.);
#9119 = ORIENTED_EDGE('',*,*,#7754,.T.);
#9120 = ORIENTED_EDGE('',*,*,#7778,.T.);
#9121 = ORIENTED_EDGE('',*,*,#7802,.T.);
#9122 = ORIENTED_EDGE('',*,*,#7826,.T.);
#9123 = ORIENTED_EDGE('',*,*,#7850,.T.);
#9124 = ORIENTED_EDGE('',*,*,#7874,.T.);
#9125 = ORIENTED_EDGE('',*,*,#7898,.T.);
#9126 = ORIENTED_EDGE('',*,*,#7922,.T.);
#9127 = ORIENTED_EDGE('',*,*,#7946,.T.);
#9128 = ORIENTED_EDGE('',*,*,#7970,.T.);
#9129 = ORIENTED_EDGE('',*,*,#7994,.T.);
#9130 = ORIENTED_EDGE('',*,*,#8018,.T.);
#9131 = ORIENTED_EDGE('',*,*,#8042,.T.);
#9132 = ORIENTED_EDGE('',*,*,#8066,.T.);
#9133 = ORIENTED_EDGE('',*,*,#8090,.T.);
#9134 = ORIENTED_EDGE('',*,*,#8114,.T.);
#9135 = ORIENTED_EDGE('',*,*,#8138,.T.);
#9136 = ORIENTED_EDGE('',*,*,#8162,.T.);
#9137 = ORIENTED_EDGE('',*,*,#8186,.T.);
#9138 = ORIENTED_EDGE('',*,*,#8210,.T.);
#9139 = ORIENTED_EDGE('',*,*,#8234,.T.);
#9140 = ORIENTED_EDGE('',*,*,#8258,.T.);
#9141 = ORIENTED_EDGE('',*,*,#8282,.T.);
#9142 = ORIENTED_EDGE('',*,*,#8306,.T.);
#9143 = ORIENTED_EDGE('',*,*,#8330,.T.);
#9144 = ORIENTED_EDGE('',*,*,#8354,.T.);
#9145 = ORIENTED_EDGE('',*,*,#8378,.T.);
#9146 = PLANE('',#9147);
#9147 = AXIS2_PLACEMENT_3D('',#9148,#9149,#9150);
#9148 = CARTESIAN_POINT('',(-1.955678984063,19.823626011969,4.8));
#9149 = DIRECTION('',(0.,0.,1.));
#9150 = DIRECTION('',(1.,0.,0.));
#9151 = ADVANCED_FACE('',(#9152),#9161,.T.);
#9152 = FACE_BOUND('',#9153,.T.);
#9153 = EDGE_LOOP('',(#9154,#9155,#9156,#9157,#9158,#9159,#9160));
#9154 = ORIENTED_EDGE('',*,*,#8402,.T.);
#9155 = ORIENTED_EDGE('',*,*,#8426,.T.);
#9156 = ORIENTED_EDGE('',*,*,#8450,.T.);
#9157 = ORIENTED_EDGE('',*,*,#8474,.T.);
#9158 = ORIENTED_EDGE('',*,*,#8498,.T.);
#9159 = ORIENTED_EDGE('',*,*,#8522,.T.);
#9160 = ORIENTED_EDGE('',*,*,#8546,.T.);
#9161 = PLANE('',#9162);
#9162 = AXIS2_PLACEMENT_3D('',#9163,#9164,#9165);
#9163 = CARTESIAN_POINT('',(-1.955678984063,19.823626011969,4.8));
#9164 = DIRECTION('',(0.,0.,1.));
#9165 = DIRECTION('',(1.,0.,0.));
#9166 = ADVANCED_FACE('',(#9167),#9179,.T.);
#9167 = FACE_BOUND('',#9168,.T.);
#9168 = EDGE_LOOP('',(#9169,#9170,#9171,#9172,#9173,#9174,#9175,#9176,
    #9177,#9178));
#9169 = ORIENTED_EDGE('',*,*,#8570,.T.);
#9170 = ORIENTED_EDGE('',*,*,#8594,.T.);
#9171 = ORIENTED_EDGE('',*,*,#8618,.T.);
#9172 = ORIENTED_EDGE('',*,*,#8642,.T.);
#9173 = ORIENTED_EDGE('',*,*,#8666,.T.);
#9174 = ORIENTED_EDGE('',*,*,#8690,.T.);
#9175 = ORIENTED_EDGE('',*,*,#8714,.T.);
#9176 = ORIENTED_EDGE('',*,*,#8738,.T.);
#9177 = ORIENTED_EDGE('',*,*,#8762,.T.);
#9178 = ORIENTED_EDGE('',*,*,#8786,.T.);
#9179 = PLANE('',#9180);
#9180 = AXIS2_PLACEMENT_3D('',#9181,#9182,#9183);
#9181 = CARTESIAN_POINT('',(-1.955678984063,19.823626011969,4.8));
#9182 = DIRECTION('',(0.,0.,1.));
#9183 = DIRECTION('',(1.,0.,0.));
#9184 = ( GEOMETRIC_REPRESENTATION_CONTEXT(3) 
GLOBAL_UNCERTAINTY_ASSIGNED_CONTEXT((#9188)) 
GLOBAL_UNIT_ASSIGNED_CONTEXT((#9185,#9186,#9187)) REPRESENTATION_CONTEXT
('Context #1','3D Context with UNIT and UNCERTAINTY') );
#9185 = ( LENGTH_UNIT() NAMED_UNIT(*) SI_UNIT(.MILLI.,.METRE.) );
#9186 = ( NAMED_UNIT(*) PLANE_ANGLE_UNIT() SI_UNIT($,.RADIAN.) );
#9187 = ( NAMED_UNIT(*) SI_UNIT($,.STERADIAN.) SOLID_ANGLE_UNIT() );
#9188 = UNCERTAINTY_MEASURE_WITH_UNIT(LENGTH_MEASURE(2.E-06),#9185,
  'distance_accuracy_value','confusion accuracy');
#9189 = PRODUCT_RELATED_PRODUCT_CATEGORY('part',$,(#7));
#9190 = MECHANICAL_DESIGN_GEOMETRIC_PRESENTATION_REPRESENTATION('',(
    #9191),#9184);
#9191 = STYLED_ITEM('color',(#9192),#15);
#9192 = PRESENTATION_STYLE_ASSIGNMENT((#9193,#9199));
#9193 = SURFACE_STYLE_USAGE(.BOTH.,#9194);
#9194 = SURFACE_SIDE_STYLE('',(#9195));
#9195 = SURFACE_STYLE_FILL_AREA(#9196);
#9196 = FILL_AREA_STYLE('',(#9197));
#9197 = FILL_AREA_STYLE_COLOUR('',#9198);
#9198 = COLOUR_RGB('',0.678431390124,0.709803936702,0.741176476869);
#9199 = CURVE_STYLE('',#9200,POSITIVE_LENGTH_MEASURE(0.1),#9201);
#9200 = DRAUGHTING_PRE_DEFINED_CURVE_FONT('continuous');
#9201 = COLOUR_RGB('',9.803921802644E-02,9.803921802644E-02,
  9.803921802644E-02);
ENDSEC;
END-ISO-10303-21;
